id_client,recence,frequence,montant_total,cluster,segment,PC1,PC2,objectif_marketing,action_recommandee,indicateur_suivi,date_reference
12346,326,1,77183.6,1,Acheteurs réguliers,0.8644178199088205,2.7027898886605835,Entretenir la relation et développer les achats,Tester des recommandations adaptées à l'historique d'achat,Nombre de commandes par client sur 90 jours,2011-12-10
12347,3,7,4310.0,3,Champions,2.4763935305851636,-0.6766028034649734,Maintenir une relation durable,Tester des avantages de fidélité et un accès anticipé,Taux de réachat à 90 jours,2011-12-10
12348,76,4,1797.24,1,Acheteurs réguliers,0.47749687747525577,0.7472223825077937,Entretenir la relation et développer les achats,Tester des recommandations adaptées à l'historique d'achat,Nombre de commandes par client sur 90 jours,2011-12-10
12349,19,1,1757.55,0,Occasionnels récents,0.16654354096205262,-0.48912426082416555,Encourager un achat supplémentaire,Tester une relance après achat avec des produits complémentaires,Taux de nouvel achat à 60 jours,2011-12-10
12350,311,1,334.4,2,Occasionnels en sommeil,-1.6958931535640847,0.6939159289657273,Réactiver les clients,Tester une campagne de retour avec une offre ciblée,Taux de réactivation à 60 jours,2011-12-10
12352,37,8,2506.04,1,Acheteurs réguliers,1.443496017454061,0.6348255707413807,Entretenir la relation et développer les achats,Tester des recommandations adaptées à l'historique d'achat,Nombre de commandes par client sur 90 jours,2011-12-10
12353,205,1,89.0,2,Occasionnels en sommeil,-2.156929770804822,-0.05445196289899724,Réactiver les clients,Tester une campagne de retour avec une offre ciblée,Taux de réactivation à 60 jours,2011-12-10
12354,233,1,1079.4,2,Occasionnels en sommeil,-1.0284936168079377,0.9324307953159852,Réactiver les clients,Tester une campagne de retour avec une offre ciblée,Taux de réactivation à 60 jours,2011-12-10
12355,215,1,459.4,2,Occasionnels en sommeil,-1.4015642817103096,0.5701188734351887,Réactiver les clients,Tester une campagne de retour avec une offre ciblée,Taux de réactivation à 60 jours,2011-12-10
12356,23,3,2811.43,1,Acheteurs réguliers,0.9446525095601056,0.06644370321143381,Entretenir la relation et développer les achats,Tester des recommandations adaptées à l'historique d'achat,Nombre de commandes par client sur 90 jours,2011-12-10
12357,34,1,6207.67,1,Acheteurs réguliers,0.5453157768088571,0.33349937188317663,Entretenir la relation et développer les achats,Tester des recommandations adaptées à l'historique d'achat,Nombre de commandes par client sur 90 jours,2011-12-10
12358,2,2,1168.06,0,Occasionnels récents,1.0832733789545328,-1.715048416610791,Encourager un achat supplémentaire,Tester une relance après achat avec des produits complémentaires,Taux de nouvel achat à 60 jours,2011-12-10
12359,58,4,6310.03,1,Acheteurs réguliers,1.1771506414340027,1.0308409074701292,Entretenir la relation et développer les achats,Tester des recommandations adaptées à l'historique d'achat,Nombre de commandes par client sur 90 jours,2011-12-10
12360,53,3,2662.06,1,Acheteurs réguliers,0.6009273712328721,0.5737069730757642,Entretenir la relation et développer les achats,Tester des recommandations adaptées à l'historique d'achat,Nombre de commandes par client sur 90 jours,2011-12-10
12361,288,1,189.9,2,Occasionnels en sommeil,-1.9330960185756645,0.43913507256933004,Réactiver les clients,Tester une campagne de retour avec une offre ciblée,Taux de réactivation à 60 jours,2011-12-10
12362,4,10,5226.23,3,Champions,2.7683364690043826,-0.3391323493236995,Maintenir une relation durable,Tester des avantages de fidélité et un accès anticipé,Taux de réachat à 90 jours,2011-12-10
12363,110,2,552.0,2,Occasionnels en sommeil,-0.6869955775509698,0.35978401951977235,Réactiver les clients,Tester une campagne de retour avec une offre ciblée,Taux de réactivation à 60 jours,2011-12-10
12364,8,4,1313.1,1,Acheteurs réguliers,1.170143841048623,-0.7621771595486604,Entretenir la relation et développer les achats,Tester des recommandations adaptées à l'historique d'achat,Nombre de commandes par client sur 90 jours,2011-12-10
12365,292,2,641.38,2,Occasionnels en sommeil,-0.9964074534573472,1.0452127504131645,Réactiver les clients,Tester une campagne de retour avec une offre ciblée,Taux de réactivation à 60 jours,2011-12-10
12367,5,1,168.9,0,Occasionnels récents,-0.46965173626479106,-2.1218390873357427,Encourager un achat supplémentaire,Tester une relance après achat avec des produits complémentaires,Taux de nouvel achat à 60 jours,2011-12-10
12370,52,4,3541.94,1,Acheteurs réguliers,0.9454406894766282,0.7511166072153127,Entretenir la relation et développer les achats,Tester des recommandations adaptées à l'historique d'achat,Nombre de commandes par client sur 90 jours,2011-12-10
12371,45,2,1887.96,1,Acheteurs réguliers,0.24072920219439373,0.23404558546922685,Entretenir la relation et développer les achats,Tester des recommandations adaptées à l'historique d'achat,Nombre de commandes par client sur 90 jours,2011-12-10
12372,72,3,1298.04,1,Acheteurs réguliers,0.14239483239353135,0.5085451823277148,Entretenir la relation et développer les achats,Tester des recommandations adaptées à l'historique d'achat,Nombre de commandes par client sur 90 jours,2011-12-10
12373,312,1,364.6,2,Occasionnels en sommeil,-1.6562682783276694,0.7273578163879988,Réactiver les clients,Tester une campagne de retour avec une offre ciblée,Taux de réactivation à 60 jours,2011-12-10
12374,26,1,742.9300000000001,0,Occasionnels récents,-0.35899296006940284,-0.6069937043795388,Encourager un achat supplémentaire,Tester une relance après achat avec des produits complémentaires,Taux de nouvel achat à 60 jours,2011-12-10
12375,11,2,457.5,0,Occasionnels récents,0.09610603622763829,-1.1544165151026393,Encourager un achat supplémentaire,Tester une relance après achat avec des produits complémentaires,Taux de nouvel achat à 60 jours,2011-12-10
12377,316,2,1628.12,2,Occasionnels en sommeil,-0.5860165334749198,1.4349073929150926,Réactiver les clients,Tester une campagne de retour avec une offre ciblée,Taux de réactivation à 60 jours,2011-12-10
12378,130,1,4008.62,1,Acheteurs réguliers,-0.17932914932888458,1.0323640517661838,Entretenir la relation et développer les achats,Tester des recommandations adaptées à l'historique d'achat,Nombre de commandes par client sur 90 jours,2011-12-10
12379,82,2,852.24,1,Acheteurs réguliers,-0.3674280220345264,0.32858823893610983,Entretenir la relation et développer les achats,Tester des recommandations adaptées à l'historique d'achat,Nombre de commandes par client sur 90 jours,2011-12-10
12380,22,4,2724.81,1,Acheteurs réguliers,1.1483276921325896,0.11311330009800279,Entretenir la relation et développer les achats,Tester des recommandations adaptées à l'historique d'achat,Nombre de commandes par client sur 90 jours,2011-12-10
12381,5,5,1845.31,3,Champions,1.6552007308450107,-0.83200998979782,Maintenir une relation durable,Tester des avantages de fidélité et un accès anticipé,Taux de réachat à 90 jours,2011-12-10
12383,185,5,1850.56,1,Acheteurs réguliers,0.31057315076764747,1.4011572046549043,Entretenir la relation et développer les achats,Tester des recommandations adaptées à l'historique d'achat,Nombre de commandes par client sur 90 jours,2011-12-10
12384,29,2,585.27,0,Occasionnels récents,-0.14648503001434302,-0.4693968658268845,Encourager un achat supplémentaire,Tester une relance après achat avec des produits complémentaires,Taux de nouvel achat à 60 jours,2011-12-10
12386,338,2,401.9,2,Occasionnels en sommeil,-1.274751568426784,0.970311884071039,Réactiver les clients,Tester une campagne de retour avec une offre ciblée,Taux de réactivation à 60 jours,2011-12-10
12388,16,6,2780.66,3,Champions,1.5807543501545989,0.053249847372711025,Maintenir une relation durable,Tester des avantages de fidélité et un accès anticipé,Taux de réachat à 90 jours,2011-12-10
12390,80,1,549.84,2,Occasionnels en sommeil,-0.9320839657016614,-0.002192601913006423,Réactiver les clients,Tester une campagne de retour avec une offre ciblée,Taux de réactivation à 60 jours,2011-12-10
12391,22,1,439.66,0,Occasionnels récents,-0.544444257642963,-0.9017093298396168,Encourager un achat supplémentaire,Tester une relance après achat avec des produits complémentaires,Taux de nouvel achat à 60 jours,2011-12-10
12393,73,4,1582.6000000000001,1,Acheteurs réguliers,0.4328055152562737,0.6751541104906104,Entretenir la relation et développer les achats,Tester des recommandations adaptées à l'historique d'achat,Nombre de commandes par client sur 90 jours,2011-12-10
12394,64,2,1272.48,1,Acheteurs réguliers,-0.0817319651839326,0.31536428930162796,Entretenir la relation et développer les achats,Tester des recommandations adaptées à l'historique d'achat,Nombre de commandes par client sur 90 jours,2011-12-10
12395,20,12,3018.63,3,Champions,2.0967535957527725,0.45824712191290967,Maintenir une relation durable,Tester des avantages de fidélité et un accès anticipé,Taux de réachat à 90 jours,2011-12-10
12397,36,2,2409.9,1,Acheteurs réguliers,0.441746996837089,0.1812702606529561,Entretenir la relation et développer les achats,Tester des recommandations adaptées à l'historique d'achat,Nombre de commandes par client sur 90 jours,2011-12-10
12398,46,1,1635.6599999999999,1,Acheteurs réguliers,-0.20240918647145156,0.04012675966180985,Entretenir la relation et développer les achats,Tester des recommandations adaptées à l'historique d'achat,Nombre de commandes par client sur 90 jours,2011-12-10
12399,120,4,1108.65,1,Acheteurs réguliers,0.07143687034253238,0.8654086416607278,Entretenir la relation et développer les achats,Tester des recommandations adaptées à l'historique d'achat,Nombre de commandes par client sur 90 jours,2011-12-10
12401,304,1,84.3,2,Occasionnels en sommeil,-2.3361785221388276,0.18112575891429628,Réactiver les clients,Tester une campagne de retour avec une offre ciblée,Taux de réactivation à 60 jours,2011-12-10
12402,324,1,225.6,2,Occasionnels en sommeil,-1.89782480625783,0.5778071708455456,Réactiver les clients,Tester une campagne de retour avec une offre ciblée,Taux de réactivation à 60 jours,2011-12-10
12403,50,1,427.7,0,Occasionnels récents,-0.8696183679668763,-0.39409330106750756,Encourager un achat supplémentaire,Tester une relance après achat avec des produits complémentaires,Taux de nouvel achat à 60 jours,2011-12-10
12405,149,1,1710.39,2,Occasionnels en sommeil,-0.6361000703943028,0.8106993974360398,Réactiver les clients,Tester une campagne de retour avec une offre ciblée,Taux de réactivation à 60 jours,2011-12-10
12406,23,2,3415.3,1,Acheteurs réguliers,0.776678983674699,0.026694347692311295,Entretenir la relation et développer les achats,Tester des recommandations adaptées à l'historique d'achat,Nombre de commandes par client sur 90 jours,2011-12-10
12407,50,5,1708.1200000000001,1,Acheteurs réguliers,0.7797785259538894,0.5309735881169474,Entretenir la relation et développer les achats,Tester des recommandations adaptées à l'historique d'achat,Nombre de commandes par client sur 90 jours,2011-12-10
12408,33,5,2888.55,1,Acheteurs réguliers,1.1876888580290026,0.4584341690126118,Entretenir la relation et développer les achats,Tester des recommandations adaptées à l'historique d'achat,Nombre de commandes par client sur 90 jours,2011-12-10
12409,79,3,11072.67,1,Acheteurs réguliers,1.1225773577616274,1.34758049984911,Entretenir la relation et développer les achats,Tester des recommandations adaptées à l'historique d'achat,Nombre de commandes par client sur 90 jours,2011-12-10
12410,309,2,693.3299999999999,2,Occasionnels en sommeil,-0.9816404640749624,1.1101618148366559,Réactiver les clients,Tester une campagne de retour avec une offre ciblée,Taux de réactivation à 60 jours,2011-12-10
12412,75,3,1226.88,1,Acheteurs réguliers,0.0998974102574128,0.5142308327394581,Entretenir la relation et développer les achats,Tester des recommandations adaptées à l'historique d'achat,Nombre de commandes par client sur 90 jours,2011-12-10
12413,67,3,758.1,1,Acheteurs réguliers,-0.08452988234998562,0.26699711481777383,Entretenir la relation et développer les achats,Tester des recommandations adaptées à l'historique d'achat,Nombre de commandes par client sur 90 jours,2011-12-10
12414,218,3,562.41,2,Occasionnels en sommeil,-0.6843040083155241,0.9187822514863977,Réactiver les clients,Tester une campagne de retour avec une offre ciblée,Taux de réactivation à 60 jours,2011-12-10
12415,25,21,124914.53,3,Champions,4.253894488954662,2.153249010354124,Maintenir une relation durable,Tester des avantages de fidélité et un accès anticipé,Taux de réachat à 90 jours,2011-12-10
12417,4,9,3649.1,3,Champions,2.5118520020153103,-0.5063783681291406,Maintenir une relation durable,Tester des avantages de fidélité et un accès anticipé,Taux de réachat à 90 jours,2011-12-10
12418,113,1,668.58,2,Occasionnels en sommeil,-0.9734781976972057,0.29095672476611106,Réactiver les clients,Tester une campagne de retour avec une offre ciblée,Taux de réactivation à 60 jours,2011-12-10
12420,64,1,600.39,2,Occasionnels en sommeil,-0.804199419991328,-0.11329778528108918,Réactiver les clients,Tester une campagne de retour avec une offre ciblée,Taux de réactivation à 60 jours,2011-12-10
12421,16,4,807.04,1,Acheteurs réguliers,0.6902877130101652,-0.5256710376296494,Entretenir la relation et développer les achats,Tester des recommandations adaptées à l'historique d'achat,Nombre de commandes par client sur 90 jours,2011-12-10
12422,96,3,803.5600000000001,1,Acheteurs réguliers,-0.1961767401044134,0.5190406134803327,Entretenir la relation et développer les achats,Tester des recommandations adaptées à l'historique d'achat,Nombre de commandes par client sur 90 jours,2011-12-10
12423,1,8,1859.31,3,Champions,2.4561216590282604,-1.3876273302191993,Maintenir une relation durable,Tester des avantages de fidélité et un accès anticipé,Taux de réachat à 90 jours,2011-12-10
12424,163,2,1760.96,1,Acheteurs réguliers,-0.29053632841114785,1.0350401567795784,Entretenir la relation et développer les achats,Tester des recommandations adaptées à l'historique d'achat,Nombre de commandes par client sur 90 jours,2011-12-10
12425,79,1,777.2,2,Occasionnels en sommeil,-0.7633781762534577,0.11542560475379787,Réactiver les clients,Tester une campagne de retour avec une offre ciblée,Taux de réactivation à 60 jours,2011-12-10
12426,195,1,582.73,2,Occasionnels en sommeil,-1.2509446683298922,0.5932968457485274,Réactiver les clients,Tester une campagne de retour avec une offre ciblée,Taux de réactivation à 60 jours,2011-12-10
12427,22,3,825.8,1,Acheteurs réguliers,0.3808624802958834,-0.4065494266392684,Entretenir la relation et développer les achats,Tester des recommandations adaptées à l'historique d'achat,Nombre de commandes par client sur 90 jours,2011-12-10
12428,26,9,7956.46,3,Champions,2.220386554747327,0.8732994180887302,Maintenir une relation durable,Tester des avantages de fidélité et un accès anticipé,Taux de réachat à 90 jours,2011-12-10
12429,10,4,3750.4,3,Champions,1.5888600022659887,-0.2501638186095483,Maintenir une relation durable,Tester des avantages de fidélité et un accès anticipé,Taux de réachat à 90 jours,2011-12-10
12430,44,1,256.4,0,Occasionnels récents,-1.0624350978415666,-0.6610138708399906,Encourager un achat supplémentaire,Tester une relance après achat avec des produits complémentaires,Taux de nouvel achat à 60 jours,2011-12-10
12431,36,15,6419.95,3,Champions,2.4202669422544636,1.1806005927450753,Maintenir une relation durable,Tester des avantages de fidélité et un accès anticipé,Taux de réachat à 90 jours,2011-12-10
12432,43,5,5059.32,1,Acheteurs réguliers,1.3523098743764639,0.8298510091520949,Entretenir la relation et développer les achats,Tester des recommandations adaptées à l'historique d'achat,Nombre de commandes par client sur 90 jours,2011-12-10
12433,1,7,13375.87,3,Champions,3.284982011633483,-0.7152519056175421,Maintenir une relation durable,Tester des avantages de fidélité et un accès anticipé,Taux de réachat à 90 jours,2011-12-10
12434,85,2,806.14,1,Acheteurs réguliers,-0.4076810509952249,0.3314634922863253,Entretenir la relation et développer les achats,Tester des recommandations adaptées à l'historique d'achat,Nombre de commandes par client sur 90 jours,2011-12-10
12435,80,2,7829.89,1,Acheteurs réguliers,0.6932191391857764,1.1191111075012803,Entretenir la relation et développer les achats,Tester des recommandations adaptées à l'historique d'achat,Nombre de commandes par client sur 90 jours,2011-12-10
12436,100,1,509.01,2,Occasionnels en sommeil,-1.055093617331809,0.11323196486379522,Réactiver les clients,Tester une campagne de retour avec une offre ciblée,Taux de réactivation à 60 jours,2011-12-10
12437,2,18,4951.41,3,Champions,3.437282690586867,-0.4808837081574418,Maintenir une relation durable,Tester des avantages de fidélité et un accès anticipé,Taux de réachat à 90 jours,2011-12-10
12438,15,2,2906.85,1,Acheteurs réguliers,0.8591975469132744,-0.2954806354348835,Entretenir la relation et développer les achats,Tester des recommandations adaptées à l'historique d'achat,Nombre de commandes par client sur 90 jours,2011-12-10
12441,367,1,173.55,2,Occasionnels en sommeil,-2.070269275402974,0.5636441969726401,Réactiver les clients,Tester une campagne de retour avec une offre ciblée,Taux de réactivation à 60 jours,2011-12-10
12442,4,1,172.06,0,Occasionnels récents,-0.3894518470331773,-2.233646892083362,Encourager un achat supplémentaire,Tester une relance après achat avec des produits complémentaires,Taux de nouvel achat à 60 jours,2011-12-10
12444,22,5,5005.46,1,Acheteurs réguliers,1.6014966290084152,0.4042984790573407,Entretenir la relation et développer les achats,Tester des recommandations adaptées à l'historique d'achat,Nombre de commandes par client sur 90 jours,2011-12-10
12445,23,1,133.4,0,Occasionnels récents,-1.1241543004084689,-1.30599188050781,Encourager un achat supplémentaire,Tester une relance après achat avec des produits complémentaires,Taux de nouvel achat à 60 jours,2011-12-10
12446,58,1,1002.3100000000001,0,Occasionnels récents,-0.5235618904067247,0.009926385012925,Encourager un achat supplémentaire,Tester une relance après achat avec des produits complémentaires,Taux de nouvel achat à 60 jours,2011-12-10
12447,244,1,476.49,2,Occasionnels en sommeil,-1.433661367920751,0.6652654314830964,Réactiver les clients,Tester une campagne de retour avec une offre ciblée,Taux de réactivation à 60 jours,2011-12-10
12448,45,1,449.45,0,Occasionnels récents,-0.8057091810291248,-0.4431620062030634,Encourager un achat supplémentaire,Tester une relance après achat avec des produits complémentaires,Taux de nouvel achat à 60 jours,2011-12-10
12449,23,4,4067.29,1,Acheteurs réguliers,1.3215221101628993,0.28644748017295335,Entretenir la relation et développer les achats,Tester des recommandations adaptées à l'historique d'achat,Nombre de commandes par client sur 90 jours,2011-12-10
12450,157,2,197.88,2,Occasionnels en sommeil,-1.3102721161247521,0.21728004087063807,Réactiver les clients,Tester une campagne de retour avec une offre ciblée,Taux de réactivation à 60 jours,2011-12-10
12451,11,5,9035.52,3,Champions,2.1365044610055084,0.19622459211396523,Maintenir une relation durable,Tester des avantages de fidélité et un accès anticipé,Taux de réachat à 90 jours,2011-12-10
12452,17,2,430.57,0,Occasionnels récents,-0.09151913160787348,-0.91287770361218,Encourager un achat supplémentaire,Tester une relance après achat avec des produits complémentaires,Taux de nouvel achat à 60 jours,2011-12-10
12453,135,1,707.09,2,Occasionnels en sommeil,-1.0161268433324098,0.4259972065860418,Réactiver les clients,Tester une campagne de retour avec une offre ciblée,Taux de réactivation à 60 jours,2011-12-10
12454,57,1,3528.34,1,Acheteurs réguliers,0.07952472282060334,0.4563532232010839,Entretenir la relation et développer les achats,Tester des recommandations adaptées à l'historique d'achat,Nombre de commandes par client sur 90 jours,2011-12-10
12455,74,6,2466.86,1,Acheteurs réguliers,0.9422292241660667,0.9745061905716116,Entretenir la relation et développer les achats,Tester des recommandations adaptées à l'historique d'achat,Nombre de commandes par client sur 90 jours,2011-12-10
12456,45,3,3181.04,1,Acheteurs réguliers,0.748195194602443,0.5342483435587925,Entretenir la relation et développer les achats,Tester des recommandations adaptées à l'historique d'achat,Nombre de commandes par client sur 90 jours,2011-12-10
12457,67,7,2363.23,1,Acheteurs réguliers,1.0810679008603536,0.9465046148564593,Entretenir la relation et développer les achats,Tester des recommandations adaptées à l'historique d'achat,Nombre de commandes par client sur 90 jours,2011-12-10
12458,72,2,947.4,1,Acheteurs réguliers,-0.26697391084357247,0.28360112612062316,Entretenir la relation et développer les achats,Tester des recommandations adaptées à l'historique d'achat,Nombre de commandes par client sur 90 jours,2011-12-10
12461,95,2,826.88,1,Acheteurs réguliers,-0.4387669798727791,0.41219439977886824,Entretenir la relation et développer les achats,Tester des recommandations adaptées à l'historique d'achat,Nombre de commandes par client sur 90 jours,2011-12-10
12462,19,2,1189.59,0,Occasionnels récents,0.34833741570526144,-0.4752586471174608,Encourager un achat supplémentaire,Tester une relance après achat avec des produits complémentaires,Taux de nouvel achat à 60 jours,2011-12-10
12463,54,4,1344.78,1,Acheteurs réguliers,0.4719548800635476,0.42308128189919314,Entretenir la relation et développer les achats,Tester des recommandations adaptées à l'historique d'achat,Nombre de commandes par client sur 90 jours,2011-12-10
12464,11,8,1212.05,3,Champions,1.5510815451873605,-0.37850672434877497,Maintenir une relation durable,Tester des avantages de fidélité et un accès anticipé,Taux de réachat à 90 jours,2011-12-10
12465,18,2,742.1899999999999,0,Occasionnels récents,0.14499872658805926,-0.680022293455977,Encourager un achat supplémentaire,Tester une relance après achat avec des produits complémentaires,Taux de nouvel achat à 60 jours,2011-12-10
12468,188,2,729.5400000000001,2,Occasionnels en sommeil,-0.7635863466345969,0.807011524421103,Réactiver les clients,Tester une campagne de retour avec une offre ciblée,Taux de réactivation à 60 jours,2011-12-10
12471,3,30,19788.65,3,Champions,4.424135235447827,0.3980673108459765,Maintenir une relation durable,Tester des avantages de fidélité et un accès anticipé,Taux de réachat à 90 jours,2011-12-10
12472,33,7,6572.11,3,Champions,1.8375842639277205,0.8679065840984781,Maintenir une relation durable,Tester des avantages de fidélité et un accès anticipé,Taux de réachat à 90 jours,2011-12-10
12473,30,5,3928.0499999999997,1,Acheteurs réguliers,1.369599386403289,0.5101723847736878,Entretenir la relation et développer les achats,Tester des recommandations adaptées à l'historique d'achat,Nombre de commandes par client sur 90 jours,2011-12-10
12474,18,18,7324.09,3,Champions,2.899395028665842,0.8613131604180262,Maintenir une relation durable,Tester des avantages de fidélité et un accès anticipé,Taux de réachat à 90 jours,2011-12-10
12475,54,1,723.38,0,Occasionnels récents,-0.6504955835421168,-0.1541994692642998,Encourager un achat supplémentaire,Tester une relance après achat avec des produits complémentaires,Taux de nouvel achat à 60 jours,2011-12-10
12476,16,11,6816.42,3,Champions,2.493302280229774,0.5863737579373101,Maintenir une relation durable,Tester des avantages de fidélité et un accès anticipé,Taux de réachat à 90 jours,2011-12-10
12477,23,6,13219.74,3,Champions,2.1846647640371986,0.8444058251596883,Maintenir une relation durable,Tester des avantages de fidélité et un accès anticipé,Taux de réachat à 90 jours,2011-12-10
12478,4,1,680.99,0,Occasionnels récents,0.260783613343868,-1.7347962405156205,Encourager un achat supplémentaire,Tester une relance après achat avec des produits complémentaires,Taux de nouvel achat à 60 jours,2011-12-10
12479,12,1,527.2,0,Occasionnels récents,-0.23489916523040497,-1.2066569238130198,Encourager un achat supplémentaire,Tester une relance après achat avec des produits complémentaires,Taux de nouvel achat à 60 jours,2011-12-10
12480,29,4,3281.63,1,Acheteurs réguliers,1.132317879200735,0.353438931547969,Entretenir la relation et développer les achats,Tester des recommandations adaptées à l'historique d'achat,Nombre de commandes par client sur 90 jours,2011-12-10
12481,23,10,5579.82,3,Champions,2.1845421095430977,0.7042970325579507,Maintenir une relation durable,Tester des avantages de fidélité et un accès anticipé,Taux de réachat à 90 jours,2011-12-10
12483,18,8,2484.98,3,Champions,1.7111797919602725,0.18120269103118003,Maintenir une relation durable,Tester des avantages de fidélité et un accès anticipé,Taux de réachat à 90 jours,2011-12-10
12484,33,6,4527.32,1,Acheteurs réguliers,1.540124543019349,0.6810650411999646,Entretenir la relation et développer les achats,Tester des recommandations adaptées à l'historique d'achat,Nombre de commandes par client sur 90 jours,2011-12-10
12488,10,3,1298.66,0,Occasionnels récents,0.8844240733926473,-0.7214714481703441,Encourager un achat supplémentaire,Tester une relance après achat avec des produits complémentaires,Taux de nouvel achat à 60 jours,2011-12-10
12489,337,1,334.93,2,Occasionnels en sommeil,-1.726517761658231,0.7465190418985214,Réactiver les clients,Tester une campagne de retour avec une offre ciblée,Taux de réactivation à 60 jours,2011-12-10
12490,6,10,5417.93,3,Champions,2.6535312887003895,-0.10731975381232062,Maintenir une relation durable,Tester des avantages de fidélité et un accès anticipé,Taux de réachat à 90 jours,2011-12-10
12491,39,1,460.40000000000003,0,Occasionnels récents,-0.7395403561745655,-0.5252721434627896,Encourager un achat supplémentaire,Tester une relance après achat avec des produits complémentaires,Taux de nouvel achat à 60 jours,2011-12-10
12492,64,2,263.21000000000004,2,Occasionnels en sommeil,-0.8274550001584707,-0.25674296192458457,Réactiver les clients,Tester une campagne de retour avec une offre ciblée,Taux de réactivation à 60 jours,2011-12-10
12493,166,2,433.74,2,Occasionnels en sommeil,-0.9611802551771006,0.5377664286819696,Réactiver les clients,Tester une campagne de retour avec une offre ciblée,Taux de réactivation à 60 jours,2011-12-10
12494,16,7,1246.1000000000001,1,Acheteurs réguliers,1.3211551127455214,-0.18727568096966138,Entretenir la relation et développer les achats,Tester des recommandations adaptées à l'historique d'achat,Nombre de commandes par client sur 90 jours,2011-12-10
12497,82,1,1043.1,2,Occasionnels en sommeil,-0.6384427682890704,0.24627374386408726,Réactiver les clients,Tester une campagne de retour avec une offre ciblée,Taux de réactivation à 60 jours,2011-12-10
12498,22,3,403.70000000000005,0,Occasionnels récents,0.0421232107815077,-0.6664249880410449,Encourager un achat supplémentaire,Tester une relance après achat avec des produits complémentaires,Taux de nouvel achat à 60 jours,2011-12-10
12500,24,11,4257.82,3,Champions,2.1190579339730307,0.6659145395414369,Maintenir une relation durable,Tester des avantages de fidélité et un accès anticipé,Taux de réachat à 90 jours,2011-12-10
12501,337,1,2169.39,2,Occasionnels en sommeil,-0.8418717395399125,1.4252058737188567,Réactiver les clients,Tester une campagne de retour avec une offre ciblée,Taux de réactivation à 60 jours,2011-12-10
12502,96,5,3723.87,1,Acheteurs réguliers,0.8971819414262522,1.2322447368839142,Entretenir la relation et développer les achats,Tester des recommandations adaptées à l'historique d'achat,Nombre de commandes par client sur 90 jours,2011-12-10
12504,19,2,482.04999999999995,0,Occasionnels récents,-0.07938393295510632,-0.8033998920519244,Encourager un achat supplémentaire,Tester une relance après achat avec des produits complémentaires,Taux de nouvel achat à 60 jours,2011-12-10
12506,233,1,73.5,2,Occasionnels en sommeil,-2.296501624980879,-0.04036546021796848,Réactiver les clients,Tester une campagne de retour avec une offre ciblée,Taux de réactivation à 60 jours,2011-12-10
12507,135,3,1304.81,1,Acheteurs réguliers,-0.09901414685315395,0.9148707671148916,Entretenir la relation et développer les achats,Tester des recommandations adaptées à l'historique d'achat,Nombre de commandes par client sur 90 jours,2011-12-10
12508,27,2,397.88,0,Occasionnels récents,-0.3020466006691017,-0.6543339031924497,Encourager un achat supplémentaire,Tester une relance après achat avec des produits complémentaires,Taux de nouvel achat à 60 jours,2011-12-10
12509,285,1,176.5,2,Occasionnels en sommeil,-1.9635140730914702,0.40587820922945067,Réactiver les clients,Tester une campagne de retour avec une offre ciblée,Taux de réactivation à 60 jours,2011-12-10
12510,143,2,982.5699999999999,2,Occasionnels en sommeil,-0.5159862397413548,0.7384349270051906,Réactiver les clients,Tester une campagne de retour avec une offre ciblée,Taux de réactivation à 60 jours,2011-12-10
12512,67,2,132.18,2,Occasionnels en sommeil,-1.1699518367089623,-0.4766045745289392,Réactiver les clients,Tester une campagne de retour avec une offre ciblée,Taux de réactivation à 60 jours,2011-12-10
12513,113,1,612.29,2,Occasionnels en sommeil,-1.0151144321496792,0.25901404561200914,Réactiver les clients,Tester une campagne de retour avec une offre ciblée,Taux de réactivation à 60 jours,2011-12-10
12514,268,1,1017.68,2,Occasionnels en sommeil,-1.1110196741351503,1.0016385550668285,Réactiver les clients,Tester une campagne de retour avec une offre ciblée,Taux de réactivation à 60 jours,2011-12-10
12515,354,1,383.7,2,Occasionnels en sommeil,-1.681475837548332,0.8277279232741637,Réactiver les clients,Tester une campagne de retour avec une offre ciblée,Taux de réactivation à 60 jours,2011-12-10
12516,78,2,1312.06,1,Acheteurs réguliers,-0.1436750078141021,0.4532896552284363,Entretenir la relation et développer les achats,Tester des recommandations adaptées à l'historique d'achat,Nombre de commandes par client sur 90 jours,2011-12-10
12517,29,5,2481.6,1,Acheteurs réguliers,1.1647743770904875,0.3218599933532536,Entretenir la relation et développer les achats,Tester des recommandations adaptées à l'historique d'achat,Nombre de commandes par client sur 90 jours,2011-12-10
12518,1,5,2056.89,3,Champions,2.137250381708119,-1.5066566204055976,Maintenir une relation durable,Tester des avantages de fidélité et un accès anticipé,Taux de réachat à 90 jours,2011-12-10
12519,64,1,330.84,2,Occasionnels en sommeil,-1.0861234062348617,-0.3295855345659582,Réactiver les clients,Tester une campagne de retour avec une offre ciblée,Taux de réactivation à 60 jours,2011-12-10
12520,80,5,2634.26,1,Acheteurs réguliers,0.80375779448211,0.9891934600753763,Entretenir la relation et développer les achats,Tester des recommandations adaptées à l'historique d'achat,Nombre de commandes par client sur 90 jours,2011-12-10
12521,143,1,599.68,2,Occasionnels en sommeil,-1.1165320023160372,0.4033093008580342,Réactiver les clients,Tester une campagne de retour avec une offre ciblée,Taux de réactivation à 60 jours,2011-12-10
12522,40,2,192.72,0,Occasionnels récents,-0.7939779879116706,-0.6691640616900469,Encourager un achat supplémentaire,Tester une relance après achat avec des produits complémentaires,Taux de nouvel achat à 60 jours,2011-12-10
12523,20,11,1789.77,3,Champions,1.7766204843432538,0.23744132630617187,Maintenir une relation durable,Tester des avantages de fidélité et un accès anticipé,Taux de réachat à 90 jours,2011-12-10
12524,10,8,4485.72,3,Champions,2.205364230893021,0.04072583287966872,Maintenir une relation durable,Tester des avantages de fidélité et un accès anticipé,Taux de réachat à 90 jours,2011-12-10
12526,1,3,1316.66,0,Occasionnels récents,1.559133104847351,-1.8245754570221187,Encourager un achat supplémentaire,Tester une relance après achat avec des produits complémentaires,Taux de nouvel achat à 60 jours,2011-12-10
12527,82,3,348.71000000000004,2,Occasionnels en sommeil,-0.5301382933398148,0.11464206761358868,Réactiver les clients,Tester une campagne de retour avec une offre ciblée,Taux de réactivation à 60 jours,2011-12-10
12528,10,6,1933.48,3,Champions,1.5791651741553,-0.36183297494130245,Maintenir une relation durable,Tester des avantages de fidélité et un accès anticipé,Taux de réachat à 90 jours,2011-12-10
12530,60,4,1662.28,1,Acheteurs réguliers,0.5318044035198136,0.5674346431695302,Entretenir la relation et développer les achats,Tester des recommandations adaptées à l'historique d'achat,Nombre de commandes par client sur 90 jours,2011-12-10
12531,15,1,125.22,0,Occasionnels récents,-0.9950032334712088,-1.5923911235041377,Encourager un achat supplémentaire,Tester une relance après achat avec des produits complémentaires,Taux de nouvel achat à 60 jours,2011-12-10
12532,31,1,349.83000000000004,0,Occasionnels récents,-0.7819770436683812,-0.7699749473292714,Encourager un achat supplémentaire,Tester une relance après achat avec des produits complémentaires,Taux de nouvel achat à 60 jours,2011-12-10
12534,131,1,1089.18,2,Occasionnels en sommeil,-0.7998181731808993,0.5635642195068522,Réactiver les clients,Tester une campagne de retour avec une offre ciblée,Taux de réactivation à 60 jours,2011-12-10
12535,92,2,716.35,2,Occasionnels en sommeil,-0.4942703360272698,0.3394290988903341,Réactiver les clients,Tester une campagne de retour avec une offre ciblée,Taux de réactivation à 60 jours,2011-12-10
12536,44,3,12601.830000000002,1,Acheteurs réguliers,1.409426722708241,1.020639322342604,Entretenir la relation et développer les achats,Tester des recommandations adaptées à l'historique d'achat,Nombre de commandes par client sur 90 jours,2011-12-10
12538,30,1,363.95,0,Occasionnels récents,-0.750823725202466,-0.776258579297417,Encourager un achat supplémentaire,Tester une relance après achat avec des produits complémentaires,Taux de nouvel achat à 60 jours,2011-12-10
12539,23,4,5568.35,1,Acheteurs réguliers,1.4704309315148714,0.4006880392967849,Entretenir la relation et développer les achats,Tester des recommandations adaptées à l'historique d'achat,Nombre de commandes par client sur 90 jours,2011-12-10
12540,20,17,13400.24,3,Champions,3.097669699038538,1.125326127320159,Maintenir une relation durable,Tester des avantages de fidélité et un accès anticipé,Taux de réachat à 90 jours,2011-12-10
12541,30,3,981.18,1,Acheteurs réguliers,0.34552004590370095,-0.1498816929625951,Entretenir la relation et développer les achats,Tester des recommandations adaptées à l'historique d'achat,Nombre de commandes par client sur 90 jours,2011-12-10
12544,37,1,372.7,0,Occasionnels récents,-0.8193916993236836,-0.6352981958828974,Encourager un achat supplémentaire,Tester une relance après achat avec des produits complémentaires,Taux de nouvel achat à 60 jours,2011-12-10
12545,76,2,1000.39,1,Acheteurs réguliers,-0.262104761363282,0.3380535126448911,Entretenir la relation et développer les achats,Tester des recommandations adaptées à l'historique d'achat,Nombre de commandes par client sur 90 jours,2011-12-10
12546,47,2,1161.5,1,Acheteurs réguliers,-0.0061291402584065045,0.08512174359883161,Entretenir la relation et développer les achats,Tester des recommandations adaptées à l'historique d'achat,Nombre de commandes par client sur 90 jours,2011-12-10
12547,198,2,207.79999999999998,2,Occasionnels en sommeil,-1.3776210780763205,0.38495032369593807,Réactiver les clients,Tester une campagne de retour avec une offre ciblée,Taux de réactivation à 60 jours,2011-12-10
12548,167,1,95.19999999999999,2,Occasionnels en sommeil,-2.0454174545859534,-0.1627639036305944,Réactiver les clients,Tester une campagne de retour avec une offre ciblée,Taux de réactivation à 60 jours,2011-12-10
12550,80,1,964.83,2,Occasionnels en sommeil,-0.6658292747840955,0.20207390482314996,Réactiver les clients,Tester une campagne de retour avec une offre ciblée,Taux de réactivation à 60 jours,2011-12-10
12551,358,1,168.0,2,Occasionnels en sommeil,-2.075885130170765,0.5357955615267388,Réactiver les clients,Tester une campagne de retour avec une offre ciblée,Taux de réactivation à 60 jours,2011-12-10
12552,39,2,437.82,0,Occasionnels récents,-0.3966003763665704,-0.38777771464569605,Encourager un achat supplémentaire,Tester une relance après achat avec des produits complémentaires,Taux de nouvel achat à 60 jours,2011-12-10
12553,9,10,3692.28,3,Champions,2.3319497177945396,-0.014935800501735097,Maintenir une relation durable,Tester des avantages de fidélité et un accès anticipé,Taux de réachat à 90 jours,2011-12-10
12556,51,2,599.56,0,Occasionnels récents,-0.35066082799043824,-0.10309983044912484,Encourager un achat supplémentaire,Tester une relance après achat avec des produits complémentaires,Taux de nouvel achat à 60 jours,2011-12-10
12557,17,5,11990.960000000001,3,Champions,2.111745733450051,0.5627120334516993,Maintenir une relation durable,Tester des avantages de fidélité et un accès anticipé,Taux de réachat à 90 jours,2011-12-10
12558,8,1,269.96,0,Occasionnels récents,-0.4072625875002839,-1.688493134683121,Encourager un achat supplémentaire,Tester une relance après achat avec des produits complémentaires,Taux de nouvel achat à 60 jours,2011-12-10
12559,311,2,561.71,2,Occasionnels en sommeil,-1.0838189165256813,1.0378860235374057,Réactiver les clients,Tester une campagne de retour avec une offre ciblée,Taux de réactivation à 60 jours,2011-12-10
12560,6,3,2134.01,1,Acheteurs réguliers,1.296934806963466,-0.8347088091428208,Entretenir la relation et développer les achats,Tester des recommandations adaptées à l'historique d'achat,Nombre de commandes par client sur 90 jours,2011-12-10
12561,303,1,238.85,2,Occasionnels en sommeil,-1.844698506489138,0.5550594520947005,Réactiver les clients,Tester une campagne de retour avec une offre ciblée,Taux de réactivation à 60 jours,2011-12-10
12562,9,7,3781.7400000000002,3,Champions,2.0552661098275586,-0.1285535014031406,Maintenir une relation durable,Tester des avantages de fidélité et un accès anticipé,Taux de réachat à 90 jours,2011-12-10
12564,262,1,456.9,2,Occasionnels en sommeil,-1.4813126479532932,0.6961098572007596,Réactiver les clients,Tester une campagne de retour avec une offre ciblée,Taux de réactivation à 60 jours,2011-12-10
12565,289,1,145.92,2,Occasionnels en sommeil,-2.05861103398224,0.3461258763967486,Réactiver les clients,Tester une campagne de retour avec une offre ciblée,Taux de réactivation à 60 jours,2011-12-10
12566,87,1,351.65,2,Occasionnels en sommeil,-1.1760273081791526,-0.11053960340542406,Réactiver les clients,Tester une campagne de retour avec une offre ciblée,Taux de réactivation à 60 jours,2011-12-10
12567,23,10,9401.28,3,Champions,2.4318655153151876,0.8940397482902155,Maintenir une relation durable,Tester des avantages de fidélité et un accès anticipé,Taux de réachat à 90 jours,2011-12-10
12569,3,32,4124.69,3,Champions,3.7372541502117467,-0.14826468311697472,Maintenir une relation durable,Tester des avantages de fidélité et un accès anticipé,Taux de réachat à 90 jours,2011-12-10
12571,40,2,519.61,0,Occasionnels récents,-0.3252412793065126,-0.3095564629813985,Encourager un achat supplémentaire,Tester une relance après achat avec des produits complémentaires,Taux de nouvel achat à 60 jours,2011-12-10
12572,9,2,1020.42,0,Occasionnels récents,0.5473553929298326,-0.9815608711601004,Encourager un achat supplémentaire,Tester une relance après achat avec des produits complémentaires,Taux de nouvel achat à 60 jours,2011-12-10
12573,228,1,160.54000000000002,2,Occasionnels en sommeil,-1.9210671459052222,0.22712749194399337,Réactiver les clients,Tester une campagne de retour avec une offre ciblée,Taux de réactivation à 60 jours,2011-12-10
12574,316,1,218.45,2,Occasionnels en sommeil,-1.9032580125320127,0.549943828160672,Réactiver les clients,Tester une campagne de retour avec une offre ciblée,Taux de réactivation à 60 jours,2011-12-10
12576,36,5,1315.83,1,Acheteurs réguliers,0.7819257268292183,0.22752894913717928,Entretenir la relation et développer les achats,Tester des recommandations adaptées à l'historique d'achat,Nombre de commandes par client sur 90 jours,2011-12-10
12577,36,3,626.6,1,Acheteurs réguliers,0.063813489846445,-0.197791869266934,Entretenir la relation et développer les achats,Tester des recommandations adaptées à l'historique d'achat,Nombre de commandes par client sur 90 jours,2011-12-10
12578,22,2,2794.51,1,Acheteurs réguliers,0.6982731932115354,-0.07391945414355662,Entretenir la relation et développer les achats,Tester des recommandations adaptées à l'historique d'achat,Nombre de commandes par client sur 90 jours,2011-12-10
12579,79,1,440.42,2,Occasionnels en sommeil,-1.0322138006265533,-0.09082095446242079,Réactiver les clients,Tester une campagne de retour avec une offre ciblée,Taux de réactivation à 60 jours,2011-12-10
12580,247,1,415.7,2,Occasionnels en sommeil,-1.502999586436617,0.623640932579971,Réactiver les clients,Tester une campagne de retour avec une offre ciblée,Taux de réactivation à 60 jours,2011-12-10
12581,40,1,197.71,0,Occasionnels récents,-1.148649992086332,-0.8156591192887921,Encourager un achat supplémentaire,Tester une relance après achat avec des produits complémentaires,Taux de nouvel achat à 60 jours,2011-12-10
12582,239,2,511.36,2,Occasionnels en sommeil,-1.0254286734587843,0.8332483518649301,Réactiver les clients,Tester une campagne de retour avec une offre ciblée,Taux de réactivation à 60 jours,2011-12-10
12583,3,15,7281.38,3,Champions,3.3519140724300915,-0.2196381047312184,Maintenir une relation durable,Tester des avantages de fidélité et un accès anticipé,Taux de réachat à 90 jours,2011-12-10
12584,4,9,2338.15,3,Champions,2.3008718230369927,-0.6682391188334834,Maintenir une relation durable,Tester des avantages de fidélité et un accès anticipé,Taux de réachat à 90 jours,2011-12-10
12585,235,2,2040.1,1,Acheteurs réguliers,-0.36346578139387375,1.3251173211529939,Entretenir la relation et développer les achats,Tester des recommandations adaptées à l'historique d'achat,Nombre de commandes par client sur 90 jours,2011-12-10
12586,18,1,196.94000000000003,0,Occasionnels récents,-0.8490241001172015,-1.3170174757554274,Encourager un achat supplémentaire,Tester une relance après achat avec des produits complémentaires,Taux de nouvel achat à 60 jours,2011-12-10
12587,8,1,144.0,0,Occasionnels récents,-0.7037176676060547,-1.9159289158470354,Encourager un achat supplémentaire,Tester une relance après achat avec des produits complémentaires,Taux de nouvel achat à 60 jours,2011-12-10
12588,40,1,214.89999999999998,0,Occasionnels récents,-1.1093104739111028,-0.7854784455637778,Encourager un achat supplémentaire,Tester une relance après achat avec des produits complémentaires,Taux de nouvel achat à 60 jours,2011-12-10
12589,29,2,646.68,0,Occasionnels récents,-0.09925215670961235,-0.4331605313614914,Encourager un achat supplémentaire,Tester une relance après achat avec des produits complémentaires,Taux de nouvel achat à 60 jours,2011-12-10
12590,212,2,9864.26,1,Acheteurs réguliers,0.4237599615246324,1.8315787892024993,Entretenir la relation et développer les achats,Tester des recommandations adaptées à l'historique d'achat,Nombre de commandes par client sur 90 jours,2011-12-10
12591,318,1,452.84999999999997,2,Occasionnels en sommeil,-1.5611871647852833,0.8183546875563031,Réactiver les clients,Tester une campagne de retour avec une offre ciblée,Taux de réactivation à 60 jours,2011-12-10
12592,93,2,437.6,2,Occasionnels en sommeil,-0.7317318650165275,0.16742044042782878,Réactiver les clients,Tester une campagne de retour avec une offre ciblée,Taux de réactivation à 60 jours,2011-12-10
12593,109,3,418.09999999999997,2,Occasionnels en sommeil,-0.5547055479805558,0.3635537263361699,Réactiver les clients,Tester une campagne de retour avec une offre ciblée,Taux de réactivation à 60 jours,2011-12-10
12594,38,10,3338.2200000000003,3,Champions,1.750722445235404,0.8330570517658048,Maintenir une relation durable,Tester des avantages de fidélité et un accès anticipé,Taux de réachat à 90 jours,2011-12-10
12596,52,2,618.27,0,Occasionnels récents,-0.34358059698379,-0.07955857213333728,Encourager un achat supplémentaire,Tester une relance après achat avec des produits complémentaires,Taux de nouvel achat à 60 jours,2011-12-10
12597,20,4,3811.22,1,Acheteurs réguliers,1.3430357533237978,0.17600205395787244,Entretenir la relation et développer les achats,Tester des recommandations adaptées à l'historique d'achat,Nombre de commandes par client sur 90 jours,2011-12-10
12598,10,8,3023.08,3,Champions,2.0183057369536037,-0.10278256872126756,Maintenir une relation durable,Tester des avantages de fidélité et un accès anticipé,Taux de réachat à 90 jours,2011-12-10
12599,30,7,1032.58,1,Acheteurs réguliers,0.9966364758040788,0.1349236200109506,Entretenir la relation et développer les achats,Tester des recommandations adaptées à l'historique d'achat,Nombre de commandes par client sur 90 jours,2011-12-10
12600,29,10,2599.04,3,Champions,1.7349210840606943,0.5715007215887306,Maintenir une relation durable,Tester des avantages de fidélité et un accès anticipé,Taux de réachat à 90 jours,2011-12-10
12601,190,5,577.0600000000001,1,Acheteurs réguliers,-0.2517827557708708,0.9949457922402206,Entretenir la relation et développer les achats,Tester des recommandations adaptées à l'historique d'achat,Nombre de commandes par client sur 90 jours,2011-12-10
12602,59,1,153.12,2,Occasionnels en sommeil,-1.418384372908515,-0.6605888831802729,Réactiver les clients,Tester une campagne de retour avec une offre ciblée,Taux de réactivation à 60 jours,2011-12-10
12603,22,1,739.1999999999999,0,Occasionnels récents,-0.2985289182804179,-0.7130468610158256,Encourager un achat supplémentaire,Tester une relance après achat avec des produits complémentaires,Taux de nouvel achat à 60 jours,2011-12-10
12604,80,2,254.18,2,Occasionnels en sommeil,-0.9301982316600791,-0.12634974869879548,Réactiver les clients,Tester une campagne de retour avec une offre ciblée,Taux de réactivation à 60 jours,2011-12-10
12607,61,1,1579.51,1,Acheteurs réguliers,-0.3275284871680798,0.20747277900242714,Entretenir la relation et développer les achats,Tester des recommandations adaptées à l'historique d'achat,Nombre de commandes par client sur 90 jours,2011-12-10
12609,79,3,1126.85,1,Acheteurs réguliers,0.039501495656862444,0.5166613445096557,Entretenir la relation et développer les achats,Tester des recommandations adaptées à l'historique d'achat,Nombre de commandes par client sur 90 jours,2011-12-10
12610,23,5,2099.54,1,Acheteurs réguliers,1.173001172218982,0.11602543469470818,Entretenir la relation et développer les achats,Tester des recommandations adaptées à l'historique d'achat,Nombre de commandes par client sur 90 jours,2011-12-10
12611,53,1,1193.32,0,Occasionnels récents,-0.40622187228439455,0.015758757453854653,Encourager un achat supplémentaire,Tester une relance après achat avec des produits complémentaires,Taux de nouvel achat à 60 jours,2011-12-10
12612,75,1,704.0400000000001,2,Occasionnels en sommeil,-0.7900855975540604,0.0461707523934729,Réactiver les clients,Tester une campagne de retour avec une offre ciblée,Taux de réactivation à 60 jours,2011-12-10
12613,58,5,3344.38,1,Acheteurs réguliers,1.0411043957426842,0.8699892541613723,Entretenir la relation et développer les achats,Tester des recommandations adaptées à l'historique d'achat,Nombre de commandes par client sur 90 jours,2011-12-10
12614,278,1,315.6,2,Occasionnels en sommeil,-1.6794268601692028,0.6002667955064309,Réactiver les clients,Tester une campagne de retour avec une offre ciblée,Taux de réactivation à 60 jours,2011-12-10
12615,3,4,2291.19,3,Champions,1.7517881990954465,-1.0869124606848861,Maintenir une relation durable,Tester des avantages de fidélité et un accès anticipé,Taux de réachat à 90 jours,2011-12-10
12616,96,2,713.3,2,Occasionnels en sommeil,-0.5127964714445336,0.3652521737175451,Réactiver les clients,Tester une campagne de retour avec une offre ciblée,Taux de réactivation à 60 jours,2011-12-10
12617,30,1,352.98,0,Occasionnels récents,-0.7652946947080183,-0.78736048469408,Encourager un achat supplémentaire,Tester une relance après achat avec des produits complémentaires,Taux de nouvel achat à 60 jours,2011-12-10
12618,22,1,177.31,0,Occasionnels récents,-0.9734296378218592,-1.230820320327875,Encourager un achat supplémentaire,Tester une relance après achat avec des produits complémentaires,Taux de nouvel achat à 60 jours,2011-12-10
12619,17,9,3641.24,3,Champions,2.0087594264392017,0.3254603812065611,Maintenir une relation durable,Tester des avantages de fidélité et un accès anticipé,Taux de réachat à 90 jours,2011-12-10
12620,15,3,1339.41,1,Acheteurs réguliers,0.7521988043199165,-0.4666857781742109,Entretenir la relation et développer les achats,Tester des recommandations adaptées à l'historique d'achat,Nombre de commandes par client sur 90 jours,2011-12-10
12621,2,20,13689.67,3,Champions,4.009937881364448,-0.07255502237949302,Maintenir une relation durable,Tester des avantages de fidélité et un accès anticipé,Taux de réachat à 90 jours,2011-12-10
12622,233,1,180.1,2,Occasionnels en sommeil,-1.8753395702606548,0.2827435952170672,Réactiver les clients,Tester une campagne de retour avec une offre ciblée,Taux de réactivation à 60 jours,2011-12-10
12623,277,1,305.1,2,Occasionnels en sommeil,-1.694011205932872,0.5856642057964194,Réactiver les clients,Tester une campagne de retour avec une offre ciblée,Taux de réactivation à 60 jours,2011-12-10
12624,107,2,641.13,2,Occasionnels en sommeil,-0.6054031215557522,0.39633186873140286,Réactiver les clients,Tester une campagne de retour avec une offre ciblée,Taux de réactivation à 60 jours,2011-12-10
12625,212,2,2683.82,1,Acheteurs réguliers,-0.19329897061183898,1.3581806602024578,Entretenir la relation et développer les achats,Tester des recommandations adaptées à l'historique d'achat,Nombre de commandes par client sur 90 jours,2011-12-10
12626,24,9,6620.48,3,Champions,2.1634078377189994,0.756418168614032,Maintenir une relation durable,Tester des avantages de fidélité et un accès anticipé,Taux de réachat à 90 jours,2011-12-10
12627,11,7,4478.53,3,Champions,2.0639679431696383,0.05145833854991899,Maintenir une relation durable,Tester des avantages de fidélité et un accès anticipé,Taux de réachat à 90 jours,2011-12-10
12628,5,3,786.46,0,Occasionnels récents,0.8844333346216221,-1.2977270371008507,Encourager un achat supplémentaire,Tester une relance après achat avec des produits complémentaires,Taux de nouvel achat à 60 jours,2011-12-10
12630,10,2,1270.88,0,Occasionnels récents,0.6139796842992962,-0.839834875041944,Encourager un achat supplémentaire,Tester une relance après achat avec des produits complémentaires,Taux de nouvel achat à 60 jours,2011-12-10
12631,58,1,640.5,2,Occasionnels en sommeil,-0.7356248716250404,-0.15276507492808247,Réactiver les clients,Tester une campagne de retour avec une offre ciblée,Taux de réactivation à 60 jours,2011-12-10
12633,59,4,2163.98,1,Acheteurs réguliers,0.6632778569352963,0.6525843926724756,Entretenir la relation et développer les achats,Tester des recommandations adaptées à l'historique d'achat,Nombre de commandes par client sur 90 jours,2011-12-10
12635,90,2,1689.18,1,Acheteurs réguliers,-0.07939184952128962,0.6370489554428774,Entretenir la relation et développer les achats,Tester des recommandations adaptées à l'historique d'achat,Nombre de commandes par client sur 90 jours,2011-12-10
12637,68,8,6002.9,1,Acheteurs réguliers,1.6237624409754767,1.3402443288361416,Entretenir la relation et développer les achats,Tester des recommandations adaptées à l'historique d'achat,Nombre de commandes par client sur 90 jours,2011-12-10
12638,34,1,671.69,0,Occasionnels récents,-0.5084389303174369,-0.4749250440010542,Encourager un achat supplémentaire,Tester une relance après achat avec des produits complémentaires,Taux de nouvel achat à 60 jours,2011-12-10
12639,239,1,486.1,2,Occasionnels en sommeil,-1.4161315238583803,0.6591109828096192,Réactiver les clients,Tester une campagne de retour avec une offre ciblée,Taux de réactivation à 60 jours,2011-12-10
12640,24,3,1174.58,1,Acheteurs réguliers,0.5150588311786494,-0.22432386202100918,Entretenir la relation et développer les achats,Tester des recommandations adaptées à l'historique d'achat,Nombre de commandes par client sur 90 jours,2011-12-10
12641,116,1,185.9,2,Occasionnels en sommeil,-1.5887087591443345,-0.15634340920766404,Réactiver les clients,Tester une campagne de retour avec une offre ciblée,Taux de réactivation à 60 jours,2011-12-10
12642,26,3,1013.26,1,Acheteurs réguliers,0.4149080833935809,-0.22798992298859524,Entretenir la relation et développer les achats,Tester des recommandations adaptées à l'historique d'achat,Nombre de commandes par client sur 90 jours,2011-12-10
12643,129,6,3344.64,1,Acheteurs réguliers,0.870921310108846,1.4427374244117617,Entretenir la relation et développer les achats,Tester des recommandations adaptées à l'historique d'achat,Nombre de commandes par client sur 90 jours,2011-12-10
12644,130,1,477.91,2,Occasionnels en sommeil,-1.1868647093738367,0.2593982551689776,Réactiver les clients,Tester une campagne de retour avec une offre ciblée,Taux de réactivation à 60 jours,2011-12-10
12645,34,4,1775.18,1,Acheteurs réguliers,0.7806853282780905,0.23022528102687978,Entretenir la relation et développer les achats,Tester des recommandations adaptées à l'historique d'achat,Nombre de commandes par client sur 90 jours,2011-12-10
12646,5,2,1346.97,0,Occasionnels récents,0.879108327897066,-1.2126949485060665,Encourager un achat supplémentaire,Tester une relance après achat avec des produits complémentaires,Taux de nouvel achat à 60 jours,2011-12-10
12647,23,12,3722.82,3,Champions,2.14380395431682,0.621293796473856,Maintenir une relation durable,Tester des avantages de fidélité et un accès anticipé,Taux de réachat à 90 jours,2011-12-10
12648,155,1,318.05,2,Occasionnels en sommeil,-1.447905577420555,0.22518242858753987,Réactiver les clients,Tester une campagne de retour avec une offre ciblée,Taux de réactivation à 60 jours,2011-12-10
12649,108,3,623.51,1,Acheteurs réguliers,-0.36200839764293924,0.5027056249307479,Entretenir la relation et développer les achats,Tester des recommandations adaptées à l'historique d'achat,Nombre de commandes par client sur 90 jours,2011-12-10
12650,4,1,314.44,0,Occasionnels récents,-0.10480652788109443,-2.015271378015909,Encourager un achat supplémentaire,Tester une relance après achat avec des produits complémentaires,Taux de nouvel achat à 60 jours,2011-12-10
12651,335,1,114.0,2,Occasionnels en sommeil,-2.23246433137465,0.35272236467957363,Réactiver les clients,Tester une campagne de retour avec une offre ciblée,Taux de réactivation à 60 jours,2011-12-10
12652,332,1,919.98,2,Occasionnels en sommeil,-1.2424811985654611,1.103695555443607,Réactiver les clients,Tester une campagne de retour avec une offre ciblée,Taux de réactivation à 60 jours,2011-12-10
12653,149,2,2209.85,1,Acheteurs réguliers,-0.1479536044605263,1.05959401069356,Entretenir la relation et développer les achats,Tester des recommandations adaptées à l'historique d'achat,Nombre de commandes par client sur 90 jours,2011-12-10
12654,11,5,601.98,0,Occasionnels récents,0.8529169468008239,-0.7885240210021668,Encourager un achat supplémentaire,Tester une relance après achat avec des produits complémentaires,Taux de nouvel achat à 60 jours,2011-12-10
12656,18,5,4051.17,3,Champions,1.5761108148904444,0.20318370069270306,Maintenir une relation durable,Tester des avantages de fidélité et un accès anticipé,Taux de réachat à 90 jours,2011-12-10
12657,12,4,1643.18,1,Acheteurs réguliers,1.132263396621734,-0.441636811917067,Entretenir la relation et développer les achats,Tester des recommandations adaptées à l'historique d'achat,Nombre de commandes par client sur 90 jours,2011-12-10
12658,19,1,686.05,0,Occasionnels récents,-0.2790786583787528,-0.8309987632779515,Encourager un achat supplémentaire,Tester une relance après achat avec des produits complémentaires,Taux de nouvel achat à 60 jours,2011-12-10
12659,30,1,91.68,0,Occasionnels récents,-1.4006945745719275,-1.2748295069039393,Encourager un achat supplémentaire,Tester une relance après achat avec des produits complémentaires,Taux de nouvel achat à 60 jours,2011-12-10
12660,12,1,245.1,0,Occasionnels récents,-0.5970235393826746,-1.4844731780813907,Encourager un achat supplémentaire,Tester une relance après achat avec des produits complémentaires,Taux de nouvel achat à 60 jours,2011-12-10
12662,1,11,3849.78,3,Champions,3.0612794399091814,-1.0124769334630936,Maintenir une relation durable,Tester des avantages de fidélité et un accès anticipé,Taux de réachat à 90 jours,2011-12-10
12664,9,9,4881.88,3,Champions,2.3781362819765572,0.05002274397952402,Maintenir une relation durable,Tester des avantages de fidélité et un accès anticipé,Taux de réachat à 90 jours,2011-12-10
12665,325,1,63.0,2,Occasionnels en sommeil,-2.498495811277551,0.1199023948543681,Réactiver les clients,Tester une campagne de retour avec une offre ciblée,Taux de réactivation à 60 jours,2011-12-10
12667,59,1,620.13,2,Occasionnels en sommeil,-0.7575127111868265,-0.15357830141139373,Réactiver les clients,Tester une campagne de retour avec une offre ciblée,Taux de réactivation à 60 jours,2011-12-10
12668,12,4,3807.15,3,Champions,1.5305011020185777,-0.1361149649527962,Maintenir une relation durable,Tester des avantages de fidélité et un accès anticipé,Taux de réachat à 90 jours,2011-12-10
12669,151,3,2744.0299999999997,1,Acheteurs réguliers,0.20966722822068184,1.2574303074123538,Entretenir la relation et développer les achats,Tester des recommandations adaptées à l'historique d'achat,Nombre de commandes par client sur 90 jours,2011-12-10
12670,11,5,2996.05,3,Champions,1.6132130970988372,-0.20523649967768542,Maintenir une relation durable,Tester des avantages de fidélité et un accès anticipé,Taux de réachat à 90 jours,2011-12-10
12672,330,1,225.89999999999998,2,Occasionnels en sommeil,-1.9043676255515212,0.5901792423278502,Réactiver les clients,Tester une campagne de retour avec une offre ciblée,Taux de réactivation à 60 jours,2011-12-10
12673,6,2,610.52,0,Occasionnels récents,0.4439178948732485,-1.400012921952916,Encourager un achat supplémentaire,Tester une relance après achat avec des produits complémentaires,Taux de nouvel achat à 60 jours,2011-12-10
12674,39,4,1970.6,1,Acheteurs réguliers,0.7778385770783338,0.3549916598583569,Entretenir la relation et développer les achats,Tester des recommandations adaptées à l'historique d'achat,Nombre de commandes par client sur 90 jours,2011-12-10
12676,25,6,1331.39,1,Acheteurs réguliers,1.0652107977314769,0.061675788966822506,Entretenir la relation et développer les achats,Tester des recommandations adaptées à l'historique d'achat,Nombre de commandes par client sur 90 jours,2011-12-10
12678,43,12,17628.46,3,Champions,2.6434404278315453,1.5808699139178468,Maintenir une relation durable,Tester des avantages de fidélité et un accès anticipé,Taux de réachat à 90 jours,2011-12-10
12679,59,4,1113.02,1,Acheteurs réguliers,0.34823685755898787,0.4108897798959066,Entretenir la relation et développer les achats,Tester des recommandations adaptées à l'historique d'achat,Nombre de commandes par client sur 90 jours,2011-12-10
12680,1,4,862.81,0,Occasionnels récents,1.560745987093535,-1.8924628669682142,Encourager un achat supplémentaire,Tester une relance après achat avec des produits complémentaires,Taux de nouvel achat à 60 jours,2011-12-10
12681,15,22,13787.54,3,Champions,3.4394704593473047,1.0530854704285657,Maintenir une relation durable,Tester des avantages de fidélité et un accès anticipé,Taux de réachat à 90 jours,2011-12-10
12682,4,31,12279.82,3,Champions,4.139162719050227,0.38175178210062527,Maintenir une relation durable,Tester des avantages de fidélité et un accès anticipé,Taux de réachat à 90 jours,2011-12-10
12683,5,15,8476.57,3,Champions,3.2650437803282033,0.09919829889486594,Maintenir une relation durable,Tester des avantages de fidélité et un accès anticipé,Taux de réachat à 90 jours,2011-12-10
12684,8,7,2283.63,3,Champions,1.8574763344160508,-0.38046265088047637,Maintenir une relation durable,Tester des avantages de fidélité et un accès anticipé,Taux de réachat à 90 jours,2011-12-10
12685,29,6,2863.08,1,Acheteurs réguliers,1.3719740579317792,0.433068035326395,Entretenir la relation et développer les achats,Tester des recommandations adaptées à l'historique d'achat,Nombre de commandes par client sur 90 jours,2011-12-10
12686,372,1,89.14,2,Occasionnels en sommeil,-2.3888982894358817,0.3320272777020033,Réactiver les clients,Tester une campagne de retour avec une offre ciblée,Taux de réactivation à 60 jours,2011-12-10
12688,114,1,4873.8099999999995,1,Acheteurs réguliers,-0.035629608586647946,1.0187629930798026,Entretenir la relation et développer les achats,Tester des recommandations adaptées à l'historique d'achat,Nombre de commandes par client sur 90 jours,2011-12-10
12689,26,2,1247.61,1,Acheteurs réguliers,0.2532703286954973,-0.26287857222887595,Entretenir la relation et développer les achats,Tester des recommandations adaptées à l'historique d'achat,Nombre de commandes par client sur 90 jours,2011-12-10
12690,206,1,389.01,2,Occasionnels en sommeil,-1.4635549561492285,0.4820984963250441,Réactiver les clients,Tester une campagne de retour avec une offre ciblée,Taux de réactivation à 60 jours,2011-12-10
12691,29,6,1035.8,1,Acheteurs réguliers,0.8901884406084228,0.06344951440112875,Entretenir la relation et développer les achats,Tester des recommandations adaptées à l'historique d'achat,Nombre de commandes par client sur 90 jours,2011-12-10
12693,128,4,855.91,1,Acheteurs réguliers,-0.07620854035223716,0.8130039242326981,Entretenir la relation et développer les achats,Tester des recommandations adaptées à l'historique d'achat,Nombre de commandes par client sur 90 jours,2011-12-10
12694,71,2,869.67,1,Acheteurs réguliers,-0.3021134969820452,0.24352905077414702,Entretenir la relation et développer les achats,Tester des recommandations adaptées à l'historique d'achat,Nombre de commandes par client sur 90 jours,2011-12-10
12695,8,4,582.1,0,Occasionnels récents,0.784875564931,-1.0577490597003576,Encourager un achat supplémentaire,Tester une relance après achat avec des produits complémentaires,Taux de nouvel achat à 60 jours,2011-12-10
12697,29,3,957.59,1,Acheteurs réguliers,0.3468451569665026,-0.1800388804042946,Entretenir la relation et développer les achats,Tester des recommandations adaptées à l'historique d'achat,Nombre de commandes par client sur 90 jours,2011-12-10
12700,8,4,4939.99,3,Champions,1.79811191627132,-0.28040970363825074,Maintenir une relation durable,Tester des avantages de fidélité et un accès anticipé,Taux de réachat à 90 jours,2011-12-10
12701,80,2,797.71,1,Acheteurs réguliers,-0.389181758483212,0.2887097745032544,Entretenir la relation et développer les achats,Tester des recommandations adaptées à l'historique d'achat,Nombre de commandes par client sur 90 jours,2011-12-10
12702,20,1,219.0,0,Occasionnels récents,-0.8381522927372134,-1.2135258984592272,Encourager un achat supplémentaire,Tester une relance après achat avec des produits complémentaires,Taux de nouvel achat à 60 jours,2011-12-10
12703,72,1,283.55,2,Occasionnels en sommeil,-1.2045160367742227,-0.3100629306107457,Réactiver les clients,Tester une campagne de retour avec une offre ciblée,Taux de réactivation à 60 jours,2011-12-10
12704,8,8,2340.84,3,Champions,1.9757345400497588,-0.32622327410629937,Maintenir une relation durable,Tester des avantages de fidélité et un accès anticipé,Taux de réachat à 90 jours,2011-12-10
12705,16,9,6868.29,3,Champions,2.331991858772343,0.5190979463594988,Maintenir une relation durable,Tester des avantages de fidélité et un accès anticipé,Taux de réachat à 90 jours,2011-12-10
12707,292,1,603.42,2,Occasionnels en sommeil,-1.3920189901292392,0.8673095126925908,Réactiver les clients,Tester une campagne de retour avec une offre ciblée,Taux de réactivation à 60 jours,2011-12-10
12708,30,10,2712.91,3,Champions,1.742392571963979,0.6084065245600535,Maintenir une relation durable,Tester des avantages de fidélité et un accès anticipé,Taux de réachat à 90 jours,2011-12-10
12709,16,15,9706.52,3,Champions,2.9210752132052518,0.8254372256530275,Maintenir une relation durable,Tester des avantages de fidélité et un accès anticipé,Taux de réachat à 90 jours,2011-12-10
12710,97,3,1149.02,1,Acheteurs réguliers,-0.030812661112159377,0.6556564068837627,Entretenir la relation et développer les achats,Tester des recommandations adaptées à l'historique d'achat,Nombre de commandes par client sur 90 jours,2011-12-10
12712,29,13,4396.13,3,Champions,2.202174131461558,0.8552635673105274,Maintenir une relation durable,Tester des avantages de fidélité et un accès anticipé,Taux de réachat à 90 jours,2011-12-10
12713,1,1,848.55,0,Occasionnels récents,0.7240962269680414,-2.2504817109651394,Encourager un achat supplémentaire,Tester une relance après achat avec des produits complémentaires,Taux de nouvel achat à 60 jours,2011-12-10
12714,10,5,4708.86,3,Champions,1.8616467534342416,-0.09736508018554837,Maintenir une relation durable,Tester des avantages de fidélité et un accès anticipé,Taux de réachat à 90 jours,2011-12-10
12715,107,1,343.36,2,Occasionnels en sommeil,-1.2675770691938373,0.013926046182793481,Réactiver les clients,Tester une campagne de retour avec une offre ciblée,Taux de réactivation à 60 jours,2011-12-10
12716,4,2,1053.49,0,Occasionnels récents,0.8341469744180807,-1.420524535026409,Encourager un achat supplémentaire,Tester une relance après achat avec des produits complémentaires,Taux de nouvel achat à 60 jours,2011-12-10
12717,152,2,1030.98,2,Occasionnels en sommeil,-0.5169676615121009,0.795318761993121,Réactiver les clients,Tester une campagne de retour avec une offre ciblée,Taux de réactivation à 60 jours,2011-12-10
12718,72,1,238.25,2,Occasionnels en sommeil,-1.2867332746298585,-0.373138731876031,Réactiver les clients,Tester une campagne de retour avec une offre ciblée,Taux de réactivation à 60 jours,2011-12-10
12719,6,2,644.95,0,Occasionnels récents,0.4698890849949599,-1.3800882240493397,Encourager un achat supplémentaire,Tester une relance après achat avec des produits complémentaires,Taux de nouvel achat à 60 jours,2011-12-10
12720,3,25,5781.73,3,Champions,3.6817111981760955,-0.11702207881438118,Maintenir une relation durable,Tester des avantages de fidélité et un accès anticipé,Taux de réachat à 90 jours,2011-12-10
12721,32,6,2656.13,1,Acheteurs réguliers,1.2990552274968876,0.4677386930698424,Entretenir la relation et développer les achats,Tester des recommandations adaptées à l'historique d'achat,Nombre de commandes par client sur 90 jours,2011-12-10
12722,86,4,997.63,1,Acheteurs réguliers,0.15075387253458064,0.6126350954286996,Entretenir la relation et développer les achats,Tester des recommandations adaptées à l'historique d'achat,Nombre de commandes par client sur 90 jours,2011-12-10
12723,4,5,725.07,0,Occasionnels récents,1.2841415532041598,-1.2900168151350693,Encourager un achat supplémentaire,Tester une relance après achat avec des produits complémentaires,Taux de nouvel achat à 60 jours,2011-12-10
12724,6,4,1031.41,0,Occasionnels récents,1.1542570735317839,-1.0132937617979472,Encourager un achat supplémentaire,Tester une relance après achat avec des produits complémentaires,Taux de nouvel achat à 60 jours,2011-12-10
12725,372,1,427.8,2,Occasionnels en sommeil,-1.649404494693975,0.8993555515605123,Réactiver les clients,Tester une campagne de retour avec une offre ciblée,Taux de réactivation à 60 jours,2011-12-10
12726,29,7,2609.1,1,Acheteurs réguliers,1.4487203980844188,0.45058166470897737,Entretenir la relation et développer les achats,Tester des recommandations adaptées à l'historique d'achat,Nombre de commandes par client sur 90 jours,2011-12-10
12727,11,7,3980.7,3,Champions,2.008108917741392,0.008604152752882005,Maintenir une relation durable,Tester des avantages de fidélité et un accès anticipé,Taux de réachat à 90 jours,2011-12-10
12728,72,4,836.33,1,Acheteurs réguliers,0.1359933463532654,0.43450927220711133,Entretenir la relation et développer les achats,Tester des recommandations adaptées à l'historique d'achat,Nombre de commandes par client sur 90 jours,2011-12-10
12729,114,1,453.01,2,Occasionnels en sommeil,-1.1611228109656253,0.15530190620482165,Réactiver les clients,Tester une campagne de retour avec une offre ciblée,Taux de réactivation à 60 jours,2011-12-10
12731,24,12,18895.91,3,Champions,2.8979375955991755,1.238663637882417,Maintenir une relation durable,Tester des avantages de fidélité et un accès anticipé,Taux de réachat à 90 jours,2011-12-10
12732,180,1,236.26000000000002,2,Occasionnels en sommeil,-1.646604885552161,0.21405869637369238,Réactiver les clients,Tester une campagne de retour avec une offre ciblée,Taux de réactivation à 60 jours,2011-12-10
12733,235,1,383.95,2,Occasionnels en sommeil,-1.5211374274541065,0.562573279804574,Réactiver les clients,Tester une campagne de retour avec une offre ciblée,Taux de réactivation à 60 jours,2011-12-10
12734,353,1,110.39999999999999,2,Occasionnels en sommeil,-2.2679990631907345,0.37507446816825457,Réactiver les clients,Tester une campagne de retour avec une offre ciblée,Taux de réactivation à 60 jours,2011-12-10
12735,316,2,779.5699999999999,2,Occasionnels en sommeil,-0.9348807934012481,1.167264094482809,Réactiver les clients,Tester une campagne de retour avec une offre ciblée,Taux de réactivation à 60 jours,2011-12-10
12736,333,1,234.0,2,Occasionnels en sommeil,-1.8912728274885966,0.6088033124047572,Réactiver les clients,Tester une campagne de retour avec une offre ciblée,Taux de réactivation à 60 jours,2011-12-10
12738,373,1,155.35,2,Occasionnels en sommeil,-2.12881873551354,0.5341017387464323,Réactiver les clients,Tester une campagne de retour avec une offre ciblée,Taux de réactivation à 60 jours,2011-12-10
12739,79,2,1013.04,1,Acheteurs réguliers,-0.2711336875645565,0.3674641580854995,Entretenir la relation et développer les achats,Tester des recommandations adaptées à l'historique d'achat,Nombre de commandes par client sur 90 jours,2011-12-10
12740,64,1,427.6,2,Occasionnels en sommeil,-0.9648026141274415,-0.23651008747113608,Réactiver les clients,Tester une campagne de retour avec une offre ciblée,Taux de réactivation à 60 jours,2011-12-10
12743,135,2,540.13,2,Occasionnels en sommeil,-0.7768999149183888,0.48392457636584085,Réactiver les clients,Tester une campagne de retour avec une offre ciblée,Taux de réactivation à 60 jours,2011-12-10
12744,52,7,21279.29,3,Champions,2.2206087288622656,1.5838095121952322,Maintenir une relation durable,Tester des avantages de fidélité et un accès anticipé,Taux de réachat à 90 jours,2011-12-10
12747,3,11,4196.01,3,Champions,2.8304183839925954,-0.5306042299886237,Maintenir une relation durable,Tester des avantages de fidélité et un accès anticipé,Taux de réachat à 90 jours,2011-12-10
12748,1,209,33053.19,3,Champions,6.669410758734889,0.8689813353970252,Maintenir une relation durable,Tester des avantages de fidélité et un accès anticipé,Taux de réachat à 90 jours,2011-12-10
12749,4,5,4090.88,3,Champions,2.10399716179327,-0.6610361927940624,Maintenir une relation durable,Tester des avantages de fidélité et un accès anticipé,Taux de réachat à 90 jours,2011-12-10
12750,129,1,275.88,2,Occasionnels en sommeil,-1.443660380869884,0.0551033509820155,Réactiver les clients,Tester une campagne de retour avec une offre ciblée,Taux de réactivation à 60 jours,2011-12-10
12752,82,1,4366.78,1,Acheteurs réguliers,0.04011021315200889,0.7668491623730005,Entretenir la relation et développer les achats,Tester des recommandations adaptées à l'historique d'achat,Nombre de commandes par client sur 90 jours,2011-12-10
12753,23,6,21429.39,3,Champions,2.4136892372237364,1.0201098810532483,Maintenir une relation durable,Tester des avantages de fidélité et un accès anticipé,Taux de réachat à 90 jours,2011-12-10
12754,236,3,3010.74,1,Acheteurs réguliers,0.07953393573197248,1.5798824882564388,Entretenir la relation et développer les achats,Tester des recommandations adaptées à l'historique d'achat,Nombre de commandes par client sur 90 jours,2011-12-10
12755,281,2,3811.95,1,Acheteurs réguliers,-0.13696170859659448,1.6681866772667266,Entretenir la relation et développer les achats,Tester des recommandations adaptées à l'historique d'achat,Nombre de commandes par client sur 90 jours,2011-12-10
12756,87,1,112.07999999999998,2,Occasionnels en sommeil,-1.715313986705916,-0.5242720547375667,Réactiver les clients,Tester une campagne de retour avec une offre ciblée,Taux de réactivation à 60 jours,2011-12-10
12757,16,13,7834.650000000001,3,Champions,2.6987295716103605,0.6962220499565014,Maintenir une relation durable,Tester des avantages de fidélité et un accès anticipé,Taux de réachat à 90 jours,2011-12-10
12758,117,2,2791.59,1,Acheteurs réguliers,0.0568540167948851,0.9885944529103253,Entretenir la relation et développer les achats,Tester des recommandations adaptées à l'historique d'achat,Nombre de commandes par client sur 90 jours,2011-12-10
12759,53,3,1531.44,1,Acheteurs réguliers,0.3389062756419986,0.37268841560704713,Entretenir la relation et développer les achats,Tester des recommandations adaptées à l'historique d'achat,Nombre de commandes par client sur 90 jours,2011-12-10
12762,8,2,1898.52,0,Occasionnels récents,0.8828170584552474,-0.8243677108271238,Encourager un achat supplémentaire,Tester une relance après achat avec des produits complémentaires,Taux de nouvel achat à 60 jours,2011-12-10
12763,139,2,494.08,2,Occasionnels en sommeil,-0.8304325774997744,0.47041404054566605,Réactiver les clients,Tester une campagne de retour avec une offre ciblée,Taux de réactivation à 60 jours,2011-12-10
12764,317,1,1693.88,2,Occasionnels en sommeil,-0.9352189307849712,1.295602915592368,Réactiver les clients,Tester une campagne de retour avec une offre ciblée,Taux de réactivation à 60 jours,2011-12-10
12766,4,7,6989.63,3,Champions,2.6181344500618184,-0.35571531905315823,Maintenir une relation durable,Tester des avantages de fidélité et un accès anticipé,Taux de réachat à 90 jours,2011-12-10
12769,239,1,1143.6,2,Occasionnels en sommeil,-1.0110474336797675,0.969885270954641,Réactiver les clients,Tester une campagne de retour avec une offre ciblée,Taux de réactivation à 60 jours,2011-12-10
12770,211,1,1351.45,2,Occasionnels en sommeil,-0.8833066488074476,0.9499472638773853,Réactiver les clients,Tester une campagne de retour avec une offre ciblée,Taux de réactivation à 60 jours,2011-12-10
12772,60,1,892.47,0,Occasionnels récents,-0.5916043815220268,-0.01058131747111211,Encourager un achat supplémentaire,Tester une relance après achat avec des produits complémentaires,Taux de nouvel achat à 60 jours,2011-12-10
12775,18,5,1386.04,1,Acheteurs réguliers,1.067785985493344,-0.18679529584766555,Entretenir la relation et développer les achats,Tester des recommandations adaptées à l'historique d'achat,Nombre de commandes par client sur 90 jours,2011-12-10
12778,20,6,822.23,1,Acheteurs réguliers,0.9206231795231529,-0.2522978137036212,Entretenir la relation et développer les achats,Tester des recommandations adaptées à l'historique d'achat,Nombre de commandes par client sur 90 jours,2011-12-10
12779,38,8,3981.36,3,Champions,1.6527370836243709,0.8200473979623804,Maintenir une relation durable,Tester des avantages de fidélité et un accès anticipé,Taux de réachat à 90 jours,2011-12-10
12781,64,2,826.74,1,Acheteurs réguliers,-0.2859994155857082,0.15865344079158206,Entretenir la relation et développer les achats,Tester des recommandations adaptées à l'historique d'achat,Nombre de commandes par client sur 90 jours,2011-12-10
12782,5,5,2330.92,3,Champions,1.765915663371558,-0.7470711951693007,Maintenir une relation durable,Tester des avantages de fidélité et un accès anticipé,Taux de réachat à 90 jours,2011-12-10
12783,3,6,2225.91,3,Champions,2.042417670673572,-0.9681774300556311,Maintenir une relation durable,Tester des avantages de fidélité et un accès anticipé,Taux de réachat à 90 jours,2011-12-10
12784,10,2,532.8199999999999,0,Occasionnels récents,0.20232787310596662,-1.1556478178084886,Encourager un achat supplémentaire,Tester une relance après achat avec des produits complémentaires,Taux de nouvel achat à 60 jours,2011-12-10
12785,365,1,311.95,2,Occasionnels en sommeil,-1.7913104100676982,0.7724761274329073,Réactiver les clients,Tester une campagne de retour avec une offre ciblée,Taux de réactivation à 60 jours,2011-12-10
12787,10,3,463.66,0,Occasionnels récents,0.39673821535258613,-1.0956165430911717,Encourager un achat supplémentaire,Tester une relance après achat avec des produits complémentaires,Taux de nouvel achat à 60 jours,2011-12-10
12789,66,1,91.85,2,Occasionnels en sommeil,-1.7019087220638764,-0.7731947996891123,Réactiver les clients,Tester une campagne de retour avec une offre ciblée,Taux de réactivation à 60 jours,2011-12-10
12790,193,1,324.92,2,Occasionnels en sommeil,-1.5232516507851064,0.3746361004408921,Réactiver les clients,Tester une campagne de retour avec une offre ciblée,Taux de réactivation à 60 jours,2011-12-10
12791,374,1,192.60000000000002,2,Occasionnels en sommeil,-2.028541305688761,0.6135716693532964,Réactiver les clients,Tester une campagne de retour avec une offre ciblée,Taux de réactivation à 60 jours,2011-12-10
12792,257,1,400.53999999999996,2,Occasionnels en sommeil,-1.5360655909420762,0.6358557826338816,Réactiver les clients,Tester une campagne de retour avec une offre ciblée,Taux de réactivation à 60 jours,2011-12-10
12793,335,2,545.48,2,Occasionnels en sommeil,-1.1267427651078246,1.0754111032444291,Réactiver les clients,Tester une campagne de retour avec une offre ciblée,Taux de réactivation à 60 jours,2011-12-10
12794,54,2,860.41,1,Acheteurs réguliers,-0.2016164818700457,0.06456982564170932,Entretenir la relation et développer les achats,Tester des recommandations adaptées à l'historique d'achat,Nombre de commandes par client sur 90 jours,2011-12-10
12795,19,1,430.48,0,Occasionnels récents,-0.49964561697127513,-1.0002143439606677,Encourager un achat supplémentaire,Tester une relance après achat avec des produits complémentaires,Taux de nouvel achat à 60 jours,2011-12-10
12797,366,1,254.03,2,Occasionnels en sommeil,-1.8894200603921347,0.699801952705833,Réactiver les clients,Tester une campagne de retour avec une offre ciblée,Taux de réactivation à 60 jours,2011-12-10
12798,11,3,6977.04,3,Champions,1.6472034834677065,-0.053555744702181864,Maintenir une relation durable,Tester des avantages de fidélité et un accès anticipé,Taux de réachat à 90 jours,2011-12-10
12802,187,1,427.58,2,Occasionnels en sommeil,-1.3811040747751253,0.4538216718388273,Réactiver les clients,Tester une campagne de retour avec une offre ciblée,Taux de réactivation à 60 jours,2011-12-10
12808,37,3,483.65000000000003,0,Occasionnels récents,-0.06919519691541574,-0.27448017406803477,Encourager un achat supplémentaire,Tester une relance après achat avec des produits complémentaires,Taux de nouvel achat à 60 jours,2011-12-10
12809,178,1,489.31,2,Occasionnels en sommeil,-1.2980746370819178,0.4708821322899422,Réactiver les clients,Tester une campagne de retour avec une offre ciblée,Taux de réactivation à 60 jours,2011-12-10
12811,261,3,514.85,2,Occasionnels en sommeil,-0.7963870121644492,1.003231295656329,Réactiver les clients,Tester une campagne de retour avec une offre ciblée,Taux de réactivation à 60 jours,2011-12-10
12812,45,1,229.64000000000001,0,Occasionnels récents,-1.1230986357636892,-0.6866583178364808,Encourager un achat supplémentaire,Tester une relance après achat avec des produits complémentaires,Taux de nouvel achat à 60 jours,2011-12-10
12814,102,1,125.92,2,Occasionnels en sommeil,-1.7222590808770541,-0.3799650475619892,Réactiver les clients,Tester une campagne de retour avec une offre ciblée,Taux de réactivation à 60 jours,2011-12-10
12815,148,2,1063.46,1,Acheteurs réguliers,-0.4918910389315363,0.7893711724201464,Entretenir la relation et développer les achats,Tester des recommandations adaptées à l'historique d'achat,Nombre de commandes par client sur 90 jours,2011-12-10
12816,96,2,572.2,2,Occasionnels en sommeil,-0.6171414327463781,0.28520032311091603,Réactiver les clients,Tester une campagne de retour avec une offre ciblée,Taux de réactivation à 60 jours,2011-12-10
12817,282,1,166.04,2,Occasionnels en sommeil,-1.9881793948574258,0.37693014122127516,Réactiver les clients,Tester une campagne de retour avec une offre ciblée,Taux de réactivation à 60 jours,2011-12-10
12818,262,1,1542.08,2,Occasionnels en sommeil,-0.9052774397620245,1.138035215694048,Réactiver les clients,Tester une campagne de retour avec une offre ciblée,Taux de réactivation à 60 jours,2011-12-10
12820,4,4,942.34,0,Occasionnels récents,1.2433598740392966,-1.264824828062799,Encourager un achat supplémentaire,Tester une relance après achat avec des produits complémentaires,Taux de nouvel achat à 60 jours,2011-12-10
12821,215,1,92.72,2,Occasionnels en sommeil,-2.1563054761580656,-0.00890697113649878,Réactiver les clients,Tester une campagne de retour avec une offre ciblée,Taux de réactivation à 60 jours,2011-12-10
12822,71,2,948.88,1,Acheteurs réguliers,-0.26082818526284407,0.27520250740070273,Entretenir la relation et développer les achats,Tester des recommandations adaptées à l'historique d'achat,Nombre de commandes par client sur 90 jours,2011-12-10
12823,75,5,1759.5,1,Acheteurs réguliers,0.6374679250300134,0.8010428166553957,Entretenir la relation et développer les achats,Tester des recommandations adaptées à l'historique d'achat,Nombre de commandes par client sur 90 jours,2011-12-10
12824,60,1,397.12,2,Occasionnels en sommeil,-0.9748863044960939,-0.30462931801983795,Réactiver les clients,Tester une campagne de retour avec une offre ciblée,Taux de réactivation à 60 jours,2011-12-10
12826,3,7,1474.72,3,Champions,1.9680955713811281,-1.0665611856061983,Maintenir une relation durable,Tester des avantages de fidélité et un accès anticipé,Taux de réachat à 90 jours,2011-12-10
12827,6,3,430.15000000000003,0,Occasionnels récents,0.5384068349617596,-1.4166398112539555,Encourager un achat supplémentaire,Tester une relance après achat avec des produits complémentaires,Taux de nouvel achat à 60 jours,2011-12-10
12828,3,6,1018.71,3,Champions,1.67206224943922,-1.2523084171403278,Maintenir une relation durable,Tester des avantages de fidélité et un accès anticipé,Taux de réachat à 90 jours,2011-12-10
12829,337,2,293.0,2,Occasionnels en sommeil,-1.4230017628296534,0.8537679984253577,Réactiver les clients,Tester une campagne de retour avec une offre ciblée,Taux de réactivation à 60 jours,2011-12-10
12830,38,6,6814.64,1,Acheteurs réguliers,1.6802120506339182,0.9189772546786343,Entretenir la relation et développer les achats,Tester des recommandations adaptées à l'historique d'achat,Nombre de commandes par client sur 90 jours,2011-12-10
12831,263,1,215.05,2,Occasionnels en sommeil,-1.838952116862135,0.4253423860390706,Réactiver les clients,Tester une campagne de retour avec une offre ciblée,Taux de réactivation à 60 jours,2011-12-10
12832,33,2,383.03,0,Occasionnels récents,-0.39613647811765296,-0.5419310817935967,Encourager un achat supplémentaire,Tester une relance après achat avec des produits complémentaires,Taux de nouvel achat à 60 jours,2011-12-10
12833,146,1,417.38,2,Occasionnels en sommeil,-1.2961000272372685,0.2851505475824467,Réactiver les clients,Tester une campagne de retour avec une offre ciblée,Taux de réactivation à 60 jours,2011-12-10
12834,283,1,312.38,2,Occasionnels en sommeil,-1.6912360140442528,0.6080940364316906,Réactiver les clients,Tester une campagne de retour avec une offre ciblée,Taux de réactivation à 60 jours,2011-12-10
12836,60,4,2610.36,1,Acheteurs réguliers,0.745682884558022,0.7315189266694825,Entretenir la relation et développer les achats,Tester des recommandations adaptées à l'historique d'achat,Nombre de commandes par client sur 90 jours,2011-12-10
12837,174,1,134.1,2,Occasionnels en sommeil,-1.9004039426075954,-0.012701663702471784,Réactiver les clients,Tester une campagne de retour avec une offre ciblée,Taux de réactivation à 60 jours,2011-12-10
12838,34,2,671.95,0,Occasionnels récents,-0.1415248563083838,-0.31903805857683637,Encourager un achat supplémentaire,Tester une relance après achat avec des produits complémentaires,Taux de nouvel achat à 60 jours,2011-12-10
12839,3,14,5591.42,3,Champions,3.168344246789357,-0.34047749013571904,Maintenir une relation durable,Tester des avantages de fidélité et un accès anticipé,Taux de réachat à 90 jours,2011-12-10
12840,144,4,2726.77,1,Acheteurs réguliers,0.42698254260930135,1.3102033159395328,Entretenir la relation et développer les achats,Tester des recommandations adaptées à l'historique d'achat,Nombre de commandes par client sur 90 jours,2011-12-10
12841,5,25,3991.58,3,Champions,3.3471439298917103,0.011785011602072043,Maintenir une relation durable,Tester des avantages de fidélité et un accès anticipé,Taux de réachat à 90 jours,2011-12-10
12842,71,2,1118.99,1,Acheteurs réguliers,-0.18271734383550953,0.3351279444384425,Entretenir la relation et développer les achats,Tester des recommandations adaptées à l'historique d'achat,Nombre de commandes par client sur 90 jours,2011-12-10
12843,66,8,1702.26,1,Acheteurs réguliers,1.0379288721398132,0.8628375825328499,Entretenir la relation et développer les achats,Tester des recommandations adaptées à l'historique d'achat,Nombre de commandes par client sur 90 jours,2011-12-10
12844,30,2,325.96000000000004,0,Occasionnels récents,-0.43621241763975155,-0.6604974724363619,Encourager un achat supplémentaire,Tester une relance après achat avec des produits complémentaires,Taux de nouvel achat à 60 jours,2011-12-10
12845,268,4,354.09,2,Occasionnels en sommeil,-0.7819632050481207,0.9702396275089326,Réactiver les clients,Tester une campagne de retour avec une offre ciblée,Taux de réactivation à 60 jours,2011-12-10
12847,23,1,843.64,0,Occasionnels récents,-0.25262760953795127,-0.6373699979864617,Encourager un achat supplémentaire,Tester une relance après achat avec des produits complémentaires,Taux de nouvel achat à 60 jours,2011-12-10
12849,32,2,1010.29,1,Acheteurs réguliers,0.07466374752097596,-0.20912205884826052,Entretenir la relation et développer les achats,Tester des recommandations adaptées à l'historique d'achat,Nombre de commandes par client sur 90 jours,2011-12-10
12851,97,1,131.81,2,Occasionnels en sommeil,-1.681246159120819,-0.39580960198526033,Réactiver les clients,Tester une campagne de retour avec une offre ciblée,Taux de réactivation à 60 jours,2011-12-10
12852,295,1,311.55,2,Occasionnels en sommeil,-1.7087146888600317,0.6340302315716112,Réactiver les clients,Tester une campagne de retour avec une offre ciblée,Taux de réactivation à 60 jours,2011-12-10
12853,135,6,1957.1000000000001,1,Acheteurs réguliers,0.5992428620284603,1.2772065910159178,Entretenir la relation et développer les achats,Tester des recommandations adaptées à l'historique d'achat,Nombre de commandes par client sur 90 jours,2011-12-10
12854,79,3,1316.25,1,Acheteurs réguliers,0.11310493930221718,0.5731287752443991,Entretenir la relation et développer les achats,Tester des recommandations adaptées à l'historique d'achat,Nombre de commandes par client sur 90 jours,2011-12-10
12855,373,1,38.1,2,Occasionnels en sommeil,-2.7859757972161097,0.02994094102159263,Réactiver les clients,Tester une campagne de retour avec une offre ciblée,Taux de réactivation à 60 jours,2011-12-10
12856,8,6,2170.78,3,Champions,1.712682351040111,-0.4501813863025061,Maintenir une relation durable,Tester des avantages de fidélité et un accès anticipé,Taux de réachat à 90 jours,2011-12-10
12857,211,2,1106.4,2,Occasionnels en sommeil,-0.6113593272579118,1.0329772163827395,Réactiver les clients,Tester une campagne de retour avec une offre ciblée,Taux de réactivation à 60 jours,2011-12-10
12863,53,1,521.2,0,Occasionnels récents,-0.7984757739038667,-0.285172407219013,Encourager un achat supplémentaire,Tester une relance après achat avec des produits complémentaires,Taux de nouvel achat à 60 jours,2011-12-10
12864,139,1,147.12,2,Occasionnels en sommeil,-1.7693161820843766,-0.1242791779914894,Réactiver les clients,Tester une campagne de retour avec une offre ciblée,Taux de réactivation à 60 jours,2011-12-10
12865,27,2,1568.23,1,Acheteurs réguliers,0.34738426501230546,-0.15610052430918164,Entretenir la relation et développer les achats,Tester des recommandations adaptées à l'historique d'achat,Nombre de commandes par client sur 90 jours,2011-12-10
12866,284,1,559.12,2,Occasionnels en sommeil,-1.4172596135226097,0.821626229986919,Réactiver les clients,Tester une campagne de retour avec une offre ciblée,Taux de réactivation à 60 jours,2011-12-10
12867,27,7,4009.34,3,Champions,1.6794032339318001,0.5619653997237157,Maintenir une relation durable,Tester des avantages de fidélité et un accès anticipé,Taux de réachat à 90 jours,2011-12-10
12868,186,6,1607.0600000000002,1,Acheteurs réguliers,0.38104121372918537,1.4125645332236731,Entretenir la relation et développer les achats,Tester des recommandations adaptées à l'historique d'achat,Nombre de commandes par client sur 90 jours,2011-12-10
12871,85,2,380.64,2,Occasionnels en sommeil,-0.7628270749556461,0.05900092103310851,Réactiver les clients,Tester une campagne de retour avec une offre ciblée,Taux de réactivation à 60 jours,2011-12-10
12872,327,2,599.97,2,Occasionnels en sommeil,-1.0722310830383621,1.0943217125059237,Réactiver les clients,Tester une campagne de retour avec une offre ciblée,Taux de réactivation à 60 jours,2011-12-10
12873,283,1,374.0,2,Occasionnels en sommeil,-1.6061219408702545,0.6733922452310281,Réactiver les clients,Tester une campagne de retour avec une offre ciblée,Taux de réactivation à 60 jours,2011-12-10
12875,144,2,343.2300000000001,2,Occasionnels en sommeil,-1.0164966490055762,0.361030405659058,Réactiver les clients,Tester une campagne de retour avec une offre ciblée,Taux de réactivation à 60 jours,2011-12-10
12876,58,2,2218.02,1,Acheteurs réguliers,0.21952918827431564,0.4544105868618023,Entretenir la relation et développer les achats,Tester des recommandations adaptées à l'historique d'achat,Nombre de commandes par client sur 90 jours,2011-12-10
12877,4,12,1535.77,3,Champions,2.3389804702149353,-0.7202772222233641,Maintenir une relation durable,Tester des avantages de fidélité et un accès anticipé,Taux de réachat à 90 jours,2011-12-10
12878,237,2,854.99,2,Occasionnels en sommeil,-0.7788011516387091,1.0145013715867282,Réactiver les clients,Tester une campagne de retour avec une offre ciblée,Taux de réactivation à 60 jours,2011-12-10
12879,45,3,573.22,1,Acheteurs réguliers,-0.06367187837284588,-0.08860359703711844,Entretenir la relation et développer les achats,Tester des recommandations adaptées à l'historique d'achat,Nombre de commandes par client sur 90 jours,2011-12-10
12881,276,1,298.0,2,Occasionnels en sommeil,-1.7037261822019443,0.5747850198622305,Réactiver les clients,Tester une campagne de retour avec une offre ciblée,Taux de réactivation à 60 jours,2011-12-10
12882,10,2,1463.04,0,Occasionnels récents,0.6806940196195529,-0.7886526623337647,Encourager un achat supplémentaire,Tester une relance après achat avec des produits complémentaires,Taux de nouvel achat à 60 jours,2011-12-10
12883,25,4,703.47,1,Acheteurs réguliers,0.4587150517244928,-0.29938699277545655,Entretenir la relation et développer les achats,Tester des recommandations adaptées à l'historique d'achat,Nombre de commandes par client sur 90 jours,2011-12-10
12884,89,1,309.05,2,Occasionnels en sommeil,-1.2458786828340465,-0.14276321244366993,Réactiver les clients,Tester une campagne de retour avec une offre ciblée,Taux de réactivation à 60 jours,2011-12-10
12885,64,3,1175.22,1,Acheteurs réguliers,0.14079788616715203,0.3969684192280307,Entretenir la relation et développer les achats,Tester des recommandations adaptées à l'historique d'achat,Nombre de commandes par client sur 90 jours,2011-12-10
12886,68,2,1378.4,1,Acheteurs réguliers,-0.06725711236151456,0.3832451750567561,Entretenir la relation et développer les achats,Tester des recommandations adaptées à l'historique d'achat,Nombre de commandes par client sur 90 jours,2011-12-10
12888,215,2,354.12,2,Occasionnels en sommeil,-1.1579411754788245,0.6314189232705757,Réactiver les clients,Tester une campagne de retour avec une offre ciblée,Taux de réactivation à 60 jours,2011-12-10
12890,25,1,376.71999999999997,0,Occasionnels récents,-0.6655749323173288,-0.8780789957455137,Encourager un achat supplémentaire,Tester une relance après achat avec des produits complémentaires,Taux de nouvel achat à 60 jours,2011-12-10
12891,186,3,331.0,2,Occasionnels en sommeil,-0.8731532160632592,0.6237220643429262,Réactiver les clients,Tester une campagne de retour avec une offre ciblée,Taux de réactivation à 60 jours,2011-12-10
12893,31,1,176.55,0,Occasionnels récents,-1.1048952944951382,-1.0177128663511512,Encourager un achat supplémentaire,Tester une relance après achat avec des produits complémentaires,Taux de nouvel achat à 60 jours,2011-12-10
12895,43,2,372.8,0,Occasionnels récents,-0.5099961871811085,-0.3841603741485473,Encourager un achat supplémentaire,Tester une relance après achat avec des produits complémentaires,Taux de nouvel achat à 60 jours,2011-12-10
12897,205,2,216.5,2,Occasionnels en sommeil,-1.3718158780248522,0.4222714960673023,Réactiver les clients,Tester une campagne de retour avec une offre ciblée,Taux de réactivation à 60 jours,2011-12-10
12901,9,28,17654.54,3,Champions,3.950563958606564,0.926541960963018,Maintenir une relation durable,Tester des avantages de fidélité et un accès anticipé,Taux de réachat à 90 jours,2011-12-10
12902,265,1,138.68,2,Occasionnels en sommeil,-2.048712670266796,0.27159255859036124,Réactiver les clients,Tester une campagne de retour avec une offre ciblée,Taux de réactivation à 60 jours,2011-12-10
12904,19,2,496.06,0,Occasionnels récents,-0.06582776954729219,-0.7929998118335593,Encourager un achat supplémentaire,Tester une relance après achat avec des produits complémentaires,Taux de nouvel achat à 60 jours,2011-12-10
12906,12,5,2919.81,3,Champions,1.5696222240884463,-0.16258090590682403,Maintenir une relation durable,Tester des avantages de fidélité et un accès anticipé,Taux de réachat à 90 jours,2011-12-10
12908,177,2,750.0,2,Occasionnels en sommeil,-0.7269865148974457,0.7780821583749102,Réactiver les clients,Tester une campagne de retour avec une offre ciblée,Taux de réactivation à 60 jours,2011-12-10
12909,40,5,2178.67,1,Acheteurs réguliers,0.9806348054885606,0.47757039406033847,Entretenir la relation et développer les achats,Tester des recommandations adaptées à l'historique d'achat,Nombre de commandes par client sur 90 jours,2011-12-10
12910,24,8,3075.04,3,Champions,1.7045946526830513,0.4370620320394252,Maintenir une relation durable,Tester des avantages de fidélité et un accès anticipé,Taux de réachat à 90 jours,2011-12-10
12912,3,5,1662.3,3,Champions,1.7646312911847466,-1.133538502366306,Maintenir une relation durable,Tester des avantages de fidélité et un accès anticipé,Taux de réachat à 90 jours,2011-12-10
12913,5,5,2483.63,3,Champions,1.7959917195146224,-0.723997307142868,Maintenir une relation durable,Tester des avantages de fidélité et un accès anticipé,Taux de réachat à 90 jours,2011-12-10
12915,149,2,363.65,2,Occasionnels en sommeil,-1.0024604092205927,0.4040295232132081,Réactiver les clients,Tester une campagne de retour avec une offre ciblée,Taux de réactivation à 60 jours,2011-12-10
12916,139,4,2944.95,1,Acheteurs réguliers,0.47722104320226677,1.3153836603594236,Entretenir la relation et développer les achats,Tester des recommandations adaptées à l'historique d'achat,Nombre de commandes par client sur 90 jours,2011-12-10
12917,129,1,594.0,2,Occasionnels en sommeil,-1.0809479855823854,0.33337072602788825,Réactiver les clients,Tester une campagne de retour avec une offre ciblée,Taux de réactivation à 60 jours,2011-12-10
12919,9,6,1335.19,3,Champions,1.4410801581799766,-0.5583825406790938,Maintenir une relation durable,Tester des avantages de fidélité et un accès anticipé,Taux de réachat à 90 jours,2011-12-10
12920,18,1,162.78,0,Occasionnels récents,-0.9388466411466279,-1.3859279487278136,Encourager un achat supplémentaire,Tester une relance après achat avec des produits complémentaires,Taux de nouvel achat à 60 jours,2011-12-10
12921,10,37,16587.09,3,Champions,4.128105809618841,1.0696324178703558,Maintenir une relation durable,Tester des avantages de fidélité et un accès anticipé,Taux de réachat à 90 jours,2011-12-10
12922,162,1,405.38,2,Occasionnels en sommeil,-1.3503944300444248,0.3417223716638055,Réactiver les clients,Tester une campagne de retour avec une offre ciblée,Taux de réactivation à 60 jours,2011-12-10
12923,65,1,172.82,2,Occasionnels en sommeil,-1.3987071529920057,-0.5548799587393878,Réactiver les clients,Tester une campagne de retour avec une offre ciblée,Taux de réactivation à 60 jours,2011-12-10
12924,89,4,933.7,1,Acheteurs réguliers,0.10609691387967302,0.6106056932104021,Entretenir la relation et développer les achats,Tester des recommandations adaptées à l'historique d'achat,Nombre de commandes par client sur 90 jours,2011-12-10
12925,5,2,694.05,0,Occasionnels récents,0.565046338958282,-1.4536384795216262,Encourager un achat supplémentaire,Tester une relance après achat avec des produits complémentaires,Taux de nouvel achat à 60 jours,2011-12-10
12928,36,5,2062.7000000000003,1,Acheteurs réguliers,0.9949476847071504,0.39095612123268914,Entretenir la relation et développer les achats,Tester des recommandations adaptées à l'historique d'achat,Nombre de commandes par client sur 90 jours,2011-12-10
12929,312,1,117.85,2,Occasionnels en sommeil,-2.1890577616174416,0.3186099133846365,Réactiver les clients,Tester une campagne de retour avec une offre ciblée,Taux de réactivation à 60 jours,2011-12-10
12930,79,2,415.8,2,Occasionnels en sommeil,-0.692694453870078,0.04404921725012301,Réactiver les clients,Tester une campagne de retour avec une offre ciblée,Taux de réactivation à 60 jours,2011-12-10
12931,22,15,42055.96,3,Champions,3.4977539856940143,1.5552394222616623,Maintenir une relation durable,Tester des avantages de fidélité et un accès anticipé,Taux de réachat à 90 jours,2011-12-10
12933,25,3,607.53,0,Occasionnels récents,0.18747345919473524,-0.43835458536695976,Encourager un achat supplémentaire,Tester une relance après achat avec des produits complémentaires,Taux de nouvel achat à 60 jours,2011-12-10
12935,3,7,2160.7,3,Champions,2.1491010606307337,-0.9276965561731227,Maintenir une relation durable,Tester des avantages de fidélité et un accès anticipé,Taux de réachat à 90 jours,2011-12-10
12936,18,4,1063.9,1,Acheteurs réguliers,0.7775686053517207,-0.3529665449242824,Entretenir la relation et développer les achats,Tester des recommandations adaptées à l'historique d'achat,Nombre de commandes par client sur 90 jours,2011-12-10
12937,16,4,1504.27,1,Acheteurs réguliers,0.9852627566805451,-0.2993707176719121,Entretenir la relation et développer les achats,Tester des recommandations adaptées à l'historique d'achat,Nombre de commandes par client sur 90 jours,2011-12-10
12938,26,1,114.14,0,Occasionnels récents,-1.2436573867983836,-1.285694655934309,Encourager un achat supplémentaire,Tester une relance après achat avec des produits complémentaires,Taux de nouvel achat à 60 jours,2011-12-10
12939,65,8,11581.8,3,Champions,1.9527539191171794,1.5503805555354837,Maintenir une relation durable,Tester des avantages de fidélité et un accès anticipé,Taux de réachat à 90 jours,2011-12-10
12940,55,2,899.69,1,Acheteurs réguliers,-0.18753643249486562,0.09250229530665699,Entretenir la relation et développer les achats,Tester des recommandations adaptées à l'historique d'achat,Nombre de commandes par client sur 90 jours,2011-12-10
12942,132,3,675.6,1,Acheteurs réguliers,-0.4020228710104805,0.6612007019028224,Entretenir la relation et développer les achats,Tester des recommandations adaptées à l'historique d'achat,Nombre de commandes par client sur 90 jours,2011-12-10
12944,36,2,604.51,0,Occasionnels récents,-0.21337583050397305,-0.32132990373439835,Encourager un achat supplémentaire,Tester une relance après achat avec des produits complémentaires,Taux de nouvel achat à 60 jours,2011-12-10
12945,289,1,462.95,2,Occasionnels en sommeil,-1.5133936954725569,0.7644082389179715,Réactiver les clients,Tester une campagne de retour avec une offre ciblée,Taux de réactivation à 60 jours,2011-12-10
12947,144,6,1603.99,1,Acheteurs réguliers,0.479839045206828,1.2465225791598722,Entretenir la relation et développer les achats,Tester des recommandations adaptées à l'historique d'achat,Nombre de commandes par client sur 90 jours,2011-12-10
12948,17,7,2064.95,3,Champions,1.5380868448235117,0.03349239889372768,Maintenir une relation durable,Tester des avantages de fidélité et un accès anticipé,Taux de réachat à 90 jours,2011-12-10
12949,31,8,4167.22,3,Champions,1.751904199574885,0.7080508878311906,Maintenir une relation durable,Tester des avantages de fidélité et un accès anticipé,Taux de réachat à 90 jours,2011-12-10
12950,3,3,1843.0,0,Occasionnels récents,1.4468010051770483,-1.2517691600170573,Encourager un achat supplémentaire,Tester une relance après achat avec des produits complémentaires,Taux de nouvel achat à 60 jours,2011-12-10
12951,9,6,1064.07,3,Champions,1.3335520472628202,-0.6408764547479574,Maintenir une relation durable,Tester des avantages de fidélité et un accès anticipé,Taux de réachat à 90 jours,2011-12-10
12952,6,4,1387.79,1,Acheteurs réguliers,1.2948594873837638,-0.905425750844828,Entretenir la relation et développer les achats,Tester des recommandations adaptées à l'historique d'achat,Nombre de commandes par client sur 90 jours,2011-12-10
12953,10,1,329.85,0,Occasionnels récents,-0.39123233377283045,-1.485414232988537,Encourager un achat supplémentaire,Tester une relance après achat avec des produits complémentaires,Taux de nouvel achat à 60 jours,2011-12-10
12955,2,11,4757.16,3,Champions,3.00267746780243,-0.6719535091997122,Maintenir une relation durable,Tester des avantages de fidélité et un accès anticipé,Taux de réachat à 90 jours,2011-12-10
12956,307,1,108.07,2,Occasionnels en sommeil,-2.2234621098224436,0.27690566728842225,Réactiver les clients,Tester une campagne de retour avec une offre ciblée,Taux de réactivation à 60 jours,2011-12-10
12957,10,8,4017.54,3,Champions,2.153111573306404,0.0006383970635486956,Maintenir une relation durable,Tester des avantages de fidélité et un accès anticipé,Taux de réachat à 90 jours,2011-12-10
12962,8,2,266.39,0,Occasionnels récents,-0.04682033700827503,-1.537571232794084,Encourager un achat supplémentaire,Tester une relance après achat avec des produits complémentaires,Taux de nouvel achat à 60 jours,2011-12-10
12963,9,8,1856.63,3,Champions,1.8246083051684199,-0.3419971251470758,Maintenir une relation durable,Tester des avantages de fidélité et un accès anticipé,Taux de réachat à 90 jours,2011-12-10
12965,90,1,769.8100000000001,2,Occasionnels en sommeil,-0.8183992235600235,0.1956977090320865,Réactiver les clients,Tester une campagne de retour avec une offre ciblée,Taux de réactivation à 60 jours,2011-12-10
12966,10,1,160.18,0,Occasionnels récents,-0.7322126976696564,-1.7470091275565818,Encourager un achat supplémentaire,Tester une relance après achat avec des produits complémentaires,Taux de nouvel achat à 60 jours,2011-12-10
12967,359,2,1660.9,2,Occasionnels en sommeil,-0.6264285412005535,1.5248370775944509,Réactiver les clients,Tester une campagne de retour avec une offre ciblée,Taux de réactivation à 60 jours,2011-12-10
12968,113,1,135.95,2,Occasionnels en sommeil,-1.7259675169981263,-0.2863415158025642,Réactiver les clients,Tester une campagne de retour avec une offre ciblée,Taux de réactivation à 60 jours,2011-12-10
12970,8,4,405.47,0,Occasionnels récents,0.6137799439416038,-1.1890109905114763,Encourager un achat supplémentaire,Tester une relance après achat avec des produits complémentaires,Taux de nouvel achat à 60 jours,2011-12-10
12971,4,86,11189.91,3,Champions,4.999722220514355,0.7321292394751064,Maintenir une relation durable,Tester des avantages de fidélité et un accès anticipé,Taux de réachat à 90 jours,2011-12-10
12974,198,1,144.8,2,Occasionnels en sommeil,-1.9146379216739422,0.09856310779593186,Réactiver les clients,Tester une campagne de retour avec une offre ciblée,Taux de réactivation à 60 jours,2011-12-10
12976,212,1,738.6,2,Occasionnels en sommeil,-1.1713295866124676,0.7334544561672631,Réactiver les clients,Tester une campagne de retour avec une offre ciblée,Taux de réactivation à 60 jours,2011-12-10
12977,157,1,39.239999999999995,2,Occasionnels en sommeil,-2.434615616580897,-0.5196951593990389,Réactiver les clients,Tester une campagne de retour avec une offre ciblée,Taux de réactivation à 60 jours,2011-12-10
12980,158,9,7374.900000000001,1,Acheteurs réguliers,1.489437127044189,1.998208822432165,Entretenir la relation et développer les achats,Tester des recommandations adaptées à l'historique d'achat,Nombre de commandes par client sur 90 jours,2011-12-10
12981,30,2,372.21999999999997,0,Occasionnels récents,-0.3734683119885338,-0.6123611589108036,Encourager un achat supplémentaire,Tester une relance après achat avec des produits complémentaires,Taux de nouvel achat à 60 jours,2011-12-10
12982,243,1,390.54,2,Occasionnels en sommeil,-1.5261555622771759,0.5904168948306384,Réactiver les clients,Tester une campagne de retour avec une offre ciblée,Taux de réactivation à 60 jours,2011-12-10
12984,19,1,97.5,0,Occasionnels récents,-1.2000402301096842,-1.537546326618201,Encourager un achat supplémentaire,Tester une relance après achat avec des produits complémentaires,Taux de nouvel achat à 60 jours,2011-12-10
12985,1,2,1239.38,0,Occasionnels récents,1.270276088955954,-1.957064768184853,Encourager un achat supplémentaire,Tester une relance après achat avec des produits complémentaires,Taux de nouvel achat à 60 jours,2011-12-10
12987,74,2,558.7,2,Occasionnels en sommeil,-0.52762196987128,0.10933251855810837,Réactiver les clients,Tester une campagne de retour avec une offre ciblée,Taux de réactivation à 60 jours,2011-12-10
12988,293,1,505.82,2,Occasionnels en sommeil,-1.4768582652615359,0.8054613629010021,Réactiver les clients,Tester une campagne de retour avec une offre ciblée,Taux de réactivation à 60 jours,2011-12-10
12989,4,15,6924.110000000001,3,Champions,3.240600044341128,-0.09289048682614555,Maintenir une relation durable,Tester des avantages de fidélité et un accès anticipé,Taux de réachat à 90 jours,2011-12-10
12990,32,3,409.5,0,Occasionnels récents,-0.0926312812869128,-0.42658558566247706,Encourager un achat supplémentaire,Tester une relance après achat avec des produits complémentaires,Taux de nouvel achat à 60 jours,2011-12-10
12991,24,2,503.76,0,Occasionnels récents,-0.14600159765359935,-0.6423619111034141,Encourager un achat supplémentaire,Tester une relance après achat avec des produits complémentaires,Taux de nouvel achat à 60 jours,2011-12-10
12993,24,4,414.76,0,Occasionnels récents,0.22405182330000578,-0.5167047543216462,Encourager un achat supplémentaire,Tester une relance après achat avec des produits complémentaires,Taux de nouvel achat à 60 jours,2011-12-10
12994,5,3,974.4200000000001,0,Occasionnels récents,0.9859273510580896,-1.219862387578045,Encourager un achat supplémentaire,Tester une relance après achat avec des produits complémentaires,Taux de nouvel achat à 60 jours,2011-12-10
12995,86,1,211.32,2,Occasionnels en sommeil,-1.4121216643915602,-0.30253300298172947,Réactiver les clients,Tester une campagne de retour avec une offre ciblée,Taux de réactivation à 60 jours,2011-12-10
12997,23,4,1226.89,1,Acheteurs réguliers,0.7535281500317675,-0.14930875639657662,Entretenir la relation et développer les achats,Tester des recommandations adaptées à l'historique d'achat,Nombre de commandes par client sur 90 jours,2011-12-10
12999,197,3,455.88,2,Occasionnels en sommeil,-0.7441681140344596,0.7770188413066154,Réactiver les clients,Tester une campagne de retour avec une offre ciblée,Taux de réactivation à 60 jours,2011-12-10
13000,107,3,534.85,1,Acheteurs réguliers,-0.43099412195726,0.4410184207747786,Entretenir la relation et développer les achats,Tester des recommandations adaptées à l'historique d'achat,Nombre de commandes par client sur 90 jours,2011-12-10
13001,5,13,9785.970000000001,3,Champions,3.2123696533116943,0.1001525014583802,Maintenir une relation durable,Tester des avantages de fidélité et un accès anticipé,Taux de réachat à 90 jours,2011-12-10
13002,319,1,120.94999999999999,2,Occasionnels en sommeil,-2.185518177627043,0.3423531677531991,Réactiver les clients,Tester une campagne de retour avec une offre ciblée,Taux de réactivation à 60 jours,2011-12-10
13003,106,3,149.05,2,Occasionnels en sommeil,-1.0308841679678533,-0.02805193140693829,Réactiver les clients,Tester une campagne de retour avec une offre ciblée,Taux de réactivation à 60 jours,2011-12-10
13004,12,18,5655.91,3,Champions,2.925605545922906,0.5206348069605355,Maintenir une relation durable,Tester des avantages de fidélité et un accès anticipé,Taux de réachat à 90 jours,2011-12-10
13005,174,2,513.7,2,Occasionnels en sommeil,-0.8994674769587124,0.629597556137057,Réactiver les clients,Tester une campagne de retour avec une offre ciblée,Taux de réactivation à 60 jours,2011-12-10
13006,57,1,81.57,2,Occasionnels en sommeil,-1.701005125039375,-0.9096419106627631,Réactiver les clients,Tester une campagne de retour avec une offre ciblée,Taux de réactivation à 60 jours,2011-12-10
13008,324,1,229.46999999999997,2,Occasionnels en sommeil,-1.8897954167792497,0.5839671950477913,Réactiver les clients,Tester une campagne de retour avec une offre ciblée,Taux de réactivation à 60 jours,2011-12-10
13011,373,1,50.550000000000004,2,Occasionnels en sommeil,-2.6549071933828783,0.13049475945586952,Réactiver les clients,Tester une campagne de retour avec une offre ciblée,Taux de réactivation à 60 jours,2011-12-10
13012,10,8,1646.8400000000001,3,Champions,1.7304307876762195,-0.3236358053838486,Maintenir une relation durable,Tester des avantages de fidélité et un accès anticipé,Taux de réachat à 90 jours,2011-12-10
13013,2,13,4810.9400000000005,3,Champions,3.1474311519626474,-0.6086530761319473,Maintenir une relation durable,Tester des avantages de fidélité et un accès anticipé,Taux de réachat à 90 jours,2011-12-10
13014,11,10,3466.2799999999997,3,Champions,2.2305477324294833,0.08060608195269418,Maintenir une relation durable,Tester des avantages de fidélité et un accès anticipé,Taux de réachat à 90 jours,2011-12-10
13015,54,5,3339.64,1,Acheteurs réguliers,1.0679491306123312,0.8238398463899939,Entretenir la relation et développer les achats,Tester des recommandations adaptées à l'historique d'achat,Nombre de commandes par client sur 90 jours,2011-12-10
13016,74,3,789.89,1,Acheteurs réguliers,-0.10348185154210203,0.34560894671083314,Entretenir la relation et développer les achats,Tester des recommandations adaptées à l'historique d'achat,Nombre de commandes par client sur 90 jours,2011-12-10
13017,8,1,204.0,0,Occasionnels récents,-0.5395314902532289,-1.7899678040009037,Encourager un achat supplémentaire,Tester une relance après achat avec des produits complémentaires,Taux de nouvel achat à 60 jours,2011-12-10
13018,17,28,7277.7,3,Champions,3.3000358404888157,0.9862846706233624,Maintenir une relation durable,Tester des avantages de fidélité et un accès anticipé,Taux de réachat à 90 jours,2011-12-10
13021,5,9,2616.38,3,Champions,2.282697377906794,-0.5088463466560229,Maintenir une relation durable,Tester des avantages de fidélité et un accès anticipé,Taux de réachat à 90 jours,2011-12-10
13023,65,2,689.9,1,Acheteurs réguliers,-0.3776640380002662,0.10284477345179285,Entretenir la relation et développer les achats,Tester des recommandations adaptées à l'historique d'achat,Nombre de commandes par client sur 90 jours,2011-12-10
13026,2,5,975.36,3,Champions,1.6247985134756968,-1.5143198611157946,Maintenir une relation durable,Tester des avantages de fidélité et un accès anticipé,Taux de réachat à 90 jours,2011-12-10
13027,114,6,6912.0,1,Acheteurs réguliers,1.263086949918557,1.6270409499644503,Entretenir la relation et développer les achats,Tester des recommandations adaptées à l'historique d'achat,Nombre de commandes par client sur 90 jours,2011-12-10
13028,23,2,661.3199999999999,0,Occasionnels récents,-0.0011913800467016895,-0.5700758400680542,Encourager un achat supplémentaire,Tester une relance après achat avec des produits complémentaires,Taux de nouvel achat à 60 jours,2011-12-10
13029,31,3,1247.5,1,Acheteurs réguliers,0.44683518562984187,-0.04197029581079869,Entretenir la relation et développer les achats,Tester des recommandations adaptées à l'historique d'achat,Nombre de commandes par client sur 90 jours,2011-12-10
13030,12,2,752.4399999999999,0,Occasionnels récents,0.30023689938563325,-0.9217126126415157,Encourager un achat supplémentaire,Tester une relance après achat avec des produits complémentaires,Taux de nouvel achat à 60 jours,2011-12-10
13032,53,2,1010.18,1,Acheteurs réguliers,-0.11841723251886509,0.11095420077937827,Entretenir la relation et développer les achats,Tester des recommandations adaptées à l'historique d'achat,Nombre de commandes par client sur 90 jours,2011-12-10
13033,358,1,190.55,2,Occasionnels en sommeil,-2.0164980218952655,0.5813564382601893,Réactiver les clients,Tester une campagne de retour avec une offre ciblée,Taux de réactivation à 60 jours,2011-12-10
13034,55,2,642.77,0,Occasionnels récents,-0.3467646246584118,-0.029655126502789852,Encourager un achat supplémentaire,Tester une relance après achat avec des produits complémentaires,Taux de nouvel achat à 60 jours,2011-12-10
13035,74,2,921.88,1,Acheteurs réguliers,-0.29050137735742565,0.29124779276827667,Entretenir la relation et développer les achats,Tester des recommandations adaptées à l'historique d'achat,Nombre de commandes par client sur 90 jours,2011-12-10
13037,139,3,881.07,1,Acheteurs réguliers,-0.2963877627512819,0.7910076626381654,Entretenir la relation et développer les achats,Tester des recommandations adaptées à l'historique d'achat,Nombre de commandes par client sur 90 jours,2011-12-10
13038,81,3,908.46,1,Acheteurs réguliers,-0.07222184465259561,0.454424564064425,Entretenir la relation et développer les achats,Tester des recommandations adaptées à l'historique d'achat,Nombre de commandes par client sur 90 jours,2011-12-10
13040,9,2,676.99,0,Occasionnels récents,0.35304170149008307,-1.1306353487763232,Encourager un achat supplémentaire,Tester une relance après achat avec des produits complémentaires,Taux de nouvel achat à 60 jours,2011-12-10
13043,274,1,516.42,2,Occasionnels en sommeil,-1.4408577719034021,0.7695643513662968,Réactiver les clients,Tester une campagne de retour avec une offre ciblée,Taux de réactivation à 60 jours,2011-12-10
13044,292,1,560.47,2,Occasionnels en sommeil,-1.4269689003717565,0.8404964787085565,Réactiver les clients,Tester une campagne de retour avec une offre ciblée,Taux de réactivation à 60 jours,2011-12-10
13045,100,1,305.28000000000003,2,Occasionnels en sommeil,-1.2968761881902247,-0.07225990748119417,Réactiver les clients,Tester une campagne de retour avec une offre ciblée,Taux de réactivation à 60 jours,2011-12-10
13046,31,2,629.31,0,Occasionnels récents,-0.13743816114294066,-0.4010984756972994,Encourager un achat supplémentaire,Tester une relance après achat avec des produits complémentaires,Taux de nouvel achat à 60 jours,2011-12-10
13047,32,10,3237.54,3,Champions,1.80168452676621,0.7133334724732541,Maintenir une relation durable,Tester des avantages de fidélité et un accès anticipé,Taux de réachat à 90 jours,2011-12-10
13048,15,4,1819.41,1,Acheteurs réguliers,1.0991555126932075,-0.26963071239234665,Entretenir la relation et développer les achats,Tester des recommandations adaptées à l'historique d'achat,Nombre de commandes par client sur 90 jours,2011-12-10
13049,65,2,656.6800000000001,1,Acheteurs réguliers,-0.4010284404416202,0.0849199629922065,Entretenir la relation et développer les achats,Tester des recommandations adaptées à l'historique d'achat,Nombre de commandes par client sur 90 jours,2011-12-10
13050,15,17,5836.86,3,Champions,2.8102470259945793,0.6462882760370793,Maintenir une relation durable,Tester des avantages de fidélité et un accès anticipé,Taux de réachat à 90 jours,2011-12-10
13052,213,1,348.15000000000003,2,Occasionnels en sommeil,-1.5290646558958896,0.46345861720107623,Réactiver les clients,Tester une campagne de retour avec une offre ciblée,Taux de réactivation à 60 jours,2011-12-10
13055,79,3,1214.41,1,Acheteurs réguliers,0.07495273527936926,0.5438589906889597,Entretenir la relation et développer les achats,Tester des recommandations adaptées à l'historique d'achat,Nombre de commandes par client sur 90 jours,2011-12-10
13058,25,3,271.40000000000003,0,Occasionnels récents,-0.1936346601466959,-0.7307348771784661,Encourager un achat supplémentaire,Tester une relance après achat avec des produits complémentaires,Taux de nouvel achat à 60 jours,2011-12-10
13059,250,1,183.4,2,Occasionnels en sommeil,-1.8942660619954639,0.3348988924437714,Réactiver les clients,Tester une campagne de retour avec une offre ciblée,Taux de réactivation à 60 jours,2011-12-10
13060,254,1,307.53,2,Occasionnels en sommeil,-1.6564135873211014,0.5324070433636546,Réactiver les clients,Tester une campagne de retour avec une offre ciblée,Taux de réactivation à 60 jours,2011-12-10
13061,73,1,248.61,2,Occasionnels en sommeil,-1.2719666494024917,-0.3488748998710673,Réactiver les clients,Tester une campagne de retour avec une offre ciblée,Taux de réactivation à 60 jours,2011-12-10
13062,192,1,346.98,2,Occasionnels en sommeil,-1.4901726315447616,0.3951005463505658,Réactiver les clients,Tester une campagne de retour avec une offre ciblée,Taux de réactivation à 60 jours,2011-12-10
13064,13,4,1105.59,1,Acheteurs réguliers,0.9154733358389897,-0.5374992180164805,Entretenir la relation et développer les achats,Tester des recommandations adaptées à l'historique d'achat,Nombre de commandes par client sur 90 jours,2011-12-10
13065,374,1,205.86,2,Occasionnels en sommeil,-1.9971299214906373,0.6376700005405752,Réactiver les clients,Tester une campagne de retour avec une offre ciblée,Taux de réactivation à 60 jours,2011-12-10
13066,25,2,470.8,0,Occasionnels récents,-0.19339263267624235,-0.6414318455104294,Encourager un achat supplémentaire,Tester une relance après achat avec des produits complémentaires,Taux de nouvel achat à 60 jours,2011-12-10
13067,83,1,115.46000000000001,2,Occasionnels en sommeil,-1.6831153956545009,-0.5437970897421347,Réactiver les clients,Tester une campagne de retour avec une offre ciblée,Taux de réactivation à 60 jours,2011-12-10
13068,11,2,344.0,0,Occasionnels récents,-0.03874917556035521,-1.2578753609624724,Encourager un achat supplémentaire,Tester une relance après achat avec des produits complémentaires,Taux de nouvel achat à 60 jours,2011-12-10
13069,1,24,4431.44,3,Champions,3.7918327443437243,-0.6793745951053638,Maintenir une relation durable,Tester des avantages de fidélité et un accès anticipé,Taux de réachat à 90 jours,2011-12-10
13070,193,1,228.8,2,Occasionnels en sommeil,-1.6889391467510666,0.24752320002890982,Réactiver les clients,Tester une campagne de retour avec une offre ciblée,Taux de réactivation à 60 jours,2011-12-10
13072,267,1,177.15,2,Occasionnels en sommeil,-1.9363018564326075,0.36495390489389906,Réactiver les clients,Tester une campagne de retour avec une offre ciblée,Taux de réactivation à 60 jours,2011-12-10
13075,130,1,919.61,2,Occasionnels en sommeil,-0.876997718646237,0.49712344803090686,Réactiver les clients,Tester une campagne de retour avec une offre ciblée,Taux de réactivation à 60 jours,2011-12-10
13077,2,4,728.02,0,Occasionnels récents,1.3213812698007157,-1.6906178426231566,Encourager un achat supplémentaire,Tester une relance après achat avec des produits complémentaires,Taux de nouvel achat à 60 jours,2011-12-10
13078,4,26,12627.94,3,Champions,3.9987477434171286,0.326658421733052,Maintenir une relation durable,Tester des avantages de fidélité et un accès anticipé,Taux de réachat à 90 jours,2011-12-10
13079,5,5,220.10000000000002,0,Occasionnels récents,0.6489026119785439,-1.6040264405414395,Encourager un achat supplémentaire,Tester une relance après achat avec des produits complémentaires,Taux de nouvel achat à 60 jours,2011-12-10
13080,180,1,58.08,2,Occasionnels en sommeil,-2.3057958105321803,-0.2916624499986469,Réactiver les clients,Tester une campagne de retour avec une offre ciblée,Taux de réactivation à 60 jours,2011-12-10
13081,12,11,28337.38,3,Champions,3.2739857954922864,0.9302594264060206,Maintenir une relation durable,Tester des avantages de fidélité et un accès anticipé,Taux de réachat à 90 jours,2011-12-10
13082,127,9,3613.63,1,Acheteurs réguliers,1.2362664786117696,1.5977947807294026,Entretenir la relation et développer les achats,Tester des recommandations adaptées à l'historique d'achat,Nombre de commandes par client sur 90 jours,2011-12-10
13083,5,2,303.75,0,Occasionnels récents,0.17411511646844047,-1.753554905094832,Encourager un achat supplémentaire,Tester une relance après achat avec des produits complémentaires,Taux de nouvel achat à 60 jours,2011-12-10
13085,158,2,416.08000000000004,2,Occasionnels en sommeil,-0.961602223688484,0.49077244839652084,Réactiver les clients,Tester une campagne de retour avec une offre ciblée,Taux de réactivation à 60 jours,2011-12-10
13089,3,97,58762.08,3,Champions,5.981203032897172,1.2360783274101583,Maintenir une relation durable,Tester des avantages de fidélité et un accès anticipé,Taux de réachat à 90 jours,2011-12-10
13090,9,14,8910.82,3,Champions,3.0301350719358564,0.42462234194154486,Maintenir une relation durable,Tester des avantages de fidélité et un accès anticipé,Taux de réachat à 90 jours,2011-12-10
13091,29,1,345.82,0,Occasionnels récents,-0.7621314849226871,-0.8161075110460598,Encourager un achat supplémentaire,Tester une relance après achat avec des produits complémentaires,Taux de nouvel achat à 60 jours,2011-12-10
13092,71,5,477.83,1,Acheteurs réguliers,0.04131570077213677,0.2922814481681545,Entretenir la relation et développer les achats,Tester des recommandations adaptées à l'historique d'achat,Nombre de commandes par client sur 90 jours,2011-12-10
13093,276,8,7832.47,1,Acheteurs réguliers,1.2050992835751526,2.340462299937899,Entretenir la relation et développer les achats,Tester des recommandations adaptées à l'historique d'achat,Nombre de commandes par client sur 90 jours,2011-12-10
13094,22,12,1927.3200000000002,3,Champions,1.8484482810859366,0.354239378936306,Maintenir une relation durable,Tester des avantages de fidélité et un accès anticipé,Taux de réachat à 90 jours,2011-12-10
13095,71,1,74.39999999999999,2,Occasionnels en sommeil,-1.8288263932263673,-0.8021377658270359,Réactiver les clients,Tester une campagne de retour avec une offre ciblée,Taux de réactivation à 60 jours,2011-12-10
13097,33,10,6003.22,3,Champions,2.082693947317883,0.9573012553321946,Maintenir une relation durable,Tester des avantages de fidélité et un accès anticipé,Taux de réachat à 90 jours,2011-12-10
13098,2,28,28882.44,3,Champions,4.655853583283603,0.32299373357077743,Maintenir une relation durable,Tester des avantages de fidélité et un accès anticipé,Taux de réachat à 90 jours,2011-12-10
13099,100,1,207.35999999999999,2,Occasionnels en sommeil,-1.479533334211813,-0.21239166260500356,Réactiver les clients,Tester une campagne de retour avec une offre ciblée,Taux de réactivation à 60 jours,2011-12-10
13101,235,1,101.19,2,Occasionnels en sommeil,-2.149990231882814,0.08012707324494044,Réactiver les clients,Tester une campagne de retour avec une offre ciblée,Taux de réactivation à 60 jours,2011-12-10
13102,2,24,6424.09,3,Champions,3.808940399057736,-0.28076790874552887,Maintenir une relation durable,Tester des avantages de fidélité et un accès anticipé,Taux de réachat à 90 jours,2011-12-10
13103,40,1,243.94,0,Occasionnels récents,-1.0494739734696943,-0.739572802067464,Encourager un achat supplémentaire,Tester une relance après achat avec des produits complémentaires,Taux de nouvel achat à 60 jours,2011-12-10
13104,4,6,1098.48,3,Champions,1.620312047813282,-1.07986434702436,Maintenir une relation durable,Tester des avantages de fidélité et un accès anticipé,Taux de réachat à 90 jours,2011-12-10
13106,134,1,76.5,2,Occasionnels en sommeil,-2.0621885406241334,-0.38354163267208335,Réactiver les clients,Tester une campagne de retour avec une offre ciblée,Taux de réactivation à 60 jours,2011-12-10
13107,45,4,1531.6200000000001,1,Acheteurs réguliers,0.6036358732785696,0.3542198655913781,Entretenir la relation et développer les achats,Tester des recommandations adaptées à l'historique d'achat,Nombre de commandes par client sur 90 jours,2011-12-10
13108,373,1,350.06,2,Occasionnels en sommeil,-1.7452993714217426,0.8283319004713884,Réactiver les clients,Tester une campagne de retour avec une offre ciblée,Taux de réactivation à 60 jours,2011-12-10
13109,60,2,786.54,1,Acheteurs réguliers,-0.2847103427199542,0.09925921940543728,Entretenir la relation et développer les achats,Tester des recommandations adaptées à l'historique d'achat,Nombre de commandes par client sur 90 jours,2011-12-10
13110,32,7,1488.67,1,Acheteurs réguliers,1.1454446781079752,0.3085260572095421,Entretenir la relation et développer les achats,Tester des recommandations adaptées à l'historique d'achat,Nombre de commandes par client sur 90 jours,2011-12-10
13113,1,24,12245.960000000001,3,Champions,4.273722382800835,-0.30967627076500853,Maintenir une relation durable,Tester des avantages de fidélité et un accès anticipé,Taux de réachat à 90 jours,2011-12-10
13115,12,4,2294.78,1,Acheteurs réguliers,1.2905486310551992,-0.32020281278558194,Entretenir la relation et développer les achats,Tester des recommandations adaptées à l'historique d'achat,Nombre de commandes par client sur 90 jours,2011-12-10
13116,139,1,501.14,2,Occasionnels en sommeil,-1.1904496794607817,0.31981830607539813,Réactiver les clients,Tester une campagne de retour avec une offre ciblée,Taux de réactivation à 60 jours,2011-12-10
13117,22,8,984.91,1,Acheteurs réguliers,1.1977752836556577,-0.03103418516182247,Entretenir la relation et développer les achats,Tester des recommandations adaptées à l'historique d'achat,Nombre de commandes par client sur 90 jours,2011-12-10
13118,20,5,1197.81,1,Acheteurs réguliers,0.9594066491385057,-0.17479136322378383,Entretenir la relation et développer les achats,Tester des recommandations adaptées à l'historique d'achat,Nombre de commandes par client sur 90 jours,2011-12-10
13120,239,1,30.599999999999998,2,Occasionnels en sommeil,-2.7130743287696584,-0.3358836040757649,Réactiver les clients,Tester une campagne de retour avec une offre ciblée,Taux de réactivation à 60 jours,2011-12-10
13121,270,1,283.73,2,Occasionnels en sommeil,-1.7183297324565705,0.5427619813462017,Réactiver les clients,Tester une campagne de retour avec une offre ciblée,Taux de réactivation à 60 jours,2011-12-10
13122,95,2,922.39,1,Acheteurs réguliers,-0.3869978611634591,0.4519108719999575,Entretenir la relation et développer les achats,Tester des recommandations adaptées à l'historique d'achat,Nombre de commandes par client sur 90 jours,2011-12-10
13124,90,3,3756.33,1,Acheteurs réguliers,0.5595921136791154,1.0381502793913253,Entretenir la relation et développer les achats,Tester des recommandations adaptées à l'historique d'achat,Nombre de commandes par client sur 90 jours,2011-12-10
13126,5,8,2099.64,3,Champions,2.08312180086781,-0.6293193746638341,Maintenir une relation durable,Tester des avantages de fidélité et un accès anticipé,Taux de réachat à 90 jours,2011-12-10
13127,78,1,259.17,2,Occasionnels en sommeil,-1.277947263961692,-0.2913027338101557,Réactiver les clients,Tester une campagne de retour avec une offre ciblée,Taux de réactivation à 60 jours,2011-12-10
13130,95,1,64.0,2,Occasionnels en sommeil,-2.0119583223129043,-0.6691299664047198,Réactiver les clients,Tester une campagne de retour avec une offre ciblée,Taux de réactivation à 60 jours,2011-12-10
13131,24,3,1073.3,1,Acheteurs réguliers,0.4723417227127303,-0.2570957711059999,Entretenir la relation et développer les achats,Tester des recommandations adaptées à l'historique d'achat,Nombre de commandes par client sur 90 jours,2011-12-10
13132,262,1,77.3,2,Occasionnels en sommeil,-2.318706916481318,0.05367384451072539,Réactiver les clients,Tester une campagne de retour avec une offre ciblée,Taux de réactivation à 60 jours,2011-12-10
13133,274,2,109.8,2,Occasionnels en sommeil,-1.8048497198353577,0.3647114702371985,Réactiver les clients,Tester une campagne de retour avec une offre ciblée,Taux de réactivation à 60 jours,2011-12-10
13134,86,4,1793.58,1,Acheteurs réguliers,0.428671893027469,0.8258495293583763,Entretenir la relation et développer les achats,Tester des recommandations adaptées à l'historique d'achat,Nombre de commandes par client sur 90 jours,2011-12-10
13135,197,1,3096.0,1,Acheteurs réguliers,-0.4636892194420163,1.2069191433594009,Entretenir la relation et développer les achats,Tester des recommandations adaptées à l'historique d'achat,Nombre de commandes par client sur 90 jours,2011-12-10
13136,57,5,2607.61,1,Acheteurs réguliers,0.9298543038523767,0.7683879510050791,Entretenir la relation et développer les achats,Tester des recommandations adaptées à l'historique d'achat,Nombre de commandes par client sur 90 jours,2011-12-10
13137,11,8,3603.29,3,Champions,2.0674225068584606,0.017622125670238284,Maintenir une relation durable,Tester des avantages de fidélité et un accès anticipé,Taux de réachat à 90 jours,2011-12-10
13138,23,6,962.39,1,Acheteurs réguliers,0.9428314895493486,-0.10830957697717686,Entretenir la relation et développer les achats,Tester des recommandations adaptées à l'historique d'achat,Nombre de commandes par client sur 90 jours,2011-12-10
13139,17,7,5064.94,3,Champions,1.963373654710386,0.35976590309821044,Maintenir une relation durable,Tester des avantages de fidélité et un accès anticipé,Taux de réachat à 90 jours,2011-12-10
13140,109,3,422.47,2,Occasionnels en sommeil,-0.5497871548694695,0.3673270419389656,Réactiver les clients,Tester une campagne de retour avec une offre ciblée,Taux de réactivation à 60 jours,2011-12-10
13141,85,5,2388.75,1,Acheteurs réguliers,0.7339119269493946,0.9925548746610842,Entretenir la relation et développer les achats,Tester des recommandations adaptées à l'historique d'achat,Nombre de commandes par client sur 90 jours,2011-12-10
13142,20,1,307.09,0,Occasionnels récents,-0.678476132708198,-1.0910248025883238,Encourager un achat supplémentaire,Tester une relance après achat avec des produits complémentaires,Taux de nouvel achat à 60 jours,2011-12-10
13144,333,1,110.95,2,Occasionnels en sommeil,-2.2428692809360706,0.33906391709482486,Réactiver les clients,Tester une campagne de retour avec une offre ciblée,Taux de réactivation à 60 jours,2011-12-10
13145,40,4,618.52,1,Acheteurs réguliers,0.2192600405442107,-0.050065559299715914,Entretenir la relation et développer les achats,Tester des recommandations adaptées à l'historique d'achat,Nombre de commandes par client sur 90 jours,2011-12-10
13146,27,1,228.91,0,Occasionnels récents,-0.9300200357006986,-1.010501618105704,Encourager un achat supplémentaire,Tester une relance après achat avec des produits complémentaires,Taux de nouvel achat à 60 jours,2011-12-10
13147,11,4,712.8000000000001,0,Occasionnels récents,0.7680103182079586,-0.7971840169635325,Encourager un achat supplémentaire,Tester une relance après achat avec des produits complémentaires,Taux de nouvel achat à 60 jours,2011-12-10
13148,30,12,3683.26,3,Champions,2.038425124292087,0.7837685993973584,Maintenir une relation durable,Tester des avantages de fidélité et un accès anticipé,Taux de réachat à 90 jours,2011-12-10
13149,15,4,1676.06,1,Acheteurs réguliers,1.060266137348879,-0.29946604345585315,Entretenir la relation et développer les achats,Tester des recommandations adaptées à l'historique d'achat,Nombre de commandes par client sur 90 jours,2011-12-10
13151,296,1,1257.8700000000001,2,Occasionnels en sommeil,-1.0494511518150145,1.1430135481615031,Réactiver les clients,Tester une campagne de retour avec une offre ciblée,Taux de réactivation à 60 jours,2011-12-10
13153,6,1,486.22,0,Occasionnels récents,-0.030554495886382458,-1.638416994897157,Encourager un achat supplémentaire,Tester une relance après achat avec des produits complémentaires,Taux de nouvel achat à 60 jours,2011-12-10
13155,34,4,971.76,1,Acheteurs réguliers,0.49520894937258736,0.011212190689370558,Entretenir la relation et développer les achats,Tester des recommandations adaptées à l'historique d'achat,Nombre de commandes par client sur 90 jours,2011-12-10
13157,50,4,1741.22,1,Acheteurs réguliers,0.6239691181554919,0.46791806967187427,Entretenir la relation et développer les achats,Tester des recommandations adaptées à l'historique d'achat,Nombre de commandes par client sur 90 jours,2011-12-10
13158,95,4,1201.06,1,Acheteurs réguliers,0.2000803191023192,0.7440660886175157,Entretenir la relation et développer les achats,Tester des recommandations adaptées à l'historique d'achat,Nombre de commandes par client sur 90 jours,2011-12-10
13159,9,4,1429.35,1,Acheteurs réguliers,1.1690392649473058,-0.6628566996942856,Entretenir la relation et développer les achats,Tester des recommandations adaptées à l'historique d'achat,Nombre de commandes par client sur 90 jours,2011-12-10
13160,23,1,91.8,0,Occasionnels récents,-1.2997662831091574,-1.4407186946107249,Encourager un achat supplémentaire,Tester une relance après achat avec des produits complémentaires,Taux de nouvel achat à 60 jours,2011-12-10
13161,314,1,112.75,2,Occasionnels en sommeil,-2.212350029465491,0.30679597658741303,Réactiver les clients,Tester une campagne de retour avec une offre ciblée,Taux de réactivation à 60 jours,2011-12-10
13162,123,4,1688.29,1,Acheteurs réguliers,0.2611046238596193,1.0342028190538572,Entretenir la relation et développer les achats,Tester des recommandations adaptées à l'historique d'achat,Nombre de commandes par client sur 90 jours,2011-12-10
13165,47,2,1021.48,1,Acheteurs réguliers,-0.06698214974801393,0.03843624998372472,Entretenir la relation et développer les achats,Tester des recommandations adaptées à l'historique d'achat,Nombre de commandes par client sur 90 jours,2011-12-10
13166,284,1,417.2,2,Occasionnels en sommeil,-1.5558015083023025,0.7153390175974189,Réactiver les clients,Tester une campagne de retour avec une offre ciblée,Taux de réactivation à 60 jours,2011-12-10
13167,19,4,791.33,1,Acheteurs réguliers,0.617278120515516,-0.42717361213392013,Entretenir la relation et développer les achats,Tester des recommandations adaptées à l'historique d'achat,Nombre de commandes par client sur 90 jours,2011-12-10
13168,37,4,1299.59,1,Acheteurs réguliers,0.6006847770209204,0.17031665796431694,Entretenir la relation et développer les achats,Tester des recommandations adaptées à l'historique d'achat,Nombre de commandes par client sur 90 jours,2011-12-10
13169,64,2,712.88,1,Acheteurs réguliers,-0.3561658315811476,0.10482284484530499,Entretenir la relation et développer les achats,Tester des recommandations adaptées à l'historique d'achat,Nombre de commandes par client sur 90 jours,2011-12-10
13170,27,1,108.81,0,Occasionnels récents,-1.280385201427411,-1.279296388400241,Encourager un achat supplémentaire,Tester une relance après achat avec des produits complémentaires,Taux de nouvel achat à 60 jours,2011-12-10
13171,22,3,468.41,0,Occasionnels récents,0.11245383402509776,-0.6124684148177294,Encourager un achat supplémentaire,Tester une relance après achat avec des produits complémentaires,Taux de nouvel achat à 60 jours,2011-12-10
13173,5,2,353.65,0,Occasionnels récents,0.2460147352869595,-1.6983946225807214,Encourager un achat supplémentaire,Tester une relance après achat avec des produits complémentaires,Taux de nouvel achat à 60 jours,2011-12-10
13174,17,3,2742.82,1,Acheteurs réguliers,1.0457009964886013,-0.1295372514733138,Entretenir la relation et développer les achats,Tester des recommandations adaptées à l'historique d'achat,Nombre de commandes par client sur 90 jours,2011-12-10
13176,47,1,481.49,0,Occasionnels récents,-0.789810519192062,-0.3905027127612438,Encourager un achat supplémentaire,Tester une relance après achat avec des produits complémentaires,Taux de nouvel achat à 60 jours,2011-12-10
13177,65,1,282.45,2,Occasionnels en sommeil,-1.166841461699948,-0.37699616398267355,Réactiver les clients,Tester une campagne de retour avec une offre ciblée,Taux de réactivation à 60 jours,2011-12-10
13178,27,11,5725.47,3,Champions,2.21503661939534,0.8472912478059731,Maintenir une relation durable,Tester des avantages de fidélité et un accès anticipé,Taux de réachat à 90 jours,2011-12-10
13182,46,1,121.18,2,Occasionnels en sommeil,-1.4327840673044099,-0.9037979389699774,Réactiver les clients,Tester une campagne de retour avec une offre ciblée,Taux de réactivation à 60 jours,2011-12-10
13183,8,9,3957.78,3,Champions,2.3199571104558254,-0.09477929590354967,Maintenir une relation durable,Tester des avantages de fidélité et un accès anticipé,Taux de réachat à 90 jours,2011-12-10
13184,15,10,1668.95,3,Champions,1.7713873652675016,0.0018491060345255342,Maintenir une relation durable,Tester des avantages de fidélité et un accès anticipé,Taux de réachat à 90 jours,2011-12-10
13185,268,1,71.4,2,Occasionnels en sommeil,-2.364693788104898,0.039839042864313376,Réactiver les clients,Tester une campagne de retour avec une offre ciblée,Taux de réactivation à 60 jours,2011-12-10
13186,40,3,1575.89,1,Acheteurs réguliers,0.46041327901384677,0.204068287325543,Entretenir la relation et développer les achats,Tester des recommandations adaptées à l'historique d'achat,Nombre de commandes par client sur 90 jours,2011-12-10
13187,338,1,236.02,2,Occasionnels en sommeil,-1.8930387172362315,0.6215753390764304,Réactiver les clients,Tester une campagne de retour avec une offre ciblée,Taux de réactivation à 60 jours,2011-12-10
13188,12,1,114.60000000000001,0,Occasionnels récents,-0.955290700150881,-1.759330237523998,Encourager un achat supplémentaire,Tester une relance après achat avec des produits complémentaires,Taux de nouvel achat à 60 jours,2011-12-10
13189,19,2,260.68,0,Occasionnels récents,-0.37003559289889154,-1.0263833784617984,Encourager un achat supplémentaire,Tester une relance après achat avec des produits complémentaires,Taux de nouvel achat à 60 jours,2011-12-10
13192,96,2,911.94,1,Acheteurs réguliers,-0.39645614825211173,0.4545066816068692,Entretenir la relation et développer les achats,Tester des recommandations adaptées à l'historique d'achat,Nombre de commandes par client sur 90 jours,2011-12-10
13193,62,1,112.08,2,Occasionnels en sommeil,-1.5843212762457977,-0.7415075605401207,Réactiver les clients,Tester une campagne de retour avec une offre ciblée,Taux de réactivation à 60 jours,2011-12-10
13194,136,1,60.7,2,Occasionnels en sommeil,-2.1760556085939586,-0.45691733512990357,Réactiver les clients,Tester une campagne de retour avec une offre ciblée,Taux de réactivation à 60 jours,2011-12-10
13196,12,4,1797.78,1,Acheteurs réguliers,1.1748735949125468,-0.40894692267528826,Entretenir la relation et développer les achats,Tester des recommandations adaptées à l'historique d'achat,Nombre de commandes par client sur 90 jours,2011-12-10
13198,11,6,3401.2400000000002,3,Champions,1.8127622974814943,-0.0998977887302362,Maintenir une relation durable,Tester des avantages de fidélité et un accès anticipé,Taux de réachat à 90 jours,2011-12-10
13199,4,38,9817.12,3,Champions,4.211971479237331,0.3763276355924592,Maintenir une relation durable,Tester des avantages de fidélité et un accès anticipé,Taux de réachat à 90 jours,2011-12-10
13200,20,4,870.09,1,Acheteurs réguliers,0.6430882317404589,-0.36098692693007456,Entretenir la relation et développer les achats,Tester des recommandations adaptées à l'historique d'achat,Nombre de commandes par client sur 90 jours,2011-12-10
13203,10,4,869.46,0,Occasionnels récents,0.8961949666484235,-0.7815657881909254,Encourager un achat supplémentaire,Tester une relance après achat avec des produits complémentaires,Taux de nouvel achat à 60 jours,2011-12-10
13207,16,2,250.26000000000002,0,Occasionnels récents,-0.3256018152108237,-1.1468037298881995,Encourager un achat supplémentaire,Tester une relance après achat avec des produits complémentaires,Taux de nouvel achat à 60 jours,2011-12-10
13208,59,6,1217.65,1,Acheteurs réguliers,0.6951293503054111,0.572788935644853,Entretenir la relation et développer les achats,Tester des recommandations adaptées à l'historique d'achat,Nombre de commandes par client sur 90 jours,2011-12-10
13209,31,8,5891.61,3,Champions,1.9160589411854576,0.8339878826590097,Maintenir une relation durable,Tester des avantages de fidélité et un accès anticipé,Taux de réachat à 90 jours,2011-12-10
13210,94,1,353.48,2,Occasionnels en sommeil,-1.2035735706380386,-0.0589048361137123,Réactiver les clients,Tester une campagne de retour avec une offre ciblée,Taux de réactivation à 60 jours,2011-12-10
13211,11,3,1095.42,0,Occasionnels récents,0.7696894059074075,-0.7267710582702673,Encourager un achat supplémentaire,Tester une relance après achat avec des produits complémentaires,Taux de nouvel achat à 60 jours,2011-12-10
13212,20,3,786.83,0,Occasionnels récents,0.39362736803173126,-0.4832446791236231,Encourager un achat supplémentaire,Tester une relance après achat avec des produits complémentaires,Taux de nouvel achat à 60 jours,2011-12-10
13213,57,5,1520.58,1,Acheteurs réguliers,0.6742561862522274,0.5722970035344697,Entretenir la relation et développer les achats,Tester des recommandations adaptées à l'historique d'achat,Nombre de commandes par client sur 90 jours,2011-12-10
13216,268,1,333.74,2,Occasionnels en sommeil,-1.638703149685772,0.5968079027254154,Réactiver les clients,Tester une campagne de retour avec une offre ciblée,Taux de réactivation à 60 jours,2011-12-10
13217,123,3,533.98,2,Occasionnels en sommeil,-0.48591350429604097,0.5302267806602753,Réactiver les clients,Tester une campagne de retour avec une offre ciblée,Taux de réactivation à 60 jours,2011-12-10
13218,128,1,62.63999999999999,2,Occasionnels en sommeil,-2.1377933578334787,-0.4847662694303234,Réactiver les clients,Tester une campagne de retour avec une offre ciblée,Taux de réactivation à 60 jours,2011-12-10
13220,79,4,819.2900000000001,1,Acheteurs réguliers,0.09035434654413431,0.48655008172344966,Entretenir la relation et développer les achats,Tester des recommandations adaptées à l'historique d'achat,Nombre de commandes par client sur 90 jours,2011-12-10
13221,241,2,847.41,2,Occasionnels en sommeil,-0.7895513092589651,1.0220996407565988,Réactiver les clients,Tester une campagne de retour avec une offre ciblée,Taux de réactivation à 60 jours,2011-12-10
13223,201,2,163.20000000000002,2,Occasionnels en sommeil,-1.4974196787709806,0.30726811320041547,Réactiver les clients,Tester une campagne de retour avec une offre ciblée,Taux de réactivation à 60 jours,2011-12-10
13224,61,2,2155.95,1,Acheteurs réguliers,0.18663753934102498,0.47632919923212025,Entretenir la relation et développer les achats,Tester des recommandations adaptées à l'historique d'achat,Nombre de commandes par client sur 90 jours,2011-12-10
13225,4,7,6463.84,3,Champions,2.5810596733555426,-0.38415851793057676,Maintenir une relation durable,Tester des avantages de fidélité et un accès anticipé,Taux de réachat à 90 jours,2011-12-10
13226,274,1,108.21000000000001,2,Occasionnels en sommeil,-2.1784339686106846,0.20370722924790136,Réactiver les clients,Tester une campagne de retour avec une offre ciblée,Taux de réactivation à 60 jours,2011-12-10
13227,202,1,257.7,2,Occasionnels en sommeil,-1.6505460851216427,0.3200906414680985,Réactiver les clients,Tester une campagne de retour avec une offre ciblée,Taux de réactivation à 60 jours,2011-12-10
13228,82,1,358.0,2,Occasionnels en sommeil,-1.144637535714001,-0.1420711018686947,Réactiver les clients,Tester une campagne de retour avec une offre ciblée,Taux de réactivation à 60 jours,2011-12-10
13229,226,1,160.95,2,Occasionnels en sommeil,-1.91642701150804,0.22234766875117765,Réactiver les clients,Tester une campagne de retour avec une offre ciblée,Taux de réactivation à 60 jours,2011-12-10
13230,5,14,2755.63,3,Champions,2.674005734050553,-0.3342444428999614,Maintenir une relation durable,Tester des avantages de fidélité et un accès anticipé,Taux de réachat à 90 jours,2011-12-10
13232,13,7,1328.35,3,Champions,1.4275393152479687,-0.29024648514176193,Maintenir une relation durable,Tester des avantages de fidélité et un accès anticipé,Taux de réachat à 90 jours,2011-12-10
13233,75,2,605.12,2,Occasionnels en sommeil,-0.49503480672689104,0.14692533144555509,Réactiver les clients,Tester une campagne de retour avec une offre ciblée,Taux de réactivation à 60 jours,2011-12-10
13235,213,1,1031.07,2,Occasionnels en sommeil,-1.0151735265112223,0.8577079935420313,Réactiver les clients,Tester une campagne de retour avec une offre ciblée,Taux de réactivation à 60 jours,2011-12-10
13236,25,2,744.85,0,Occasionnels récents,0.02375260401381658,-0.4748413572819725,Encourager un achat supplémentaire,Tester une relance après achat avec des produits complémentaires,Taux de nouvel achat à 60 jours,2011-12-10
13238,18,4,700.73,1,Acheteurs réguliers,0.5798074285630483,-0.504685880314923,Entretenir la relation et développer les achats,Tester des recommandations adaptées à l'historique d'achat,Nombre de commandes par client sur 90 jours,2011-12-10
13239,262,1,329.56,2,Occasionnels en sommeil,-1.635819756733446,0.5775743780035255,Réactiver les clients,Tester une campagne de retour avec une offre ciblée,Taux de réactivation à 60 jours,2011-12-10
13240,97,4,663.65,1,Acheteurs réguliers,-0.0889491324124415,0.5419302111997704,Entretenir la relation et développer les achats,Tester des recommandations adaptées à l'historique d'achat,Nombre de commandes par client sur 90 jours,2011-12-10
13242,113,3,270.40000000000003,2,Occasionnels en sommeil,-0.7747302772038939,0.22871186988878406,Réactiver les clients,Tester une campagne de retour avec une offre ciblée,Taux de réactivation à 60 jours,2011-12-10
13243,204,1,585.12,2,Occasionnels en sommeil,-1.2666043163254812,0.6239656802894892,Réactiver les clients,Tester une campagne de retour avec une offre ciblée,Taux de réactivation à 60 jours,2011-12-10
13244,93,1,121.74000000000001,2,Occasionnels en sommeil,-1.702299426436023,-0.451580222834297,Réactiver les clients,Tester une campagne de retour avec une offre ciblée,Taux de réactivation à 60 jours,2011-12-10
13245,51,1,430.5,0,Occasionnels récents,-0.874142646408278,-0.3791031830544335,Encourager un achat supplémentaire,Tester une relance après achat avec des produits complémentaires,Taux de nouvel achat à 60 jours,2011-12-10
13246,19,6,1961.52,1,Acheteurs réguliers,1.3516623937796668,0.032003282168881264,Entretenir la relation et développer les achats,Tester des recommandations adaptées à l'historique d'achat,Nombre de commandes par client sur 90 jours,2011-12-10
13247,18,4,501.12,0,Occasionnels récents,0.42110555823990015,-0.6264395160975903,Encourager un achat supplémentaire,Tester une relance après achat avec des produits complémentaires,Taux de nouvel achat à 60 jours,2011-12-10
13248,125,2,465.68,2,Occasionnels en sommeil,-0.8171463901364729,0.3804391256292163,Réactiver les clients,Tester une campagne de retour avec une offre ciblée,Taux de réactivation à 60 jours,2011-12-10
13249,93,3,711.41,1,Acheteurs réguliers,-0.24153924231493784,0.45437133475739383,Entretenir la relation et développer les achats,Tester des recommandations adaptées à l'historique d'achat,Nombre de commandes par client sur 90 jours,2011-12-10
13253,157,2,1030.4,2,Occasionnels en sommeil,-0.5298384118907423,0.8160167840756477,Réactiver les clients,Tester une campagne de retour avec une offre ciblée,Taux de réactivation à 60 jours,2011-12-10
13255,10,2,399.51,0,Occasionnels récents,0.06609569109970242,-1.2601630540567748,Encourager un achat supplémentaire,Tester une relance après achat avec des produits complémentaires,Taux de nouvel achat à 60 jours,2011-12-10
13258,12,3,672.83,0,Occasionnels récents,0.5074877450620456,-0.8518303010418123,Encourager un achat supplémentaire,Tester une relance après achat avec des produits complémentaires,Taux de nouvel achat à 60 jours,2011-12-10
13259,62,1,283.18,2,Occasionnels en sommeil,-1.147388079307027,-0.40629912718569655,Réactiver les clients,Tester une campagne de retour avec une offre ciblée,Taux de réactivation à 60 jours,2011-12-10
13260,62,1,557.62,2,Occasionnels en sommeil,-0.826929660684043,-0.1604483536247669,Réactiver les clients,Tester une campagne de retour avec une offre ciblée,Taux de réactivation à 60 jours,2011-12-10
13261,269,2,944.1,2,Occasionnels en sommeil,-0.7812911337607658,1.1325250758881829,Réactiver les clients,Tester une campagne de retour avec une offre ciblée,Taux de réactivation à 60 jours,2011-12-10
13262,264,1,200.29,2,Occasionnels en sommeil,-1.8739862280871888,0.4020591461008375,Réactiver les clients,Tester une campagne de retour avec une offre ciblée,Taux de réactivation à 60 jours,2011-12-10
13263,2,35,7436.93,3,Champions,4.20815569875394,-0.08745419554687288,Maintenir une relation durable,Tester des avantages de fidélité et un accès anticipé,Taux de réachat à 90 jours,2011-12-10
13265,54,5,2092.66,1,Acheteurs réguliers,0.8464041163868359,0.6538739164576458,Entretenir la relation et développer les achats,Tester des recommandations adaptées à l'historique d'achat,Nombre de commandes par client sur 90 jours,2011-12-10
13266,12,12,3834.2599999999998,3,Champions,2.3980955912635427,0.2334945162404334,Maintenir une relation durable,Tester des avantages de fidélité et un accès anticipé,Taux de réachat à 90 jours,2011-12-10
13267,3,19,4521.49,3,Champions,3.32785889379033,-0.30721765649008104,Maintenir une relation durable,Tester des avantages de fidélité et un accès anticipé,Taux de réachat à 90 jours,2011-12-10
13268,18,11,3174.75,3,Champions,2.087487345098754,0.3807827103204152,Maintenir une relation durable,Tester des avantages de fidélité et un accès anticipé,Taux de réachat à 90 jours,2011-12-10
13269,2,15,5343.28,3,Champions,3.3179569199361643,-0.5191933110449727,Maintenir une relation durable,Tester des avantages de fidélité et un accès anticipé,Taux de réachat à 90 jours,2011-12-10
13270,367,1,590.0,2,Occasionnels en sommeil,-1.4919961335888872,1.007286463745986,Réactiver les clients,Tester une campagne de retour avec une offre ciblée,Taux de réactivation à 60 jours,2011-12-10
13271,38,1,211.49,0,Occasionnels récents,-1.0972571898238865,-0.8237770324754377,Encourager un achat supplémentaire,Tester une relance après achat avec des produits complémentaires,Taux de nouvel achat à 60 jours,2011-12-10
13272,32,2,276.56,0,Occasionnels récents,-0.5383834604162955,-0.6794424546998813,Encourager un achat supplémentaire,Tester une relance après achat avec des produits complémentaires,Taux de nouvel achat à 60 jours,2011-12-10
13273,114,1,138.98,2,Occasionnels en sommeil,-1.7190146474868844,-0.27270413639331115,Réactiver les clients,Tester une campagne de retour avec une offre ciblée,Taux de réactivation à 60 jours,2011-12-10
13276,64,2,590.9300000000001,0,Occasionnels récents,-0.4449863109828327,0.036681138152782775,Encourager un achat supplémentaire,Tester une relance après achat avec des produits complémentaires,Taux de nouvel achat à 60 jours,2011-12-10
13277,16,4,258.4,0,Occasionnels récents,0.15154167719387523,-0.9389887161835916,Encourager un achat supplémentaire,Tester une relance après achat avec des produits complémentaires,Taux de nouvel achat à 60 jours,2011-12-10
13278,41,1,542.73,0,Occasionnels récents,-0.6808148330448911,-0.43383326013093887,Encourager un achat supplémentaire,Tester une relance après achat avec des produits complémentaires,Taux de nouvel achat à 60 jours,2011-12-10
13279,79,1,137.75,2,Occasionnels en sommeil,-1.5809561845466014,-0.5118076776451593,Réactiver les clients,Tester une campagne de retour avec une offre ciblée,Taux de réactivation à 60 jours,2011-12-10
13280,123,3,798.46,1,Acheteurs réguliers,-0.2954448778008437,0.6763513835468149,Entretenir la relation et développer les achats,Tester des recommandations adaptées à l'historique d'achat,Nombre de commandes par client sur 90 jours,2011-12-10
13282,19,3,1132.14,1,Acheteurs réguliers,0.5850874207261832,-0.38274503384870345,Entretenir la relation et développer les achats,Tester des recommandations adaptées à l'historique d'achat,Nombre de commandes par client sur 90 jours,2011-12-10
13283,60,2,93.66,2,Occasionnels en sommeil,-1.2892509822368072,-0.6714089201923037,Réactiver les clients,Tester une campagne de retour avec une offre ciblée,Taux de réactivation à 60 jours,2011-12-10
13284,331,1,201.19,2,Occasionnels en sommeil,-1.9602199924190378,0.5501980870638412,Réactiver les clients,Tester une campagne de retour avec une offre ciblée,Taux de réactivation à 60 jours,2011-12-10
13285,24,4,2709.12,1,Acheteurs réguliers,1.1129085988806728,0.16521250283886635,Entretenir la relation et développer les achats,Tester des recommandations adaptées à l'historique d'achat,Nombre de commandes par client sur 90 jours,2011-12-10
13291,156,1,361.11,2,Occasionnels en sommeil,-1.3903828707785304,0.27538784503588093,Réactiver les clients,Tester une campagne de retour avec une offre ciblée,Taux de réactivation à 60 jours,2011-12-10
13292,39,2,578.9399999999999,0,Occasionnels récents,-0.26439116205016056,-0.28634883737905636,Encourager un achat supplémentaire,Tester une relance après achat avec des produits complémentaires,Taux de nouvel achat à 60 jours,2011-12-10
13294,190,2,873.74,2,Occasionnels en sommeil,-0.6822979406747456,0.8793823639515687,Réactiver les clients,Tester une campagne de retour avec une offre ciblée,Taux de réactivation à 60 jours,2011-12-10
13295,360,1,201.20000000000002,2,Occasionnels en sommeil,-1.993020158862827,0.604650060216459,Réactiver les clients,Tester une campagne de retour avec une offre ciblée,Taux de réactivation à 60 jours,2011-12-10
13296,138,1,87.4,2,Occasionnels en sommeil,-2.0112382969426004,-0.3166933002943315,Réactiver les clients,Tester une campagne de retour avec une offre ciblée,Taux de réactivation à 60 jours,2011-12-10
13297,8,4,2089.85,1,Acheteurs réguliers,1.390347010043328,-0.5932406726542154,Entretenir la relation et développer les achats,Tester des recommandations adaptées à l'historique d'achat,Nombre de commandes par client sur 90 jours,2011-12-10
13298,2,1,360.0,0,Occasionnels récents,0.15938199293077532,-2.298239835487272,Encourager un achat supplémentaire,Tester une relance après achat avec des produits complémentaires,Taux de nouvel achat à 60 jours,2011-12-10
13299,269,1,142.5,2,Occasionnels en sommeil,-2.0417699176029984,0.2911089785023592,Réactiver les clients,Tester une campagne de retour avec une offre ciblée,Taux de réactivation à 60 jours,2011-12-10
13300,170,1,371.89,2,Occasionnels en sommeil,-1.4099535830687444,0.3415814740049705,Réactiver les clients,Tester une campagne de retour avec une offre ciblée,Taux de réactivation à 60 jours,2011-12-10
13301,104,4,618.09,1,Acheteurs réguliers,-0.14966055692513425,0.5609459306273213,Entretenir la relation et développer les achats,Tester des recommandations adaptées à l'historique d'achat,Nombre de commandes par client sur 90 jours,2011-12-10
13302,156,1,63.75,2,Occasionnels en sommeil,-2.206587995250827,-0.3507921819959217,Réactiver les clients,Tester une campagne de retour avec une offre ciblée,Taux de réactivation à 60 jours,2011-12-10
13304,352,1,300.42,2,Occasionnels en sommeil,-1.7949341341560547,0.7353131736764493,Réactiver les clients,Tester une campagne de retour avec une offre ciblée,Taux de réactivation à 60 jours,2011-12-10
13305,5,10,2000.86,3,Champions,2.2417848510791023,-0.5697587307370594,Maintenir une relation durable,Tester des avantages de fidélité et un accès anticipé,Taux de réachat à 90 jours,2011-12-10
13307,121,1,15.0,2,Occasionnels en sommeil,-2.7705596228014246,-1.0232565322539078,Réactiver les clients,Tester une campagne de retour avec une offre ciblée,Taux de réactivation à 60 jours,2011-12-10
13308,23,3,1385.51,1,Acheteurs réguliers,0.6093070471511006,-0.19082818153938352,Entretenir la relation et développer les achats,Tester des recommandations adaptées à l'historique d'achat,Nombre de commandes par client sur 90 jours,2011-12-10
13309,8,5,1456.79,3,Champions,1.3842502706784239,-0.6543970619362325,Maintenir une relation durable,Tester des avantages de fidélité et un accès anticipé,Taux de réachat à 90 jours,2011-12-10
13310,29,3,1132.03,1,Acheteurs réguliers,0.42611666969052464,-0.11922299418638735,Entretenir la relation et développer les achats,Tester des recommandations adaptées à l'historique d'achat,Nombre de commandes par client sur 90 jours,2011-12-10
13311,5,2,598.57,0,Occasionnels récents,0.4949809926408296,-1.507391536364317,Encourager un achat supplémentaire,Tester une relance après achat avec des produits complémentaires,Taux de nouvel achat à 60 jours,2011-12-10
13313,23,5,1555.32,1,Acheteurs réguliers,1.0308182311567546,0.006944867557410662,Entretenir la relation et développer les achats,Tester des recommandations adaptées à l'historique d'achat,Nombre de commandes par client sur 90 jours,2011-12-10
13314,2,3,775.94,0,Occasionnels récents,1.1497399103578045,-1.7531736671716474,Encourager un achat supplémentaire,Tester une relance après achat avec des produits complémentaires,Taux de nouvel achat à 60 jours,2011-12-10
13316,38,4,5732.93,1,Acheteurs réguliers,1.2939414651154164,0.7268678313668335,Entretenir la relation et développer les achats,Tester des recommandations adaptées à l'historique d'achat,Nombre de commandes par client sur 90 jours,2011-12-10
13317,67,6,2273.68,1,Acheteurs réguliers,0.941984543143167,0.8811669836717726,Entretenir la relation et développer les achats,Tester des recommandations adaptées à l'historique d'achat,Nombre de commandes par client sur 90 jours,2011-12-10
13318,2,3,640.76,0,Occasionnels récents,1.059107128829913,-1.8227057442016645,Encourager un achat supplémentaire,Tester une relance après achat avec des produits complémentaires,Taux de nouvel achat à 60 jours,2011-12-10
13319,6,26,10845.550000000001,3,Champions,3.7947264877336027,0.49002581539771856,Maintenir une relation durable,Tester des avantages de fidélité et un accès anticipé,Taux de réachat à 90 jours,2011-12-10
13320,79,4,1532.2,1,Acheteurs réguliers,0.38691228411360573,0.7140647735526727,Entretenir la relation et développer les achats,Tester des recommandations adaptées à l'historique d'achat,Nombre de commandes par client sur 90 jours,2011-12-10
13321,73,2,567.36,2,Occasionnels en sommeil,-0.515080615576057,0.1061925795471959,Réactiver les clients,Tester une campagne de retour avec une offre ciblée,Taux de réactivation à 60 jours,2011-12-10
13322,18,1,199.48000000000002,0,Occasionnels récents,-0.8429784589366236,-1.312379352758679,Encourager un achat supplémentaire,Tester une relance après achat avec des produits complémentaires,Taux de nouvel achat à 60 jours,2011-12-10
13323,4,5,787.85,0,Occasionnels récents,1.3234625310985773,-1.2598503652285435,Encourager un achat supplémentaire,Tester une relance après achat avec des produits complémentaires,Taux de nouvel achat à 60 jours,2011-12-10
13324,37,10,7121.95,3,Champions,2.12011097055111,1.0917509540280896,Maintenir une relation durable,Tester des avantages de fidélité et un accès anticipé,Taux de réachat à 90 jours,2011-12-10
13325,82,1,675.3,2,Occasionnels en sommeil,-0.8443528050642152,0.0883027283337186,Réactiver les clients,Tester une campagne de retour avec une offre ciblée,Taux de réactivation à 60 jours,2011-12-10
13327,39,8,3627.77,1,Acheteurs réguliers,1.5987269149977448,0.8026816587655303,Entretenir la relation et développer les achats,Tester des recommandations adaptées à l'historique d'achat,Nombre de commandes par client sur 90 jours,2011-12-10
13328,317,1,1308.48,2,Occasionnels en sommeil,-1.0575404937639414,1.2017596924659937,Réactiver les clients,Tester une campagne de retour avec une offre ciblée,Taux de réactivation à 60 jours,2011-12-10
13329,32,2,789.0,0,Occasionnels récents,-0.042426657988803976,-0.2989520183632566,Encourager un achat supplémentaire,Tester une relance après achat avec des produits complémentaires,Taux de nouvel achat à 60 jours,2011-12-10
13330,93,3,1140.93,1,Acheteurs réguliers,-0.01782603037951295,0.62600067264922,Entretenir la relation et développer les achats,Tester des recommandations adaptées à l'historique d'achat,Nombre de commandes par client sur 90 jours,2011-12-10
13332,15,1,350.9,0,Occasionnels récents,-0.5088495311666421,-1.2194214749154915,Encourager un achat supplémentaire,Tester une relance après achat avec des produits complémentaires,Taux de nouvel achat à 60 jours,2011-12-10
13334,83,3,3502.32,1,Acheteurs réguliers,0.5577762032700637,0.9606592992494254,Entretenir la relation et développer les achats,Tester des recommandations adaptées à l'historique d'achat,Nombre de commandes par client sur 90 jours,2011-12-10
13336,78,1,795.12,2,Occasionnels en sommeil,-0.7476532124827734,0.11553071226084374,Réactiver les clients,Tester une campagne de retour avec une offre ciblée,Taux de réactivation à 60 jours,2011-12-10
13338,158,1,487.02,2,Occasionnels en sommeil,-1.2538546945361422,0.39216469742463084,Réactiver les clients,Tester une campagne de retour avec une offre ciblée,Taux de réactivation à 60 jours,2011-12-10
13339,201,1,860.12,2,Occasionnels en sommeil,-1.0784168354317671,0.7543245078095736,Réactiver les clients,Tester une campagne de retour avec une offre ciblée,Taux de réactivation à 60 jours,2011-12-10
13340,46,7,10736.48,3,Champions,1.9433634895361276,1.2568881680256305,Maintenir une relation durable,Tester des avantages de fidélité et un accès anticipé,Taux de réachat à 90 jours,2011-12-10
13341,261,1,775.85,2,Occasionnels en sommeil,-1.2291865347913569,0.8859153585751316,Réactiver les clients,Tester une campagne de retour avec une offre ciblée,Taux de réactivation à 60 jours,2011-12-10
13343,178,1,353.43,2,Occasionnels en sommeil,-1.4519484478077245,0.35283250962668417,Réactiver les clients,Tester une campagne de retour avec une offre ciblée,Taux de réactivation à 60 jours,2011-12-10
13344,68,3,2511.69,1,Acheteurs réguliers,0.47729160596510023,0.7118972305372357,Entretenir la relation et développer les achats,Tester des recommandations adaptées à l'historique d'achat,Nombre de commandes par client sur 90 jours,2011-12-10
13345,288,1,389.5,2,Occasionnels en sommeil,-1.5937586291100523,0.699469502405038,Réactiver les clients,Tester une campagne de retour avec une offre ciblée,Taux de réactivation à 60 jours,2011-12-10
13347,71,1,341.36,2,Occasionnels en sommeil,-1.1114141688424506,-0.2517501333699272,Réactiver les clients,Tester une campagne de retour avec une offre ciblée,Taux de réactivation à 60 jours,2011-12-10
13348,65,1,233.76,2,Occasionnels en sommeil,-1.256205091237934,-0.44555456711195385,Réactiver les clients,Tester une campagne de retour avec une offre ciblée,Taux de réactivation à 60 jours,2011-12-10
13349,11,1,247.32,0,Occasionnels récents,-0.5613922913039686,-1.5332352737663488,Encourager un achat supplémentaire,Tester une relance après achat avec des produits complémentaires,Taux de nouvel achat à 60 jours,2011-12-10
13350,17,2,979.12,0,Occasionnels récents,0.29739851430064873,-0.6145060630449938,Encourager un achat supplémentaire,Tester une relance après achat avec des produits complémentaires,Taux de nouvel achat à 60 jours,2011-12-10
13351,67,1,373.94,2,Occasionnels en sommeil,-1.0459089843563545,-0.2558369516898757,Réactiver les clients,Tester une campagne de retour avec une offre ciblée,Taux de réactivation à 60 jours,2011-12-10
13352,61,1,397.97999999999996,2,Occasionnels en sommeil,-0.9802365954069441,-0.2932748500021507,Réactiver les clients,Tester une campagne de retour avec une offre ciblée,Taux de réactivation à 60 jours,2011-12-10
13354,72,1,743.53,2,Occasionnels en sommeil,-0.7484595726462697,0.03981657942088113,Réactiver les clients,Tester une campagne de retour avec une offre ciblée,Taux de réactivation à 60 jours,2011-12-10
13355,123,1,674.7,2,Occasionnels en sommeil,-1.0021210749719829,0.34892147103528026,Réactiver les clients,Tester une campagne de retour avec une offre ciblée,Taux de réactivation à 60 jours,2011-12-10
13356,81,1,768.24,2,Occasionnels en sommeil,-0.7785475009734382,0.12726358110568683,Réactiver les clients,Tester une campagne de retour avec une offre ciblée,Taux de réactivation à 60 jours,2011-12-10
13357,258,1,609.4,2,Occasionnels en sommeil,-1.339005219656069,0.7907152915869039,Réactiver les clients,Tester une campagne de retour avec une offre ciblée,Taux de réactivation à 60 jours,2011-12-10
13358,269,1,439.03,2,Occasionnels en sommeil,-1.5104833765139412,0.698703847348433,Réactiver les clients,Tester une campagne de retour avec une offre ciblée,Taux de réactivation à 60 jours,2011-12-10
13359,64,1,439.56,2,Occasionnels en sommeil,-0.9517528470554336,-0.22649850673866787,Réactiver les clients,Tester une campagne de retour avec une offre ciblée,Taux de réactivation à 60 jours,2011-12-10
13362,10,4,3090.7400000000002,3,Champions,1.4971621235794206,-0.320513021809954,Maintenir une relation durable,Tester des avantages de fidélité et un accès anticipé,Taux de réachat à 90 jours,2011-12-10
13363,18,2,992.5,0,Occasionnels récents,0.2826355062669602,-0.5744294714608613,Encourager un achat supplémentaire,Tester une relance après achat avec des produits complémentaires,Taux de nouvel achat à 60 jours,2011-12-10
13364,72,1,134.95999999999998,2,Occasionnels en sommeil,-1.5546972007653024,-0.5787165376016742,Réactiver les clients,Tester une campagne de retour avec une offre ciblée,Taux de réactivation à 60 jours,2011-12-10
13365,34,2,2225.37,1,Acheteurs réguliers,0.4257726696741072,0.11618388441752936,Entretenir la relation et développer les achats,Tester des recommandations adaptées à l'historique d'achat,Nombre de commandes par client sur 90 jours,2011-12-10
13366,51,1,56.160000000000004,2,Occasionnels en sommeil,-1.8325916070419896,-1.1144104950077185,Réactiver les clients,Tester une campagne de retour avec une offre ciblée,Taux de réactivation à 60 jours,2011-12-10
13368,257,2,623.4,2,Occasionnels en sommeil,-0.9600059816610339,0.952196008308051,Réactiver les clients,Tester une campagne de retour avec une offre ciblée,Taux de réactivation à 60 jours,2011-12-10
13369,366,1,308.28000000000003,2,Occasionnels en sommeil,-1.7979731170600488,0.7699586421589694,Réactiver les clients,Tester une campagne de retour avec une offre ciblée,Taux de réactivation à 60 jours,2011-12-10
13370,372,1,754.87,2,Occasionnels en sommeil,-1.3806200609551265,1.1055628381088982,Réactiver les clients,Tester une campagne de retour avec une offre ciblée,Taux de réactivation à 60 jours,2011-12-10
13372,90,1,378.64,2,Occasionnels en sommeil,-1.154199581096398,-0.06192316426905027,Réactiver les clients,Tester une campagne de retour avec une offre ciblée,Taux de réactivation à 60 jours,2011-12-10
13373,61,3,3312.25,1,Acheteurs réguliers,0.6503578363633932,0.7429709321604668,Entretenir la relation et développer les achats,Tester des recommandations adaptées à l'historique d'achat,Nombre de commandes par client sur 90 jours,2011-12-10
13375,89,1,778.65,2,Occasionnels en sommeil,-0.8086613674891487,0.19266319218524716,Réactiver les clients,Tester une campagne de retour avec une offre ciblée,Taux de réactivation à 60 jours,2011-12-10
13376,100,3,1019.76,1,Acheteurs réguliers,-0.09916490054900529,0.631884579596277,Entretenir la relation et développer les achats,Tester des recommandations adaptées à l'historique d'achat,Nombre de commandes par client sur 90 jours,2011-12-10
13379,27,3,572.56,0,Occasionnels récents,0.1303645380776282,-0.4117120752947871,Encourager un achat supplémentaire,Tester une relance après achat avec des produits complémentaires,Taux de nouvel achat à 60 jours,2011-12-10
13381,32,6,3639.31,1,Acheteurs réguliers,1.4483275606177006,0.5822581328358243,Entretenir la relation et développer les achats,Tester des recommandations adaptées à l'historique d'achat,Nombre de commandes par client sur 90 jours,2011-12-10
13382,281,1,222.99,2,Occasionnels en sommeil,-1.8476920435625237,0.4813445098889634,Réactiver les clients,Tester une campagne de retour avec une offre ciblée,Taux de réactivation à 60 jours,2011-12-10
13384,31,7,4151.93,3,Champions,1.643630546382858,0.6614715062351555,Maintenir une relation durable,Tester des avantages de fidélité et un accès anticipé,Taux de réachat à 90 jours,2011-12-10
13385,330,1,534.57,2,Occasionnels en sommeil,-1.4971588122121093,0.9025835854264287,Réactiver les clients,Tester une campagne de retour avec une offre ciblée,Taux de réactivation à 60 jours,2011-12-10
13388,132,2,677.1,2,Occasionnels en sommeil,-0.661172541158663,0.5515024098145589,Réactiver les clients,Tester une campagne de retour avec une offre ciblée,Taux de réactivation à 60 jours,2011-12-10
13389,12,3,797.96,0,Occasionnels récents,0.5882508059864415,-0.7898701219685605,Encourager un achat supplémentaire,Tester une relance après achat avec des produits complémentaires,Taux de nouvel achat à 60 jours,2011-12-10
13390,75,1,544.08,2,Occasionnels en sommeil,-0.9120942872986832,-0.047432439196138196,Réactiver les clients,Tester une campagne de retour avec une offre ciblée,Taux de réactivation à 60 jours,2011-12-10
13391,204,1,59.8,2,Occasionnels en sommeil,-2.340992699253593,-0.2002885745457053,Réactiver les clients,Tester une campagne de retour avec une offre ciblée,Taux de réactivation à 60 jours,2011-12-10
13394,2,8,2520.02,3,Champions,2.4413002008085196,-1.0135161685755127,Maintenir une relation durable,Tester des avantages de fidélité et un accès anticipé,Taux de réachat à 90 jours,2011-12-10
13395,186,1,307.72,2,Occasionnels en sommeil,-1.5345544180240906,0.33102643231386786,Réactiver les clients,Tester une campagne de retour avec une offre ciblée,Taux de réactivation à 60 jours,2011-12-10
13396,30,2,1360.99,1,Acheteurs réguliers,0.24033240711078213,-0.14146268087656635,Entretenir la relation et développer les achats,Tester des recommandations adaptées à l'historique d'achat,Nombre de commandes par client sur 90 jours,2011-12-10
13397,73,5,1544.13,1,Acheteurs réguliers,0.5860492404783109,0.7362412766957255,Entretenir la relation et développer les achats,Tester des recommandations adaptées à l'historique d'achat,Nombre de commandes par client sur 90 jours,2011-12-10
13398,193,1,457.34,2,Occasionnels en sommeil,-1.361586481442752,0.49866313368740095,Réactiver les clients,Tester une campagne de retour avec une offre ciblée,Taux de réactivation à 60 jours,2011-12-10
13402,128,2,621.23,2,Occasionnels en sommeil,-0.6899730708529268,0.5003753498641936,Réactiver les clients,Tester une campagne de retour avec une offre ciblée,Taux de réactivation à 60 jours,2011-12-10
13403,18,1,75.0,0,Occasionnels récents,-1.302893059989668,-1.6652187661425517,Encourager un achat supplémentaire,Tester une relance après achat avec des produits complémentaires,Taux de nouvel achat à 60 jours,2011-12-10
13404,2,2,252.49,0,Occasionnels récents,0.3584761236470987,-2.2711017312900106,Encourager un achat supplémentaire,Tester une relance après achat avec des produits complémentaires,Taux de nouvel achat à 60 jours,2011-12-10
13405,75,3,572.451,1,Acheteurs réguliers,-0.2611055323105947,0.23727492354696703,Entretenir la relation et développer les achats,Tester des recommandations adaptées à l'historique d'achat,Nombre de commandes par client sur 90 jours,2011-12-10
13408,2,62,28117.04,3,Champions,5.344842028294388,0.6112378648323064,Maintenir une relation durable,Tester des avantages de fidélité et un accès anticipé,Taux de réachat à 90 jours,2011-12-10
13410,25,5,1003.06,1,Acheteurs réguliers,0.7916390494028455,-0.10045188309348536,Entretenir la relation et développer les achats,Tester des recommandations adaptées à l'historique d'achat,Nombre de commandes par client sur 90 jours,2011-12-10
13411,108,1,213.55,2,Occasionnels en sommeil,-1.495530252860791,-0.15219371613516486,Réactiver les clients,Tester une campagne de retour avec une offre ciblée,Taux de réactivation à 60 jours,2011-12-10
13414,134,3,1390.5,1,Acheteurs réguliers,-0.06598520570898958,0.9331936808473708,Entretenir la relation et développer les achats,Tester des recommandations adaptées à l'historique d'achat,Nombre de commandes par client sur 90 jours,2011-12-10
13416,44,2,712.5,0,Occasionnels récents,-0.21228613837722107,-0.1343965082538544,Encourager un achat supplémentaire,Tester une relance après achat avec des produits complémentaires,Taux de nouvel achat à 60 jours,2011-12-10
13417,5,2,640.83,0,Occasionnels récents,0.5272755620300317,-1.48261563907234,Encourager un achat supplémentaire,Tester une relance après achat avec des produits complémentaires,Taux de nouvel achat à 60 jours,2011-12-10
13418,12,18,6127.43,3,Champions,2.9635662089891346,0.5497576442378983,Maintenir une relation durable,Tester des avantages de fidélité et un accès anticipé,Taux de réachat à 90 jours,2011-12-10
13419,64,1,221.06,2,Occasionnels en sommeil,-1.2765911663108538,-0.47570947274899994,Réactiver les clients,Tester une campagne de retour avec une offre ciblée,Taux de réactivation à 60 jours,2011-12-10
13420,150,2,159.85,2,Occasionnels en sommeil,-1.3931386549103921,0.11062424720122412,Réactiver les clients,Tester une campagne de retour avec une offre ciblée,Taux de réactivation à 60 jours,2011-12-10
13421,41,2,1833.71,1,Acheteurs réguliers,0.26256952643955395,0.1643128683921337,Entretenir la relation et développer les achats,Tester des recommandations adaptées à l'historique d'achat,Nombre de commandes par client sur 90 jours,2011-12-10
13422,65,1,2626.3,1,Acheteurs réguliers,-0.11106742506975684,0.4329774504613602,Entretenir la relation et développer les achats,Tester des recommandations adaptées à l'historique d'achat,Nombre de commandes par client sur 90 jours,2011-12-10
13425,109,3,1624.21,1,Acheteurs réguliers,0.08789903290419038,0.8565500844383399,Entretenir la relation et développer les achats,Tester des recommandations adaptées à l'historique d'achat,Nombre de commandes par client sur 90 jours,2011-12-10
13426,1,10,3641.32,3,Champions,2.956191647484462,-1.0661445304406596,Maintenir une relation durable,Tester des avantages de fidélité et un accès anticipé,Taux de réachat à 90 jours,2011-12-10
13427,20,3,582.6,0,Occasionnels récents,0.2513514373041067,-0.5923965865030317,Encourager un achat supplémentaire,Tester une relance après achat avec des produits complémentaires,Taux de nouvel achat à 60 jours,2011-12-10
13428,11,1,201.78,0,Occasionnels récents,-0.6574530544829711,-1.606931614895073,Encourager un achat supplémentaire,Tester une relance après achat avec des produits complémentaires,Taux de nouvel achat à 60 jours,2011-12-10
13429,11,4,1006.8,1,Acheteurs réguliers,0.9315544842503765,-0.6717154463275112,Entretenir la relation et développer les achats,Tester des recommandations adaptées à l'historique d'achat,Nombre de commandes par client sur 90 jours,2011-12-10
13430,19,2,679.45,0,Occasionnels récents,0.08307536869412667,-0.6787636127047989,Encourager un achat supplémentaire,Tester une relance après achat avec des produits complémentaires,Taux de nouvel achat à 60 jours,2011-12-10
13431,68,2,1269.1,1,Acheteurs réguliers,-0.10639944300610553,0.3532157805746223,Entretenir la relation et développer les achats,Tester des recommandations adaptées à l'historique d'achat,Nombre de commandes par client sur 90 jours,2011-12-10
13434,75,2,534.24,2,Occasionnels en sommeil,-0.5540011492628794,0.10168725972060237,Réactiver les clients,Tester une campagne de retour avec une offre ciblée,Taux de réactivation à 60 jours,2011-12-10
13435,6,7,3809.8900000000003,3,Champions,2.198582605069933,-0.35769968096163335,Maintenir une relation durable,Tester des avantages de fidélité et un accès anticipé,Taux de réachat à 90 jours,2011-12-10
13436,2,1,196.89,0,Occasionnels récents,-0.12565995251302534,-2.516919635149881,Encourager un achat supplémentaire,Tester une relance après achat avec des produits complémentaires,Taux de nouvel achat à 60 jours,2011-12-10
13437,15,7,3408.06,3,Champions,1.8217280009727117,0.13911937875997255,Maintenir une relation durable,Tester des avantages de fidélité et un accès anticipé,Taux de réachat à 90 jours,2011-12-10
13439,256,1,283.71,2,Occasionnels en sommeil,-1.6975725888567683,0.5082579924675791,Réactiver les clients,Tester une campagne de retour avec une offre ciblée,Taux de réactivation à 60 jours,2011-12-10
13441,92,1,296.64,2,Occasionnels en sommeil,-1.2780992801145694,-0.136308567187651,Réactiver les clients,Tester une campagne de retour avec une offre ciblée,Taux de réactivation à 60 jours,2011-12-10
13447,24,3,1129.14,1,Acheteurs réguliers,0.4963678591174787,-0.2386632885200544,Entretenir la relation et développer les achats,Tester des recommandations adaptées à l'historique d'achat,Nombre de commandes par client sur 90 jours,2011-12-10
13448,17,6,3534.69,3,Champions,1.6720801513880286,0.1776549875615269,Maintenir une relation durable,Tester des avantages de fidélité et un accès anticipé,Taux de réachat à 90 jours,2011-12-10
13449,24,1,291.88,0,Occasionnels récents,-0.7708207197338383,-0.9961096855998216,Encourager un achat supplémentaire,Tester une relance après achat avec des produits complémentaires,Taux de nouvel achat à 60 jours,2011-12-10
13450,27,6,2043.7199999999998,1,Acheteurs réguliers,1.2392348859622504,0.265639991468911,Entretenir la relation et développer les achats,Tester des recommandations adaptées à l'historique d'achat,Nombre de commandes par client sur 90 jours,2011-12-10
13451,27,5,2898.2599999999998,1,Acheteurs réguliers,1.2653802357420834,0.33345067064940287,Entretenir la relation et développer les achats,Tester des recommandations adaptées à l'historique d'achat,Nombre de commandes par client sur 90 jours,2011-12-10
13452,260,2,590.0,2,Occasionnels en sommeil,-0.990603688437485,0.9397129708002498,Réactiver les clients,Tester une campagne de retour avec une offre ciblée,Taux de réactivation à 60 jours,2011-12-10
13453,166,2,356.97999999999996,2,Occasionnels en sommeil,-1.0532934722733247,0.46709858423711687,Réactiver les clients,Tester une campagne de retour avec une offre ciblée,Taux de réactivation à 60 jours,2011-12-10
13455,25,2,1058.34,0,Occasionnels récents,0.19012015004107513,-0.3472067329148238,Encourager un achat supplémentaire,Tester une relance après achat avec des produits complémentaires,Taux de nouvel achat à 60 jours,2011-12-10
13456,18,6,1766.72,1,Acheteurs réguliers,1.3222002868498346,-0.03936492266872787,Entretenir la relation et développer les achats,Tester des recommandations adaptées à l'historique d'achat,Nombre de commandes par client sur 90 jours,2011-12-10
13458,8,14,9646.57,3,Champions,3.109044834107564,0.38499282503275706,Maintenir une relation durable,Tester des avantages de fidélité et un accès anticipé,Taux de réachat à 90 jours,2011-12-10
13460,30,2,183.44,0,Occasionnels récents,-0.7076685983984545,-0.8687544822356235,Encourager un achat supplémentaire,Tester une relance après achat avec des produits complémentaires,Taux de nouvel achat à 60 jours,2011-12-10
13461,39,3,1445.0,1,Acheteurs réguliers,0.4290051630433344,0.15649681433639479,Entretenir la relation et développer les achats,Tester des recommandations adaptées à l'historique d'achat,Nombre de commandes par client sur 90 jours,2011-12-10
13462,253,1,151.5,2,Occasionnels en sommeil,-1.988983980970742,0.27352852314483134,Réactiver les clients,Tester une campagne de retour avec une offre ciblée,Taux de réactivation à 60 jours,2011-12-10
13464,59,1,674.68,2,Occasionnels en sommeil,-0.7175993178297196,-0.12295735946687597,Réactiver les clients,Tester une campagne de retour avec une offre ciblée,Taux de réactivation à 60 jours,2011-12-10
13466,185,1,307.9,2,Occasionnels en sommeil,-1.5321763964292194,0.3277531315629385,Réactiver les clients,Tester une campagne de retour avec une offre ciblée,Taux de réactivation à 60 jours,2011-12-10
13467,11,2,1071.91,0,Occasionnels récents,0.49921221872119437,-0.8451596473346286,Encourager un achat supplémentaire,Tester une relance après achat avec des produits complémentaires,Taux de nouvel achat à 60 jours,2011-12-10
13468,2,37,5704.97,3,Champions,4.131370903400556,-0.16311110377702226,Maintenir une relation durable,Tester des avantages de fidélité et un accès anticipé,Taux de réachat à 90 jours,2011-12-10
13470,100,2,165.0,2,Occasionnels en sommeil,-1.2205666326171538,-0.13932024222659378,Réactiver les clients,Tester une campagne de retour avec une offre ciblée,Taux de réactivation à 60 jours,2011-12-10
13471,2,4,2501.84,3,Champions,1.9062334119399293,-1.2419282679146968,Maintenir une relation durable,Tester des avantages de fidélité et un accès anticipé,Taux de réachat à 90 jours,2011-12-10
13473,61,2,422.64,2,Occasionnels en sommeil,-0.5850697909149222,-0.11571280397477199,Réactiver les clients,Tester une campagne de retour avec une offre ciblée,Taux de réactivation à 60 jours,2011-12-10
13474,237,1,226.84,2,Occasionnels en sommeil,-1.7731214056780475,0.3772780076078096,Réactiver les clients,Tester une campagne de retour avec une offre ciblée,Taux de réactivation à 60 jours,2011-12-10
13475,192,4,1431.78,1,Acheteurs réguliers,0.00961140803917285,1.2618658176692612,Entretenir la relation et développer les achats,Tester des recommandations adaptées à l'historique d'achat,Nombre de commandes par client sur 90 jours,2011-12-10
13476,179,2,1238.47,1,Acheteurs réguliers,-0.49380194476436134,0.9676004065969179,Entretenir la relation et développer les achats,Tester des recommandations adaptées à l'historique d'achat,Nombre de commandes par client sur 90 jours,2011-12-10
13477,38,6,1454.58,1,Acheteurs réguliers,0.9482150417550286,0.35740039971423065,Entretenir la relation et développer les achats,Tester des recommandations adaptées à l'historique d'achat,Nombre de commandes par client sur 90 jours,2011-12-10
13479,201,2,300.95,2,Occasionnels en sommeil,-1.208579994762866,0.5288614795211602,Réactiver les clients,Tester une campagne de retour avec une offre ciblée,Taux de réactivation à 60 jours,2011-12-10
13481,46,5,1804.56,1,Acheteurs réguliers,0.8378197820545449,0.4978493789395756,Entretenir la relation et développer les achats,Tester des recommandations adaptées à l'historique d'achat,Nombre de commandes par client sur 90 jours,2011-12-10
13482,233,1,184.64,2,Occasionnels en sommeil,-1.8635996902859422,0.291750250700477,Réactiver les clients,Tester une campagne de retour avec une offre ciblée,Taux de réactivation à 60 jours,2011-12-10
13483,66,1,140.34,2,Occasionnels en sommeil,-1.502679779860171,-0.6203494172305167,Réactiver les clients,Tester une campagne de retour avec une offre ciblée,Taux de réactivation à 60 jours,2011-12-10
13484,242,1,313.8,2,Occasionnels en sommeil,-1.6279813415009368,0.5083933408036058,Réactiver les clients,Tester une campagne de retour avec une offre ciblée,Taux de réactivation à 60 jours,2011-12-10
13485,234,1,454.24,2,Occasionnels en sommeil,-1.4399530936078253,0.6208196384972875,Réactiver les clients,Tester une campagne de retour avec une offre ciblée,Taux de réactivation à 60 jours,2011-12-10
13486,79,3,1122.41,1,Acheteurs réguliers,0.03763123655717686,0.5152265104728628,Entretenir la relation et développer les achats,Tester des recommandations adaptées à l'historique d'achat,Nombre de commandes par client sur 90 jours,2011-12-10
13487,58,3,575.4,1,Acheteurs réguliers,-0.15943165131751227,0.07456030315961894,Entretenir la relation et développer les achats,Tester des recommandations adaptées à l'historique d'achat,Nombre de commandes par client sur 90 jours,2011-12-10
13488,18,13,8968.31,3,Champions,2.7192031570068687,0.8176730035520541,Maintenir une relation durable,Tester des avantages de fidélité et un accès anticipé,Taux de réachat à 90 jours,2011-12-10
13489,106,4,449.52,1,Acheteurs réguliers,-0.307763258616312,0.45759052800253386,Entretenir la relation et développer les achats,Tester des recommandations adaptées à l'historique d'achat,Nombre de commandes par client sur 90 jours,2011-12-10
13491,52,10,1215.82,1,Acheteurs réguliers,1.1518468438422451,0.66522210936966,Entretenir la relation et développer les achats,Tester des recommandations adaptées à l'historique d'achat,Nombre de commandes par client sur 90 jours,2011-12-10
13492,137,3,1269.84,1,Acheteurs réguliers,-0.11760719735261797,0.9144857691939258,Entretenir la relation et développer les achats,Tester des recommandations adaptées à l'historique d'achat,Nombre de commandes par client sur 90 jours,2011-12-10
13493,276,2,618.63,2,Occasionnels en sommeil,-0.9914936831195091,0.9955949937163855,Réactiver les clients,Tester une campagne de retour avec une offre ciblée,Taux de réactivation à 60 jours,2011-12-10
13494,312,1,316.26000000000005,2,Occasionnels en sommeil,-1.7235110970277194,0.6757701593532373,Réactiver les clients,Tester une campagne de retour avec une offre ciblée,Taux de réactivation à 60 jours,2011-12-10
13495,8,5,2044.8700000000001,3,Champions,1.5449397488882597,-0.5311185639309475,Maintenir une relation durable,Tester des avantages de fidélité et un accès anticipé,Taux de réachat à 90 jours,2011-12-10
13496,11,2,653.33,0,Occasionnels récents,0.26473748502531474,-1.025045059324521,Encourager un achat supplémentaire,Tester une relance après achat avec des produits complémentaires,Taux de nouvel achat à 60 jours,2011-12-10
13497,283,2,348.05,2,Occasionnels en sommeil,-1.2733926467381878,0.8030531929281646,Réactiver les clients,Tester une campagne de retour avec une offre ciblée,Taux de réactivation à 60 jours,2011-12-10
13499,18,5,1159.11,1,Acheteurs réguliers,0.9830760582107495,-0.2517834501305384,Entretenir la relation et développer les achats,Tester des recommandations adaptées à l'historique d'achat,Nombre de commandes par client sur 90 jours,2011-12-10
13500,24,3,1166.77,1,Acheteurs réguliers,0.5118983050799285,-0.2267485690690215,Entretenir la relation et développer les achats,Tester des recommandations adaptées à l'historique d'achat,Nombre de commandes par client sur 90 jours,2011-12-10
13501,289,1,1340.32,2,Occasionnels en sommeil,-1.0100227001614697,1.1505867300842818,Réactiver les clients,Tester une campagne de retour avec une offre ciblée,Taux de réactivation à 60 jours,2011-12-10
13502,17,3,292.0,0,Occasionnels récents,-0.014936631470934275,-0.9432421384354533,Encourager un achat supplémentaire,Tester une relance après achat avec des produits complémentaires,Taux de nouvel achat à 60 jours,2011-12-10
13503,72,1,216.85,2,Occasionnels en sommeil,-1.3311620201368208,-0.4072237825923268,Réactiver les clients,Tester une campagne de retour avec une offre ciblée,Taux de réactivation à 60 jours,2011-12-10
13504,65,1,295.93,2,Occasionnels en sommeil,-1.1448122242288137,-0.36009567156775113,Réactiver les clients,Tester une campagne de retour avec une offre ciblée,Taux de réactivation à 60 jours,2011-12-10
13505,73,4,4393.63,1,Acheteurs réguliers,0.9167601081436249,1.0464366361330384,Entretenir la relation et développer les achats,Tester des recommandations adaptées à l'historique d'achat,Nombre de commandes par client sur 90 jours,2011-12-10
13506,317,2,458.52,2,Occasionnels en sommeil,-1.1873387950985776,0.9765765776248713,Réactiver les clients,Tester une campagne de retour avec une offre ciblée,Taux de réactivation à 60 jours,2011-12-10
13507,4,4,2479.16,3,Champions,1.7016957677577544,-0.9131965746824676,Maintenir une relation durable,Tester des avantages de fidélité et un accès anticipé,Taux de réachat à 90 jours,2011-12-10
13508,244,1,110.97,2,Occasionnels en sommeil,-2.1213239830337596,0.13770124202934686,Réactiver les clients,Tester une campagne de retour avec une offre ciblée,Taux de réactivation à 60 jours,2011-12-10
13509,9,7,979.72,3,Champions,1.4152057426445366,-0.6195979778560129,Maintenir une relation durable,Tester des avantages de fidélité et un accès anticipé,Taux de réachat à 90 jours,2011-12-10
13510,2,4,1791.56,3,Champions,1.747971673425798,-1.3633442413379833,Maintenir une relation durable,Tester des avantages de fidélité et un accès anticipé,Taux de réachat à 90 jours,2011-12-10
13512,261,1,251.21,2,Occasionnels en sommeil,-1.762595995934871,0.476691818090975,Réactiver les clients,Tester une campagne de retour avec une offre ciblée,Taux de réactivation à 60 jours,2011-12-10
13513,127,1,205.1,2,Occasionnels en sommeil,-1.5775626643864022,-0.06236449316393528,Réactiver les clients,Tester une campagne de retour avec une offre ciblée,Taux de réactivation à 60 jours,2011-12-10
13514,74,1,152.20000000000002,2,Occasionnels en sommeil,-1.5086858065067197,-0.5177207257297769,Réactiver les clients,Tester une campagne de retour avec une offre ciblée,Taux de réactivation à 60 jours,2011-12-10
13515,73,4,891.12,1,Acheteurs réguliers,0.16071315563055721,0.4664090340421703,Entretenir la relation et développer les achats,Tester des recommandations adaptées à l'historique d'achat,Nombre de commandes par client sur 90 jours,2011-12-10
13516,22,3,1389.41,1,Acheteurs réguliers,0.627320388107481,-0.21747070764023585,Entretenir la relation et développer les achats,Tester des recommandations adaptées à l'historique d'achat,Nombre de commandes par client sur 90 jours,2011-12-10
13517,60,3,2128.42,1,Acheteurs réguliers,0.4471199458021062,0.5715908171619627,Entretenir la relation et développer les achats,Tester des recommandations adaptées à l'historique d'achat,Nombre de commandes par client sur 90 jours,2011-12-10
13518,86,1,627.16,2,Occasionnels en sommeil,-0.8978131915701546,0.09203655282963434,Réactiver les clients,Tester une campagne de retour avec une offre ciblée,Taux de réactivation à 60 jours,2011-12-10
13519,79,1,122.75,2,Occasionnels en sommeil,-1.635203621181345,-0.5534254772887375,Réactiver les clients,Tester une campagne de retour avec une offre ciblée,Taux de réactivation à 60 jours,2011-12-10
13520,59,6,3624.35,1,Acheteurs réguliers,1.2120488641424811,0.9693616419936836,Entretenir la relation et développer les achats,Tester des recommandations adaptées à l'historique d'achat,Nombre de commandes par client sur 90 jours,2011-12-10
13521,2,3,1071.73,0,Occasionnels récents,1.3026995513846966,-1.6358253814512909,Encourager un achat supplémentaire,Tester une relance après achat avec des produits complémentaires,Taux de nouvel achat à 60 jours,2011-12-10
13522,31,1,125.80000000000001,0,Occasionnels récents,-1.264513046917009,-1.1401691528035345,Encourager un achat supplémentaire,Tester une relance après achat avec des produits complémentaires,Taux de nouvel achat à 60 jours,2011-12-10
13523,34,5,3964.88,1,Acheteurs réguliers,1.3264550497884964,0.5924523587529482,Entretenir la relation et développer les achats,Tester des recommandations adaptées à l'historique d'achat,Nombre de commandes par client sur 90 jours,2011-12-10
13524,41,5,680.1800000000001,1,Acheteurs réguliers,0.4197070650140488,0.070145168027192,Entretenir la relation et développer les achats,Tester des recommandations adaptées à l'historique d'achat,Nombre de commandes par client sur 90 jours,2011-12-10
13525,15,2,628.78,0,Occasionnels récents,0.13384658544899772,-0.8519587449675826,Encourager un achat supplémentaire,Tester une relance après achat avec des produits complémentaires,Taux de nouvel achat à 60 jours,2011-12-10
13527,34,7,2242.36,1,Acheteurs réguliers,1.316507479797916,0.4957033840304121,Entretenir la relation et développer les achats,Tester des recommandations adaptées à l'historique d'achat,Nombre de commandes par client sur 90 jours,2011-12-10
13529,79,2,307.76,2,Occasionnels en sommeil,-0.834958863021486,-0.06509385095309042,Réactiver les clients,Tester une campagne de retour avec une offre ciblée,Taux de réactivation à 60 jours,2011-12-10
13531,206,2,483.8,2,Occasionnels en sommeil,-0.9936665520133198,0.7169858051840172,Réactiver les clients,Tester une campagne de retour avec une offre ciblée,Taux de réactivation à 60 jours,2011-12-10
13532,34,1,210.31,0,Occasionnels récents,-1.0574825401295547,-0.8961428630585717,Encourager un achat supplémentaire,Tester une relance après achat avec des produits complémentaires,Taux de nouvel achat à 60 jours,2011-12-10
13533,183,3,269.09,2,Occasionnels en sommeil,-0.9646686899393947,0.5381370116005255,Réactiver les clients,Tester une campagne de retour avec une offre ciblée,Taux de réactivation à 60 jours,2011-12-10
13534,3,25,5870.08,3,Champions,3.688900568246881,-0.11150650459132437,Maintenir une relation durable,Tester des avantages de fidélité et un accès anticipé,Taux de réachat à 90 jours,2011-12-10
13536,2,7,3444.39,3,Champions,2.4828803052176336,-0.945130050480319,Maintenir une relation durable,Tester des avantages de fidélité et un accès anticipé,Taux de réachat à 90 jours,2011-12-10
13538,44,7,1280.85,1,Acheteurs réguliers,0.952636547783624,0.4554757157917105,Entretenir la relation et développer les achats,Tester des recommandations adaptées à l'historique d'achat,Nombre de commandes par client sur 90 jours,2011-12-10
13539,86,3,631.34,1,Acheteurs réguliers,-0.2677379690855611,0.36069937486143777,Entretenir la relation et développer les achats,Tester des recommandations adaptées à l'historique d'achat,Nombre de commandes par client sur 90 jours,2011-12-10
13544,40,2,276.06,0,Occasionnels récents,-0.6243182297204801,-0.5390037027495724,Encourager un achat supplémentaire,Tester une relance après achat avec des produits complémentaires,Taux de nouvel achat à 60 jours,2011-12-10
13546,13,3,621.09,0,Occasionnels récents,0.4405594963027491,-0.8327210282209931,Encourager un achat supplémentaire,Tester une relance après achat avec des produits complémentaires,Taux de nouvel achat à 60 jours,2011-12-10
13548,97,2,678.16,2,Occasionnels en sommeil,-0.5407355862023334,0.35356872780169185,Réactiver les clients,Tester une campagne de retour avec une offre ciblée,Taux de réactivation à 60 jours,2011-12-10
13549,26,7,918.2,1,Acheteurs réguliers,0.9951773096432323,0.0024625042127349095,Entretenir la relation et développer les achats,Tester des recommandations adaptées à l'historique d'achat,Nombre de commandes par client sur 90 jours,2011-12-10
13551,320,1,91.80000000000001,2,Occasionnels en sommeil,-2.316261520165391,0.24501523815668277,Réactiver les clients,Tester une campagne de retour avec une offre ciblée,Taux de réactivation à 60 jours,2011-12-10
13552,67,12,3740.07,3,Champions,1.7377905889965204,1.299932907637235,Maintenir une relation durable,Tester des avantages de fidélité et un accès anticipé,Taux de réachat à 90 jours,2011-12-10
13555,74,4,4098.88,1,Acheteurs réguliers,0.8785808419602171,1.0299075631788988,Entretenir la relation et développer les achats,Tester des recommandations adaptées à l'historique d'achat,Nombre de commandes par client sur 90 jours,2011-12-10
13557,29,2,584.06,0,Occasionnels récents,-0.14746463312712674,-0.4701484022792437,Encourager un achat supplémentaire,Tester une relance après achat avec des produits complémentaires,Taux de nouvel achat à 60 jours,2011-12-10
13558,6,4,594.52,0,Occasionnels récents,0.8933731842641537,-1.2134398720534838,Encourager un achat supplémentaire,Tester une relance après achat avec des produits complémentaires,Taux de nouvel achat à 60 jours,2011-12-10
13560,8,1,171.42000000000002,0,Occasionnels récents,-0.6215954188279307,-1.8529259887421057,Encourager un achat supplémentaire,Tester une relance après achat avec des produits complémentaires,Taux de nouvel achat à 60 jours,2011-12-10
13561,216,1,141.85999999999999,2,Occasionnels en sommeil,-1.958237155290491,0.14743930381731926,Réactiver les clients,Tester une campagne de retour avec une offre ciblée,Taux de réactivation à 60 jours,2011-12-10
13562,82,3,1799.33,1,Acheteurs réguliers,0.24681054983680523,0.7107052789750812,Entretenir la relation et développer les achats,Tester des recommandations adaptées à l'historique d'achat,Nombre de commandes par client sur 90 jours,2011-12-10
13563,85,2,777.53,1,Acheteurs réguliers,-0.42479286615464396,0.31833557069184143,Entretenir la relation et développer les achats,Tester des recommandations adaptées à l'historique d'achat,Nombre de commandes par client sur 90 jours,2011-12-10
13564,145,3,1724.67,1,Acheteurs réguliers,0.005364441278709388,1.0624033297308388,Entretenir la relation et développer les achats,Tester des recommandations adaptées à l'historique d'achat,Nombre de commandes par client sur 90 jours,2011-12-10
13565,20,2,240.22,0,Occasionnels récents,-0.42776102998370374,-1.0242838820421913,Encourager un achat supplémentaire,Tester une relance après achat avec des produits complémentaires,Taux de nouvel achat à 60 jours,2011-12-10
13566,41,2,856.84,1,Acheteurs réguliers,-0.09788919691167776,-0.11222552418149007,Entretenir la relation et développer les achats,Tester des recommandations adaptées à l'historique d'achat,Nombre de commandes par client sur 90 jours,2011-12-10
13568,174,1,187.05,2,Occasionnels en sommeil,-1.7436066961468766,0.10759077392558626,Réactiver les clients,Tester une campagne de retour avec une offre ciblée,Taux de réactivation à 60 jours,2011-12-10
13569,18,2,338.62,0,Occasionnels récents,-0.22631811755989586,-0.9648908694236376,Encourager un achat supplémentaire,Tester une relance après achat avec des produits complémentaires,Taux de nouvel achat à 60 jours,2011-12-10
13570,244,1,239.49,2,Occasionnels en sommeil,-1.7588627324797748,0.4157759426955748,Réactiver les clients,Tester une campagne de retour avec une offre ciblée,Taux de réactivation à 60 jours,2011-12-10
13571,13,12,2088.94,3,Champions,2.0811923585827414,0.06082682332553299,Maintenir une relation durable,Tester des avantages de fidélité et un accès anticipé,Taux de réachat à 90 jours,2011-12-10
13572,206,1,1384.25,2,Occasionnels en sommeil,-0.862589687619964,0.9431498139532295,Réactiver les clients,Tester une campagne de retour avec une offre ciblée,Taux de réactivation à 60 jours,2011-12-10
13573,51,2,290.25,0,Occasionnels récents,-0.6937924964818079,-0.3663451728381583,Encourager un achat supplémentaire,Tester une relance après achat avec des produits complémentaires,Taux de nouvel achat à 60 jours,2011-12-10
13575,24,5,732.0699999999999,1,Acheteurs réguliers,0.6578610980210136,-0.2403720106239322,Entretenir la relation et développer les achats,Tester des recommandations adaptées à l'historique d'achat,Nombre de commandes par client sur 90 jours,2011-12-10
13576,11,18,6717.34,3,Champions,3.03851486042187,0.5311592561270184,Maintenir une relation durable,Tester des avantages de fidélité et un accès anticipé,Taux de réachat à 90 jours,2011-12-10
13577,26,4,1687.6000000000001,1,Acheteurs réguliers,0.858427060358241,0.04314623116659751,Entretenir la relation et développer les achats,Tester des recommandations adaptées à l'historique d'achat,Nombre de commandes par client sur 90 jours,2011-12-10
13579,15,2,467.04,0,Occasionnels récents,-0.006888495123415971,-0.9599285357896299,Encourager un achat supplémentaire,Tester une relance après achat avec des produits complémentaires,Taux de nouvel achat à 60 jours,2011-12-10
13581,310,1,118.0,2,Occasionnels en sommeil,-2.1859471682621465,0.314901961903344,Réactiver les clients,Tester une campagne de retour avec une offre ciblée,Taux de réactivation à 60 jours,2011-12-10
13583,156,1,781.03,2,Occasionnels en sommeil,-1.0253149729683781,0.5554623254148185,Réactiver les clients,Tester une campagne de retour avec une offre ciblée,Taux de réactivation à 60 jours,2011-12-10
13584,307,1,142.4,2,Occasionnels en sommeil,-2.0937124402166543,0.37644761965443974,Réactiver les clients,Tester une campagne de retour avec une offre ciblée,Taux de réactivation à 60 jours,2011-12-10
13587,64,1,712.4,2,Occasionnels en sommeil,-0.7232155948103506,-0.051168239263169685,Réactiver les clients,Tester une campagne de retour avec une offre ciblée,Taux de réactivation à 60 jours,2011-12-10
13588,16,9,2478.95,3,Champions,1.8489192998723678,0.148492103635982,Maintenir une relation durable,Tester des avantages de fidélité et un accès anticipé,Taux de réachat à 90 jours,2011-12-10
13589,15,2,379.65,0,Occasionnels récents,-0.10488229091664321,-1.0351078698307197,Encourager un achat supplémentaire,Tester une relance après achat avec des produits complémentaires,Taux de nouvel achat à 60 jours,2011-12-10
13590,12,6,1981.92,3,Champions,1.525413828704617,-0.24424927605917787,Maintenir une relation durable,Tester des avantages de fidélité et un accès anticipé,Taux de réachat à 90 jours,2011-12-10
13591,65,3,1117.13,1,Acheteurs réguliers,0.1107989299283224,0.38846870322301386,Entretenir la relation et développer les achats,Tester des recommandations adaptées à l'historique d'achat,Nombre de commandes par client sur 90 jours,2011-12-10
13592,36,4,247.95999999999998,0,Occasionnels récents,-0.172762292128032,-0.44841396162119546,Encourager un achat supplémentaire,Tester une relance après achat avec des produits complémentaires,Taux de nouvel achat à 60 jours,2011-12-10
13593,109,5,2011.88,1,Acheteurs réguliers,0.5560641173995414,1.0901152889552135,Entretenir la relation et développer les achats,Tester des recommandations adaptées à l'historique d'achat,Nombre de commandes par client sur 90 jours,2011-12-10
13594,53,1,396.97,2,Occasionnels en sommeil,-0.9272894661469125,-0.38399629213760694,Réactiver les clients,Tester une campagne de retour avec une offre ciblée,Taux de réactivation à 60 jours,2011-12-10
13596,6,2,664.11,0,Occasionnels récents,0.48374859116758384,-1.3694554239239642,Encourager un achat supplémentaire,Tester une relance après achat avec des produits complémentaires,Taux de nouvel achat à 60 jours,2011-12-10
13598,48,1,160.04,2,Occasionnels en sommeil,-1.318178475820032,-0.7762554128477226,Réactiver les clients,Tester une campagne de retour avec une offre ciblée,Taux de réactivation à 60 jours,2011-12-10
13599,2,21,5149.92,3,Champions,3.5885155659189385,-0.4102745868417589,Maintenir une relation durable,Tester des avantages de fidélité et un accès anticipé,Taux de réachat à 90 jours,2011-12-10
13600,313,1,219.52,2,Occasionnels en sommeil,-1.8972247352984106,0.5455323137688709,Réactiver les clients,Tester une campagne de retour avec une offre ciblée,Taux de réactivation à 60 jours,2011-12-10
13601,46,2,693.32,0,Occasionnels récents,-0.24225070395127182,-0.11604289317449924,Encourager un achat supplémentaire,Tester une relance après achat avec des produits complémentaires,Taux de nouvel achat à 60 jours,2011-12-10
13602,65,1,428.89,2,Occasionnels en sommeil,-0.969361853480115,-0.22549284367054784,Réactiver les clients,Tester une campagne de retour avec une offre ciblée,Taux de réactivation à 60 jours,2011-12-10
13603,27,1,164.34,0,Occasionnels récents,-1.0863390224773364,-1.1304271422546295,Encourager un achat supplémentaire,Tester une relance après achat avec des produits complémentaires,Taux de nouvel achat à 60 jours,2011-12-10
13606,30,3,276.75,0,Occasionnels récents,-0.25335405674278816,-0.6093287002651735,Encourager un achat supplémentaire,Tester une relance après achat avec des produits complémentaires,Taux de nouvel achat à 60 jours,2011-12-10
13607,41,1,675.51,0,Occasionnels récents,-0.577216141237594,-0.35435393601092163,Encourager un achat supplémentaire,Tester une relance après achat avec des produits complémentaires,Taux de nouvel achat à 60 jours,2011-12-10
13610,13,7,1082.33,1,Acheteurs réguliers,1.3305047086651902,-0.3646899439626172,Entretenir la relation et développer les achats,Tester des recommandations adaptées à l'historique d'achat,Nombre de commandes par client sur 90 jours,2011-12-10
13611,90,3,1154.4,1,Acheteurs réguliers,0.00044742389427218784,0.60918306702479,Entretenir la relation et développer les achats,Tester des recommandations adaptées à l'historique d'achat,Nombre de commandes par client sur 90 jours,2011-12-10
13614,25,4,1585.46,1,Acheteurs réguliers,0.8436353267024934,-0.00408207374955998,Entretenir la relation et développer les achats,Tester des recommandations adaptées à l'historique d'achat,Nombre de commandes par client sur 90 jours,2011-12-10
13615,319,1,417.69,2,Occasionnels en sommeil,-1.6006473232344673,0.7910570982148452,Réactiver les clients,Tester une campagne de retour avec une offre ciblée,Taux de réactivation à 60 jours,2011-12-10
13617,41,3,544.18,1,Acheteurs réguliers,-0.05262155027395146,-0.16661423332344233,Entretenir la relation et développer les achats,Tester des recommandations adaptées à l'historique d'achat,Nombre de commandes par client sur 90 jours,2011-12-10
13618,174,1,177.34,2,Occasionnels en sommeil,-1.768744146292604,0.08830570851762409,Réactiver les clients,Tester une campagne de retour avec une offre ciblée,Taux de réactivation à 60 jours,2011-12-10
13621,117,1,213.85,2,Occasionnels en sommeil,-1.5259642853323525,-0.10011556878603288,Réactiver les clients,Tester une campagne de retour avec une offre ciblée,Taux de réactivation à 60 jours,2011-12-10
13623,31,5,727.74,1,Acheteurs réguliers,0.5582937260426636,-0.08206486960079437,Entretenir la relation et développer les achats,Tester des recommandations adaptées à l'historique d'achat,Nombre de commandes par client sur 90 jours,2011-12-10
13626,253,1,257.23,2,Occasionnels en sommeil,-1.739256848569105,0.4651153410038011,Réactiver les clients,Tester une campagne de retour avec une offre ciblée,Taux de réactivation à 60 jours,2011-12-10
13627,60,5,1638.47,1,Acheteurs réguliers,0.6898721811354009,0.6322227482288935,Entretenir la relation et développer les achats,Tester des recommandations adaptées à l'historique d'achat,Nombre de commandes par client sur 90 jours,2011-12-10
13629,24,11,7792.36,3,Champions,2.405576056131475,0.8857268392917867,Maintenir une relation durable,Tester des avantages de fidélité et un accès anticipé,Taux de réachat à 90 jours,2011-12-10
13630,6,7,2031.78,3,Champions,1.9006003051188958,-0.5863071217186075,Maintenir une relation durable,Tester des avantages de fidélité et un accès anticipé,Taux de réachat à 90 jours,2011-12-10
13631,100,11,3070.42,1,Acheteurs réguliers,1.4168143501766453,1.4545955034509992,Entretenir la relation et développer les achats,Tester des recommandations adaptées à l'historique d'achat,Nombre de commandes par client sur 90 jours,2011-12-10
13632,25,5,2118.93,1,Acheteurs réguliers,1.1459846686469055,0.17139662996296195,Entretenir la relation et développer les achats,Tester des recommandations adaptées à l'historique d'achat,Nombre de commandes par client sur 90 jours,2011-12-10
13634,34,5,1547.3600000000001,1,Acheteurs réguliers,0.8805039571680235,0.25032553442984545,Entretenir la relation et développer les achats,Tester des recommandations adaptées à l'historique d'achat,Nombre de commandes par client sur 90 jours,2011-12-10
13635,68,1,1071.03,2,Occasionnels en sommeil,-0.5535180926040448,0.13579707744305314,Réactiver les clients,Tester une campagne de retour avec une offre ciblée,Taux de réactivation à 60 jours,2011-12-10
13636,37,5,949.12,1,Acheteurs réguliers,0.6167137250352032,0.12613475598431703,Entretenir la relation et développer les achats,Tester des recommandations adaptées à l'historique d'achat,Nombre de commandes par client sur 90 jours,2011-12-10
13637,53,3,804.3,1,Acheteurs réguliers,0.03383869085588007,0.1386452532201363,Entretenir la relation et développer les achats,Tester des recommandations adaptées à l'historique d'achat,Nombre de commandes par client sur 90 jours,2011-12-10
13638,16,1,122.64,0,Occasionnels récents,-1.0285576991974557,-1.560496827215502,Encourager un achat supplémentaire,Tester une relance après achat avec des produits complémentaires,Taux de nouvel achat à 60 jours,2011-12-10
13639,75,1,1033.34,2,Occasionnels en sommeil,-0.6083616131700675,0.18558660025091656,Réactiver les clients,Tester une campagne de retour avec une offre ciblée,Taux de réactivation à 60 jours,2011-12-10
13642,216,1,312.28,2,Occasionnels en sommeil,-1.585920881621875,0.4330746267527452,Réactiver les clients,Tester une campagne de retour avec une offre ciblée,Taux de réactivation à 60 jours,2011-12-10
13643,32,3,519.44,0,Occasionnels récents,0.019883407341296545,-0.3402660458136699,Encourager un achat supplémentaire,Tester une relance après achat avec des produits complémentaires,Taux de nouvel achat à 60 jours,2011-12-10
13644,17,4,2624.26,1,Acheteurs réguliers,1.2265838743785737,-0.059891476007475804,Entretenir la relation et développer les achats,Tester des recommandations adaptées à l'historique d'achat,Nombre de commandes par client sur 90 jours,2011-12-10
13645,121,1,252.1,2,Occasionnels en sommeil,-1.4613441493983221,-0.01884654272334723,Réactiver les clients,Tester une campagne de retour avec une offre ciblée,Taux de réactivation à 60 jours,2011-12-10
13647,10,4,1648.1200000000001,1,Acheteurs réguliers,1.199163805210533,-0.5491327516509118,Entretenir la relation et développer les achats,Tester des recommandations adaptées à l'historique d'achat,Nombre de commandes par client sur 90 jours,2011-12-10
13649,257,2,346.6,2,Occasionnels en sommeil,-1.2377328468681277,0.739128225775722,Réactiver les clients,Tester une campagne de retour avec une offre ciblée,Taux de réactivation à 60 jours,2011-12-10
13650,17,6,1836.34,1,Acheteurs réguliers,1.3617078174078177,-0.06045789687705734,Entretenir la relation et développer les achats,Tester des recommandations adaptées à l'historique d'achat,Nombre de commandes par client sur 90 jours,2011-12-10
13651,36,2,94.2,0,Occasionnels récents,-1.0905928012916264,-0.9943172815528194,Encourager un achat supplémentaire,Tester une relance après achat avec des produits complémentaires,Taux de nouvel achat à 60 jours,2011-12-10
13652,46,3,1095.08,1,Acheteurs réguliers,0.2344271631644822,0.16053968838131524,Entretenir la relation et développer les achats,Tester des recommandations adaptées à l'historique d'achat,Nombre de commandes par client sur 90 jours,2011-12-10
13654,44,6,2707.33,1,Acheteurs réguliers,1.1865373659094827,0.6762858118255142,Entretenir la relation et développer les achats,Tester des recommandations adaptées à l'historique d'achat,Nombre de commandes par client sur 90 jours,2011-12-10
13655,115,2,932.97,1,Acheteurs réguliers,-0.45577071387524776,0.5790646957106615,Entretenir la relation et développer les achats,Tester des recommandations adaptées à l'historique d'achat,Nombre de commandes par client sur 90 jours,2011-12-10
13656,165,2,379.65,2,Occasionnels en sommeil,-1.021825169020473,0.4855305627756531,Réactiver les clients,Tester une campagne de retour avec une offre ciblée,Taux de réactivation à 60 jours,2011-12-10
13657,11,2,382.14,0,Occasionnels récents,0.010968104038631257,-1.2197330281715961,Encourager un achat supplémentaire,Tester une relance après achat avec des produits complémentaires,Taux de nouvel achat à 60 jours,2011-12-10
13658,10,5,2639.17,3,Champions,1.587202851214793,-0.3079142239704458,Maintenir une relation durable,Tester des avantages de fidélité et un accès anticipé,Taux de réachat à 90 jours,2011-12-10
13659,206,2,1563.0,1,Acheteurs réguliers,-0.43831339035287525,1.1430442154464704,Entretenir la relation et développer les achats,Tester des recommandations adaptées à l'historique d'achat,Nombre de commandes par client sur 90 jours,2011-12-10
13662,86,3,881.26,1,Acheteurs réguliers,-0.10981844611883484,0.4818528057763528,Entretenir la relation et développer les achats,Tester des recommandations adaptées à l'historique d'achat,Nombre de commandes par client sur 90 jours,2011-12-10
13663,180,1,189.47,2,Occasionnels en sommeil,-1.7507571238019586,0.134154699930584,Réactiver les clients,Tester une campagne de retour avec une offre ciblée,Taux de réactivation à 60 jours,2011-12-10
13666,61,3,84.65,2,Occasionnels en sommeil,-1.082850094488416,-0.5867195542772446,Réactiver les clients,Tester une campagne de retour avec une offre ciblée,Taux de réactivation à 60 jours,2011-12-10
13667,150,1,299.05,2,Occasionnels en sommeil,-1.4642492035777501,0.1816731801398321,Réactiver les clients,Tester une campagne de retour avec une offre ciblée,Taux de réactivation à 60 jours,2011-12-10
13668,3,21,6309.83,3,Champions,3.5720522794807743,-0.14940116635220482,Maintenir une relation durable,Tester des avantages de fidélité et un accès anticipé,Taux de réachat à 90 jours,2011-12-10
13669,51,2,218.55,0,Occasionnels récents,-0.8277876669981606,-0.46914420825258096,Encourager un achat supplémentaire,Tester une relance après achat avec des produits complémentaires,Taux de nouvel achat à 60 jours,2011-12-10
13670,76,1,349.7,2,Occasionnels en sommeil,-1.1263179052179495,-0.19935367604948695,Réactiver les clients,Tester une campagne de retour avec une offre ciblée,Taux de réactivation à 60 jours,2011-12-10
13672,302,2,186.39000000000001,2,Occasionnels en sommeil,-1.593706222882766,0.6188805130052687,Réactiver les clients,Tester une campagne de retour avec une offre ciblée,Taux de réactivation à 60 jours,2011-12-10
13673,19,2,387.44,0,Occasionnels récents,-0.18273939675339604,-0.8826926153816642,Encourager un achat supplémentaire,Tester une relance après achat avec des produits complémentaires,Taux de nouvel achat à 60 jours,2011-12-10
13675,152,2,486.82000000000005,2,Occasionnels en sommeil,-0.8722410896434813,0.5227584482180511,Réactiver les clients,Tester une campagne de retour avec une offre ciblée,Taux de réactivation à 60 jours,2011-12-10
13678,152,1,232.6,2,Occasionnels en sommeil,-1.5881042735399504,0.09916306877548396,Réactiver les clients,Tester une campagne de retour avec une offre ciblée,Taux de réactivation à 60 jours,2011-12-10
13680,2,4,3719.12,3,Champions,2.09415240345445,-1.0977597057993465,Maintenir une relation durable,Tester des avantages de fidélité et un accès anticipé,Taux de réachat à 90 jours,2011-12-10
13681,18,4,827.83,1,Acheteurs réguliers,0.6587371132362021,-0.444132239324,Entretenir la relation et développer les achats,Tester des recommandations adaptées à l'historique d'achat,Nombre de commandes par client sur 90 jours,2011-12-10
13682,188,1,59.5,2,Occasionnels en sommeil,-2.311486481952449,-0.2549098163652465,Réactiver les clients,Tester une campagne de retour avec une offre ciblée,Taux de réactivation à 60 jours,2011-12-10
13684,286,1,65.13,2,Occasionnels en sommeil,-2.4330312685985085,0.04899021498766602,Réactiver les clients,Tester une campagne de retour avec une offre ciblée,Taux de réactivation à 60 jours,2011-12-10
13685,3,7,3119.44,3,Champions,2.3231508585256426,-0.7941682262435877,Maintenir une relation durable,Tester des avantages de fidélité et un accès anticipé,Taux de réachat à 90 jours,2011-12-10
13686,183,1,72.0,2,Occasionnels en sommeil,-2.2119250202760536,-0.20401767076257332,Réactiver les clients,Tester une campagne de retour avec une offre ciblée,Taux de réactivation à 60 jours,2011-12-10
13689,64,1,910.0,2,Occasionnels en sommeil,-0.6072861182442711,0.037771073408830465,Réactiver les clients,Tester une campagne de retour avec une offre ciblée,Taux de réactivation à 60 jours,2011-12-10
13690,60,1,172.25,2,Occasionnels en sommeil,-1.3693858756427162,-0.6072833258396713,Réactiver les clients,Tester une campagne de retour avec une offre ciblée,Taux de réactivation à 60 jours,2011-12-10
13692,25,3,1488.32,1,Acheteurs réguliers,0.6118495101696957,-0.11277980140201298,Entretenir la relation et développer les achats,Tester des recommandations adaptées à l'historique d'achat,Nombre de commandes par client sur 90 jours,2011-12-10
13694,4,50,65039.62,3,Champions,5.351118711468175,1.1671618130099533,Maintenir une relation durable,Tester des avantages de fidélité et un accès anticipé,Taux de réachat à 90 jours,2011-12-10
13695,32,15,2504.13,3,Champions,2.0188306884428218,0.7638531761749188,Maintenir une relation durable,Tester des avantages de fidélité et un accès anticipé,Taux de réachat à 90 jours,2011-12-10
13697,39,1,151.29999999999998,0,Occasionnels récents,-1.2650921792411065,-0.9284674247803228,Encourager un achat supplémentaire,Tester une relance après achat avec des produits complémentaires,Taux de nouvel achat à 60 jours,2011-12-10
13699,156,1,308.58000000000004,2,Occasionnels en sommeil,-1.464696791185165,0.218375347449381,Réactiver les clients,Tester une campagne de retour avec une offre ciblée,Taux de réactivation à 60 jours,2011-12-10
13700,27,10,2248.63,3,Champions,1.6933251254397532,0.4739963502091458,Maintenir une relation durable,Tester des avantages de fidélité et un accès anticipé,Taux de réachat à 90 jours,2011-12-10
13703,319,1,99.5,2,Occasionnels en sommeil,-2.2772437146639946,0.2719827454914673,Réactiver les clients,Tester une campagne de retour avec une offre ciblée,Taux de réactivation à 60 jours,2011-12-10
13704,6,9,2308.06,3,Champions,2.162850471521567,-0.454237613060299,Maintenir une relation durable,Tester des avantages de fidélité et un accès anticipé,Taux de réachat à 90 jours,2011-12-10
13705,8,3,711.86,0,Occasionnels récents,0.6783178377650797,-1.070373721852774,Encourager un achat supplémentaire,Tester une relance après achat avec des produits complémentaires,Taux de nouvel achat à 60 jours,2011-12-10
13706,303,1,330.79,2,Occasionnels en sommeil,-1.6908429353578065,0.673095081621406,Réactiver les clients,Tester une campagne de retour avec une offre ciblée,Taux de réactivation à 60 jours,2011-12-10
13707,268,2,806.41,2,Occasionnels en sommeil,-0.8544956844126966,1.0728359644395395,Réactiver les clients,Tester une campagne de retour avec une offre ciblée,Taux de réactivation à 60 jours,2011-12-10
13708,272,1,285.33,2,Occasionnels en sommeil,-1.718554829828516,0.5495798766292094,Réactiver les clients,Tester une campagne de retour avec une offre ciblée,Taux de réactivation à 60 jours,2011-12-10
13709,4,13,6307.650000000001,3,Champions,3.0756190917804562,-0.17809635474805713,Maintenir une relation durable,Tester des avantages de fidélité et un accès anticipé,Taux de réachat à 90 jours,2011-12-10
13710,32,1,180.48,0,Occasionnels récents,-1.1065758345352412,-0.9897470584712204,Encourager un achat supplémentaire,Tester une relance après achat avec des produits complémentaires,Taux de nouvel achat à 60 jours,2011-12-10
13711,219,2,252.06,2,Occasionnels en sommeil,-1.3257883955189358,0.5200939259964665,Réactiver les clients,Tester une campagne de retour avec une offre ciblée,Taux de réactivation à 60 jours,2011-12-10
13712,247,1,228.84,2,Occasionnels en sommeil,-1.7851096313103234,0.4072104419736157,Réactiver les clients,Tester une campagne de retour avec une offre ciblée,Taux de réactivation à 60 jours,2011-12-10
13715,282,5,1077.39,1,Acheteurs réguliers,-0.1102362347090847,1.4773342132700582,Entretenir la relation et développer les achats,Tester des recommandations adaptées à l'historique d'achat,Nombre de commandes par client sur 90 jours,2011-12-10
13716,270,1,138.28,2,Occasionnels en sommeil,-2.057371646559168,0.28265423566776293,Réactiver les clients,Tester une campagne de retour avec une offre ciblée,Taux de réactivation à 60 jours,2011-12-10
13717,33,6,1445.01,1,Acheteurs réguliers,0.9988642521688395,0.26581846482599186,Entretenir la relation et développer les achats,Tester des recommandations adaptées à l'historique d'achat,Nombre de commandes par client sur 90 jours,2011-12-10
13718,247,2,306.55,2,Occasionnels en sommeil,-1.2802811650027186,0.6689032295280465,Réactiver les clients,Tester une campagne de retour avec une offre ciblée,Taux de réactivation à 60 jours,2011-12-10
13719,16,5,1041.68,1,Acheteurs réguliers,0.9760703663935206,-0.36290204276353655,Entretenir la relation et développer les achats,Tester des recommandations adaptées à l'historique d'achat,Nombre de commandes par client sur 90 jours,2011-12-10
13720,117,4,799.9,1,Acheteurs réguliers,-0.07332520590051815,0.730480813686808,Entretenir la relation et développer les achats,Tester des recommandations adaptées à l'historique d'achat,Nombre de commandes par client sur 90 jours,2011-12-10
13721,37,1,524.14,0,Occasionnels récents,-0.6580810774910659,-0.511543166036728,Encourager un achat supplémentaire,Tester une relance après achat avec des produits complémentaires,Taux de nouvel achat à 60 jours,2011-12-10
13722,132,3,2375.41,1,Acheteurs réguliers,0.19363309720620658,1.1181788059311801,Entretenir la relation et développer les achats,Tester des recommandations adaptées à l'historique d'achat,Nombre de commandes par client sur 90 jours,2011-12-10
13723,218,1,199.85000000000002,2,Occasionnels en sommeil,-1.8002941060015858,0.27733300534885097,Réactiver les clients,Tester une campagne de retour avec une offre ciblée,Taux de réactivation à 60 jours,2011-12-10
13725,50,8,1980.56,1,Acheteurs réguliers,1.216638607067134,0.7405220751735967,Entretenir la relation et développer les achats,Tester des recommandations adaptées à l'historique d'achat,Nombre de commandes par client sur 90 jours,2011-12-10
13726,39,2,1079.6599999999999,1,Acheteurs réguliers,0.030719769502328045,-0.059944266326660396,Entretenir la relation et développer les achats,Tester des recommandations adaptées à l'historique d'achat,Nombre de commandes par client sur 90 jours,2011-12-10
13727,29,2,333.48,0,Occasionnels récents,-0.4125784621800839,-0.6735396573270673,Encourager un achat supplémentaire,Tester une relance après achat avec des produits complémentaires,Taux de nouvel achat à 60 jours,2011-12-10
13728,37,6,1016.14,1,Acheteurs réguliers,0.7884570802112814,0.21014124984435867,Entretenir la relation et développer les achats,Tester des recommandations adaptées à l'historique d'achat,Nombre de commandes par client sur 90 jours,2011-12-10
13730,136,2,752.6,2,Occasionnels en sommeil,-0.6227325619278831,0.6091643798967049,Réactiver les clients,Tester une campagne de retour avec une offre ciblée,Taux de réactivation à 60 jours,2011-12-10
13731,220,2,610.59,2,Occasionnels en sommeil,-0.909160967644343,0.8440357276485043,Réactiver les clients,Tester une campagne de retour avec une offre ciblée,Taux de réactivation à 60 jours,2011-12-10
13732,29,1,491.86,0,Occasionnels récents,-0.5955067607434352,-0.6882755835533381,Encourager un achat supplémentaire,Tester une relance après achat avec des produits complémentaires,Taux de nouvel achat à 60 jours,2011-12-10
13735,25,4,2883.54,1,Acheteurs réguliers,1.1271095897069148,0.21339502403966595,Entretenir la relation et développer les achats,Tester des recommandations adaptées à l'historique d'achat,Nombre de commandes par client sur 90 jours,2011-12-10
13736,6,2,729.8,0,Occasionnels récents,0.5284073488095418,-1.3351939114328146,Encourager un achat supplémentaire,Tester une relance après achat avec des produits complémentaires,Taux de nouvel achat à 60 jours,2011-12-10
13737,201,1,339.59999999999997,2,Occasionnels en sommeil,-1.5182009855020862,0.41692886702964627,Réactiver les clients,Tester une campagne de retour avec une offre ciblée,Taux de réactivation à 60 jours,2011-12-10
13739,19,1,216.9,0,Occasionnels récents,-0.8235763640012387,-1.2487290345083368,Encourager un achat supplémentaire,Tester une relance après achat avec des produits complémentaires,Taux de nouvel achat à 60 jours,2011-12-10
13740,241,1,350.75,2,Occasionnels en sommeil,-1.5737425732883144,0.5460840083876604,Réactiver les clients,Tester une campagne de retour avec une offre ciblée,Taux de réactivation à 60 jours,2011-12-10
13741,72,3,668.4300000000001,1,Acheteurs réguliers,-0.1719435632326091,0.2673895963497797,Entretenir la relation et développer les achats,Tester des recommandations adaptées à l'historique d'achat,Nombre de commandes par client sur 90 jours,2011-12-10
13742,17,12,3107.87,3,Champions,2.170983534416282,0.36864175177981784,Maintenir une relation durable,Tester des avantages de fidélité et un accès anticipé,Taux de réachat à 90 jours,2011-12-10
13743,3,7,1341.6,3,Champions,1.9232705823089276,-1.100950228295777,Maintenir une relation durable,Tester des avantages de fidélité et un accès anticipé,Taux de réachat à 90 jours,2011-12-10
13744,96,2,1080.52,1,Acheteurs réguliers,-0.3161105515406612,0.5161465885520627,Entretenir la relation et développer les achats,Tester des recommandations adaptées à l'historique d'achat,Nombre de commandes par client sur 90 jours,2011-12-10
13745,163,1,300.04,2,Occasionnels en sommeil,-1.4950577097052435,0.2365537186051891,Réactiver les clients,Tester une campagne de retour avec une offre ciblée,Taux de réactivation à 60 jours,2011-12-10
13747,374,1,79.6,2,Occasionnels en sommeil,-2.4440350568598523,0.2948112492835622,Réactiver les clients,Tester une campagne de retour avec une offre ciblée,Taux de réactivation à 60 jours,2011-12-10
13748,96,5,948.25,1,Acheteurs réguliers,0.24896711388148857,0.734944283769481,Entretenir la relation et développer les achats,Tester des recommandations adaptées à l'historique d'achat,Nombre de commandes par client sur 90 jours,2011-12-10
13750,54,5,1647.26,1,Acheteurs réguliers,0.7329909809638988,0.56686510203638,Entretenir la relation et développer les achats,Tester des recommandations adaptées à l'historique d'achat,Nombre de commandes par client sur 90 jours,2011-12-10
13751,289,1,296.25,2,Occasionnels en sommeil,-1.7244859171659934,0.6024615307646022,Réactiver les clients,Tester une campagne de retour avec une offre ciblée,Taux de réactivation à 60 jours,2011-12-10
13752,125,6,1175.38,1,Acheteurs réguliers,0.38758386033403996,1.0422160844491946,Entretenir la relation et développer les achats,Tester des recommandations adaptées à l'historique d'achat,Nombre de commandes par client sur 90 jours,2011-12-10
13753,288,1,741.26,2,Occasionnels en sommeil,-1.2892268408824799,0.9331016099070254,Réactiver les clients,Tester une campagne de retour avec une offre ciblée,Taux de réactivation à 60 jours,2011-12-10
13754,152,2,282.59999999999997,2,Occasionnels en sommeil,-1.1294102714076621,0.3254622044668798,Réactiver les clients,Tester une campagne de retour avec une offre ciblée,Taux de réactivation à 60 jours,2011-12-10
13755,4,9,2108.06,3,Champions,2.2517760450776563,-0.7059046451184365,Maintenir une relation durable,Tester des avantages de fidélité et un accès anticipé,Taux de réachat à 90 jours,2011-12-10
13756,3,14,5189.52,3,Champions,3.1329831324316517,-0.3676059935970255,Maintenir une relation durable,Tester des avantages de fidélité et un accès anticipé,Taux de réachat à 90 jours,2011-12-10
13758,12,7,3190.55,3,Champions,1.8718530887668674,-0.01983138350075503,Maintenir une relation durable,Tester des avantages de fidélité et un accès anticipé,Taux de réachat à 90 jours,2011-12-10
13759,34,2,659.4100000000001,0,Occasionnels récents,-0.1504436643611807,-0.32588043103952163,Encourager un achat supplémentaire,Tester une relance après achat avec des produits complémentaires,Taux de nouvel achat à 60 jours,2011-12-10
13760,55,2,286.79,0,Occasionnels récents,-0.7285061267335816,-0.3225213398130007,Encourager un achat supplémentaire,Tester une relance après achat avec des produits complémentaires,Taux de nouvel achat à 60 jours,2011-12-10
13761,51,2,1070.65,1,Acheteurs réguliers,-0.07608541231949065,0.10755020843449917,Entretenir la relation et développer les achats,Tester des recommandations adaptées à l'historique d'achat,Nombre de commandes par client sur 90 jours,2011-12-10
13762,219,1,306.72,2,Occasionnels en sommeil,-1.5997931272859414,0.4354855599931283,Réactiver les clients,Tester une campagne de retour avec une offre ciblée,Taux de réactivation à 60 jours,2011-12-10
13763,64,1,1714.96,1,Acheteurs réguliers,-0.30706269663476804,0.26809786825781307,Entretenir la relation et développer les achats,Tester des recommandations adaptées à l'historique d'achat,Nombre de commandes par client sur 90 jours,2011-12-10
13764,71,3,1519.42,1,Acheteurs réguliers,0.22241365484461073,0.5568208681523861,Entretenir la relation et développer les achats,Tester des recommandations adaptées à l'historique d'achat,Nombre de commandes par client sur 90 jours,2011-12-10
13767,3,37,17220.36,3,Champions,4.542373646143954,0.4257076844669247,Maintenir une relation durable,Tester des avantages de fidélité et un accès anticipé,Taux de réachat à 90 jours,2011-12-10
13769,3,10,2796.51,3,Champions,2.5593846089975734,-0.711583034328277,Maintenir une relation durable,Tester des avantages de fidélité et un accès anticipé,Taux de réachat à 90 jours,2011-12-10
13771,65,4,2634.45,1,Acheteurs réguliers,0.7191582002779748,0.7860677969909414,Entretenir la relation et développer les achats,Tester des recommandations adaptées à l'historique d'achat,Nombre de commandes par client sur 90 jours,2011-12-10
13772,34,3,1122.63,1,Acheteurs réguliers,0.3617461946584937,-0.022053595087819938,Entretenir la relation et développer les achats,Tester des recommandations adaptées à l'historique d'achat,Nombre de commandes par client sur 90 jours,2011-12-10
13774,82,1,345.0,2,Occasionnels en sommeil,-1.162125826431035,-0.1554878497248326,Réactiver les clients,Tester une campagne de retour avec une offre ciblée,Taux de réactivation à 60 jours,2011-12-10
13777,1,33,25977.16,3,Champions,4.908381991114309,0.08197307179441059,Maintenir une relation durable,Tester des avantages de fidélité et un accès anticipé,Taux de réachat à 90 jours,2011-12-10
13778,104,1,178.7,2,Occasionnels en sommeil,-1.5649205973220544,-0.24097382758585428,Réactiver les clients,Tester une campagne de retour avec une offre ciblée,Taux de réactivation à 60 jours,2011-12-10
13780,8,2,360.01,0,Occasionnels récents,0.09551764929404373,-1.428371717331518,Encourager un achat supplémentaire,Tester une relance après achat avec des produits complémentaires,Taux de nouvel achat à 60 jours,2011-12-10
13781,251,1,127.84,2,Occasionnels en sommeil,-2.0658236525457614,0.20706273151779286,Réactiver les clients,Tester une campagne de retour avec une offre ciblée,Taux de réactivation à 60 jours,2011-12-10
13782,13,6,908.86,1,Acheteurs réguliers,1.1269888304310027,-0.4794592146082154,Entretenir la relation et développer les achats,Tester des recommandations adaptées à l'historique d'achat,Nombre de commandes par client sur 90 jours,2011-12-10
13784,10,11,2462.79,3,Champions,2.181349602039487,-0.06681517320233397,Maintenir une relation durable,Tester des avantages de fidélité et un accès anticipé,Taux de réachat à 90 jours,2011-12-10
13786,368,1,230.39999999999998,2,Occasionnels en sommeil,-1.9376532704902696,0.6679651199244726,Réactiver les clients,Tester une campagne de retour avec une offre ciblée,Taux de réactivation à 60 jours,2011-12-10
13787,76,2,309.04,2,Occasionnels en sommeil,-0.8180162351421605,-0.08843322609398419,Réactiver les clients,Tester une campagne de retour avec une offre ciblée,Taux de réactivation à 60 jours,2011-12-10
13790,5,1,348.8,0,Occasionnels récents,-0.12724504689608895,-1.859149937787232,Encourager un achat supplémentaire,Tester une relance après achat avec des produits complémentaires,Taux de nouvel achat à 60 jours,2011-12-10
13791,128,2,1516.0,1,Acheteurs réguliers,-0.2674217907529868,0.8245501976591906,Entretenir la relation et développer les achats,Tester des recommandations adaptées à l'historique d'achat,Nombre de commandes par client sur 90 jours,2011-12-10
13792,67,2,195.55,2,Occasionnels en sommeil,-0.9854062105868707,-0.335024006496553,Réactiver les clients,Tester une campagne de retour avec une offre ciblée,Taux de réactivation à 60 jours,2011-12-10
13798,2,57,37153.85,3,Champions,5.402186846273496,0.6808479374789683,Maintenir une relation durable,Tester des avantages de fidélité et un accès anticipé,Taux de réachat à 90 jours,2011-12-10
13799,117,2,688.86,2,Occasionnels en sommeil,-0.6061167933816587,0.4799734367092258,Réactiver les clients,Tester une campagne de retour avec une offre ciblée,Taux de réactivation à 60 jours,2011-12-10
13800,310,1,558.32,2,Occasionnels en sommeil,-1.4521565796989657,0.8778548236355552,Réactiver les clients,Tester une campagne de retour avec une offre ciblée,Taux de réactivation à 60 jours,2011-12-10
13801,67,1,324.8,2,Occasionnels en sommeil,-1.1125183908599647,-0.3069386646226014,Réactiver les clients,Tester une campagne de retour avec une offre ciblée,Taux de réactivation à 60 jours,2011-12-10
13802,139,3,4599.42,1,Acheteurs réguliers,0.4867299560918172,1.3918035405999676,Entretenir la relation et développer les achats,Tester des recommandations adaptées à l'historique d'achat,Nombre de commandes par client sur 90 jours,2011-12-10
13803,256,1,277.07,2,Occasionnels en sommeil,-1.7087616455879389,0.49967392011087264,Réactiver les clients,Tester une campagne de retour avec une offre ciblée,Taux de réactivation à 60 jours,2011-12-10
13804,31,7,2588.39,1,Acheteurs réguliers,1.4196469380526535,0.4896347243850451,Entretenir la relation et développer les achats,Tester des recommandations adaptées à l'historique d'achat,Nombre de commandes par client sur 90 jours,2011-12-10
13805,53,2,924.6,1,Acheteurs réguliers,-0.1603466449703564,0.0787865999703569,Entretenir la relation et développer les achats,Tester des recommandations adaptées à l'historique d'achat,Nombre de commandes par client sur 90 jours,2011-12-10
13806,64,1,256.38,2,Occasionnels en sommeil,-1.2066040910910079,-0.42201646428942446,Réactiver les clients,Tester une campagne de retour avec une offre ciblée,Taux de réactivation à 60 jours,2011-12-10
13807,368,1,112.6,2,Occasionnels en sommeil,-2.27499263353256,0.4091635452525628,Réactiver les clients,Tester une campagne de retour avec une offre ciblée,Taux de réactivation à 60 jours,2011-12-10
13808,6,5,1747.66,3,Champions,1.569015500128787,-0.7515765359836578,Maintenir une relation durable,Tester des avantages de fidélité et un accès anticipé,Taux de réachat à 90 jours,2011-12-10
13809,306,1,155.05,2,Occasionnels en sommeil,-2.052354005482485,0.40508541473712606,Réactiver les clients,Tester une campagne de retour avec une offre ciblée,Taux de réactivation à 60 jours,2011-12-10
13810,29,3,1499.01,1,Acheteurs réguliers,0.5591513618770485,-0.017160822984774747,Entretenir la relation et développer les achats,Tester des recommandations adaptées à l'historique d'achat,Nombre de commandes par client sur 90 jours,2011-12-10
13811,184,3,814.5,1,Acheteurs réguliers,-0.44283770712425924,0.9436306635324111,Entretenir la relation et développer les achats,Tester des recommandations adaptées à l'historique d'achat,Nombre de commandes par client sur 90 jours,2011-12-10
13812,43,3,539.0,1,Acheteurs réguliers,-0.07538200877537761,-0.139848408083574,Entretenir la relation et développer les achats,Tester des recommandations adaptées à l'historique d'achat,Nombre de commandes par client sur 90 jours,2011-12-10
13813,40,4,1366.8600000000001,1,Acheteurs réguliers,0.5948126299635589,0.23805261533991515,Entretenir la relation et développer les achats,Tester des recommandations adaptées à l'historique d'achat,Nombre de commandes par client sur 90 jours,2011-12-10
13814,93,2,1579.12,1,Acheteurs réguliers,-0.12403146263437202,0.6336388492339737,Entretenir la relation et développer les achats,Tester des recommandations adaptées à l'historique d'achat,Nombre de commandes par client sur 90 jours,2011-12-10
13815,23,4,4027.36,1,Acheteurs réguliers,1.3168453902255737,0.28285957251473076,Entretenir la relation et développer les achats,Tester des recommandations adaptées à l'historique d'achat,Nombre de commandes par client sur 90 jours,2011-12-10
13816,24,2,571.6700000000001,0,Occasionnels récents,-0.0861515267538673,-0.5964458565600423,Encourager un achat supplémentaire,Tester une relance après achat avec des produits complémentaires,Taux de nouvel achat à 60 jours,2011-12-10
13817,30,2,382.98,0,Occasionnels récents,-0.359991883864998,-0.6020222503770649,Encourager un achat supplémentaire,Tester une relance après achat avec des produits complémentaires,Taux de nouvel achat à 60 jours,2011-12-10
13819,302,3,1140.35,1,Acheteurs réguliers,-0.47682781217184583,1.3866151122029455,Entretenir la relation et développer les achats,Tester des recommandations adaptées à l'historique d'achat,Nombre de commandes par client sur 90 jours,2011-12-10
13821,145,2,385.64,2,Occasionnels en sommeil,-0.9641021159398384,0.40776083892238707,Réactiver les clients,Tester une campagne de retour avec une offre ciblée,Taux de réactivation à 60 jours,2011-12-10
13822,6,2,632.0,0,Occasionnels récents,0.460286792228521,-1.3874549554796813,Encourager un achat supplémentaire,Tester une relance après achat avec des produits complémentaires,Taux de nouvel achat à 60 jours,2011-12-10
13823,19,2,957.66,0,Occasionnels récents,0.2456048233799271,-0.5540735130262187,Encourager un achat supplémentaire,Tester une relance après achat avec des produits complémentaires,Taux de nouvel achat à 60 jours,2011-12-10
13824,33,5,1698.94,1,Acheteurs réguliers,0.9361496459851428,0.26545715150243987,Entretenir la relation et développer les achats,Tester des recommandations adaptées à l'historique d'achat,Nombre de commandes par client sur 90 jours,2011-12-10
13826,177,1,189.5,2,Occasionnels en sommeil,-1.7441314899574007,0.1233480192278944,Réactiver les clients,Tester une campagne de retour avec une offre ciblée,Taux de réactivation à 60 jours,2011-12-10
13827,58,3,409.8,0,Occasionnels récents,-0.32002338366715205,-0.04864320572400441,Encourager un achat supplémentaire,Tester une relance après achat avec des produits complémentaires,Taux de nouvel achat à 60 jours,2011-12-10
13828,23,1,209.49,0,Occasionnels récents,-0.9114431166903652,-1.1428031295713534,Encourager un achat supplémentaire,Tester une relance après achat avec des produits complémentaires,Taux de nouvel achat à 60 jours,2011-12-10
13831,17,6,2198.45,1,Acheteurs réguliers,1.447001564847669,0.0049781552575830805,Entretenir la relation et développer les achats,Tester des recommandations adaptées à l'historique d'achat,Nombre de commandes par client sur 90 jours,2011-12-10
13832,20,1,52.199999999999996,0,Occasionnels récents,-1.5112381343660284,-1.7299070113300279,Encourager un achat supplémentaire,Tester une relance après achat avec des produits complémentaires,Taux de nouvel achat à 60 jours,2011-12-10
13833,160,1,383.85,2,Occasionnels en sommeil,-1.371365659858181,0.3138961891807628,Réactiver les clients,Tester une campagne de retour avec une offre ciblée,Taux de réactivation à 60 jours,2011-12-10
13835,26,4,834.57,1,Acheteurs réguliers,0.524844548566708,-0.2127731449657299,Entretenir la relation et développer les achats,Tester des recommandations adaptées à l'historique d'achat,Nombre de commandes par client sur 90 jours,2011-12-10
13837,212,2,266.59000000000003,2,Occasionnels en sommeil,-1.2866429596642912,0.5193839556821822,Réactiver les clients,Tester une campagne de retour avec une offre ciblée,Taux de réactivation à 60 jours,2011-12-10
13838,6,4,674.82,0,Occasionnels récents,0.9533490130274513,-1.167427338009989,Encourager un achat supplémentaire,Tester une relance après achat avec des produits complémentaires,Taux de nouvel achat à 60 jours,2011-12-10
13841,253,1,85.0,2,Occasionnels en sommeil,-2.2605841452389415,0.06516105141000297,Réactiver les clients,Tester une campagne de retour avec une offre ciblée,Taux de réactivation à 60 jours,2011-12-10
13842,59,9,3385.62,1,Acheteurs réguliers,1.502352262587635,1.081588175869177,Entretenir la relation et développer les achats,Tester des recommandations adaptées à l'historique d'achat,Nombre de commandes par client sur 90 jours,2011-12-10
13844,12,1,361.62,0,Occasionnels récents,-0.4132354872623329,-1.3434738091798,Encourager un achat supplémentaire,Tester une relance après achat avec des produits complémentaires,Taux de nouvel achat à 60 jours,2011-12-10
13845,65,1,312.98,2,Occasionnels en sommeil,-1.1183391823885174,-0.3397859607387627,Réactiver les clients,Tester une campagne de retour avec une offre ciblée,Taux de réactivation à 60 jours,2011-12-10
13846,25,3,865.0600000000001,1,Acheteurs réguliers,0.3548040630057941,-0.30998111786955856,Entretenir la relation et développer les achats,Tester des recommandations adaptées à l'historique d'achat,Nombre de commandes par client sur 90 jours,2011-12-10
13848,93,3,1255.0,1,Acheteurs réguliers,0.02731866761769346,0.6606349911123758,Entretenir la relation et développer les achats,Tester des recommandations adaptées à l'historique d'achat,Nombre de commandes par client sur 90 jours,2011-12-10
13849,52,2,1537.95,1,Acheteurs réguliers,0.0880430777748042,0.25157647740784717,Entretenir la relation et développer les achats,Tester des recommandations adaptées à l'historique d'achat,Nombre de commandes par client sur 90 jours,2011-12-10
13850,130,1,1595.48,2,Occasionnels en sommeil,-0.6159697783128478,0.6973800720501366,Réactiver les clients,Tester une campagne de retour avec une offre ciblée,Taux de réactivation à 60 jours,2011-12-10
13851,96,3,2651.46,1,Acheteurs réguliers,0.36945678410552035,0.9529859598892573,Entretenir la relation et développer les achats,Tester des recommandations adaptées à l'historique d'achat,Nombre de commandes par client sur 90 jours,2011-12-10
13853,58,1,1090.14,0,Occasionnels récents,-0.483772109388634,0.04045249347077899,Encourager un achat supplémentaire,Tester une relance après achat avec des produits complémentaires,Taux de nouvel achat à 60 jours,2011-12-10
13854,9,25,8109.5199999999995,3,Champions,3.4829626762234165,0.6016328966129563,Maintenir une relation durable,Tester des avantages de fidélité et un accès anticipé,Taux de réachat à 90 jours,2011-12-10
13856,169,3,388.5,2,Occasionnels en sommeil,-0.7600606298968918,0.6198720945560375,Réactiver les clients,Tester une campagne de retour avec une offre ciblée,Taux de réactivation à 60 jours,2011-12-10
13858,58,1,216.17,2,Occasionnels en sommeil,-1.2491881671208933,-0.5467629421481013,Réactiver les clients,Tester une campagne de retour avec une offre ciblée,Taux de réactivation à 60 jours,2011-12-10
13859,327,1,201.16,2,Occasionnels en sommeil,-1.9555393023552878,0.5422650753939537,Réactiver les clients,Tester une campagne de retour avec une offre ciblée,Taux de réactivation à 60 jours,2011-12-10
13860,2,5,1245.9,3,Champions,1.7407677022130017,-1.4253500818763767,Maintenir une relation durable,Tester des avantages de fidélité et un accès anticipé,Taux de réachat à 90 jours,2011-12-10
13862,19,8,2209.36,3,Champions,1.6353571835612435,0.17179808041595065,Maintenir une relation durable,Tester des avantages de fidélité et un accès anticipé,Taux de réachat à 90 jours,2011-12-10
13863,248,1,305.78,2,Occasionnels en sommeil,-1.649777897590431,0.5148606901366497,Réactiver les clients,Tester une campagne de retour avec une offre ciblée,Taux de réactivation à 60 jours,2011-12-10
13865,59,4,501.56,1,Acheteurs réguliers,-0.02919220507539862,0.12133200384569034,Entretenir la relation et développer les achats,Tester des recommandations adaptées à l'historique d'achat,Nombre de commandes par client sur 90 jours,2011-12-10
13866,75,1,145.67000000000002,2,Occasionnels en sommeil,-1.5345308158066302,-0.5249561774827346,Réactiver les clients,Tester une campagne de retour avec une offre ciblée,Taux de réactivation à 60 jours,2011-12-10
13867,32,3,1005.09,1,Acheteurs réguliers,0.3324190910077511,-0.10049347274486907,Entretenir la relation et développer les achats,Tester des recommandations adaptées à l'historique d'achat,Nombre de commandes par client sur 90 jours,2011-12-10
13868,8,2,3192.54,1,Acheteurs réguliers,1.1291505867518654,-0.6353844138803634,Entretenir la relation et développer les achats,Tester des recommandations adaptées à l'historique d'achat,Nombre de commandes par client sur 90 jours,2011-12-10
13869,124,4,3083.65,1,Acheteurs réguliers,0.5434550244330171,1.2584540168635452,Entretenir la relation et développer les achats,Tester des recommandations adaptées à l'historique d'achat,Nombre de commandes par client sur 90 jours,2011-12-10
13870,3,8,2770.94,3,Champions,2.3735303047356657,-0.7920043904534112,Maintenir une relation durable,Tester des avantages de fidélité et un accès anticipé,Taux de réachat à 90 jours,2011-12-10
13871,23,13,6403.25,3,Champions,2.4679209920700718,0.8469944449971242,Maintenir une relation durable,Tester des avantages de fidélité et un accès anticipé,Taux de réachat à 90 jours,2011-12-10
13873,120,3,389.6,2,Occasionnels en sommeil,-0.6254551266489653,0.3998886006950821,Réactiver les clients,Tester une campagne de retour avec une offre ciblée,Taux de réactivation à 60 jours,2011-12-10
13874,359,1,540.45,2,Occasionnels en sommeil,-1.52490026208144,0.9611472351343073,Réactiver les clients,Tester une campagne de retour avec une offre ciblée,Taux de réactivation à 60 jours,2011-12-10
13875,54,5,1786.79,1,Acheteurs réguliers,0.7715202618236152,0.5964241741456755,Entretenir la relation et développer les achats,Tester des recommandations adaptées à l'historique d'achat,Nombre de commandes par client sur 90 jours,2011-12-10
13876,64,1,122.7,2,Occasionnels en sommeil,-1.5540096176879408,-0.6885406449310381,Réactiver les clients,Tester une campagne de retour avec une offre ciblée,Taux de réactivation à 60 jours,2011-12-10
13877,87,1,117.24,2,Occasionnels en sommeil,-1.6941570656522524,-0.5080407900712758,Réactiver les clients,Tester une campagne de retour avec une offre ciblée,Taux de réactivation à 60 jours,2011-12-10
13878,55,1,1271.57,1,Acheteurs réguliers,-0.39038627195469755,0.06248286908381541,Entretenir la relation et développer les achats,Tester des recommandations adaptées à l'historique d'achat,Nombre de commandes par client sur 90 jours,2011-12-10
13880,22,13,3219.77,3,Champions,2.1587009923064535,0.5693035292280068,Maintenir une relation durable,Tester des avantages de fidélité et un accès anticipé,Taux de réachat à 90 jours,2011-12-10
13881,4,20,17159.52,3,Champions,3.916824931605525,0.3416599838998973,Maintenir une relation durable,Tester des avantages de fidélité et un accès anticipé,Taux de réachat à 90 jours,2011-12-10
13882,3,5,1191.13,3,Champions,1.6067106374973237,-1.2546928007527611,Maintenir une relation durable,Tester des avantages de fidélité et un accès anticipé,Taux de réachat à 90 jours,2011-12-10
13883,11,5,2674.48,3,Champions,1.559397459031025,-0.24652303009713553,Maintenir une relation durable,Tester des avantages de fidélité et un accès anticipé,Taux de réachat à 90 jours,2011-12-10
13884,8,5,787.6,0,Occasionnels récents,1.092925385519045,-0.8778970363845409,Encourager un achat supplémentaire,Tester une relance après achat avec des produits complémentaires,Taux de nouvel achat à 60 jours,2011-12-10
13885,190,2,506.8,2,Occasionnels en sommeil,-0.9401581169591262,0.6815559998245697,Réactiver les clients,Tester une campagne de retour avec une offre ciblée,Taux de réactivation à 60 jours,2011-12-10
13886,72,1,243.56,2,Occasionnels en sommeil,-1.2763249454801093,-0.36515362172059107,Réactiver les clients,Tester une campagne de retour avec une offre ciblée,Taux de réactivation à 60 jours,2011-12-10
13887,205,1,349.55,2,Occasionnels en sommeil,-1.5122337625115754,0.44014890616729657,Réactiver les clients,Tester une campagne de retour avec une offre ciblée,Taux de réactivation à 60 jours,2011-12-10
13888,120,2,595.67,2,Occasionnels en sommeil,-0.6847677041027811,0.44350225477503036,Réactiver les clients,Tester une campagne de retour avec une offre ciblée,Taux de réactivation à 60 jours,2011-12-10
13889,93,1,416.90000000000003,2,Occasionnels en sommeil,-1.1213857125068611,-0.005912149717887546,Réactiver les clients,Tester une campagne de retour avec une offre ciblée,Taux de réactivation à 60 jours,2011-12-10
13890,2,10,1883.8100000000002,3,Champions,2.4849011687636864,-1.0422293857373446,Maintenir une relation durable,Tester des avantages de fidélité et un accès anticipé,Taux de réachat à 90 jours,2011-12-10
13892,27,4,632.97,1,Acheteurs réguliers,0.379671831126841,-0.28957214015095206,Entretenir la relation et développer les achats,Tester des recommandations adaptées à l'historique d'achat,Nombre de commandes par client sur 90 jours,2011-12-10
13893,298,1,821.1,2,Occasionnels en sommeil,-1.254119861270413,0.992375524656794,Réactiver les clients,Tester une campagne de retour avec une offre ciblée,Taux de réactivation à 60 jours,2011-12-10
13894,24,3,564.62,0,Occasionnels récents,0.168174803580669,-0.49044795664567664,Encourager un achat supplémentaire,Tester une relance après achat avec des produits complémentaires,Taux de nouvel achat à 60 jours,2011-12-10
13895,29,4,2593.07,1,Acheteurs réguliers,1.0206954513655513,0.26780392046618906,Entretenir la relation et développer les achats,Tester des recommandations adaptées à l'historique d'achat,Nombre de commandes par client sur 90 jours,2011-12-10
13897,51,1,311.16,2,Occasionnels en sommeil,-1.0276488287681826,-0.49687076688554505,Réactiver les clients,Tester une campagne de retour avec une offre ciblée,Taux de réactivation à 60 jours,2011-12-10
13898,326,1,155.93,2,Occasionnels en sommeil,-2.0744250226517913,0.4481548276683028,Réactiver les clients,Tester une campagne de retour avec une offre ciblée,Taux de réactivation à 60 jours,2011-12-10
13899,17,2,388.52,0,Occasionnels récents,-0.14012617934271981,-0.9501682835803229,Encourager un achat supplémentaire,Tester une relance après achat avec des produits complémentaires,Taux de nouvel achat à 60 jours,2011-12-10
13900,184,3,740.95,2,Occasionnels en sommeil,-0.48765396848155285,0.9092483166115705,Réactiver les clients,Tester une campagne de retour avec une offre ciblée,Taux de réactivation à 60 jours,2011-12-10
13901,73,5,2867.2,1,Acheteurs réguliers,0.8793460872947187,0.9612541098197283,Entretenir la relation et développer les achats,Tester des recommandations adaptées à l'historique d'achat,Nombre de commandes par client sur 90 jours,2011-12-10
13904,38,2,332.64,0,Occasionnels récents,-0.5166061187568396,-0.5039143078863851,Encourager un achat supplémentaire,Tester une relance après achat avec des produits complémentaires,Taux de nouvel achat à 60 jours,2011-12-10
13908,80,4,2369.55,1,Acheteurs réguliers,0.5886602611605078,0.8806530029431222,Entretenir la relation et développer les achats,Tester des recommandations adaptées à l'historique d'achat,Nombre de commandes par client sur 90 jours,2011-12-10
13911,58,9,2580.91,1,Acheteurs réguliers,1.380302183613411,0.9719744434699982,Entretenir la relation et développer les achats,Tester des recommandations adaptées à l'historique d'achat,Nombre de commandes par client sur 90 jours,2011-12-10
13914,12,2,626.45,0,Occasionnels récents,0.21347474206257144,-0.9882752062701916,Encourager un achat supplémentaire,Tester une relance après achat avec des produits complémentaires,Taux de nouvel achat à 60 jours,2011-12-10
13917,50,2,272.04,0,Occasionnels récents,-0.7167941977046379,-0.40245279939587586,Encourager un achat supplémentaire,Tester une relance après achat avec des produits complémentaires,Taux de nouvel achat à 60 jours,2011-12-10
13918,50,2,1212.8400000000001,1,Acheteurs réguliers,-0.009400567119595695,0.14024872187704227,Entretenir la relation et développer les achats,Tester des recommandations adaptées à l'historique d'achat,Nombre de commandes par client sur 90 jours,2011-12-10
13919,60,2,384.81,2,Occasionnels en sommeil,-0.6230477086825094,-0.16030800776833992,Réactiver les clients,Tester une campagne de retour avec une offre ciblée,Taux de réactivation à 60 jours,2011-12-10
13922,352,1,172.25,2,Occasionnels en sommeil,-2.057502586984245,0.533874692147735,Réactiver les clients,Tester une campagne de retour avec une offre ciblée,Taux de réactivation à 60 jours,2011-12-10
13923,54,1,351.13,2,Occasionnels en sommeil,-0.9925059596744895,-0.41658457338893723,Réactiver les clients,Tester une campagne de retour avec une offre ciblée,Taux de réactivation à 60 jours,2011-12-10
13924,2,6,1838.8500000000001,3,Champions,2.0646470412041937,-1.2246271994498585,Maintenir une relation durable,Tester des avantages de fidélité et un accès anticipé,Taux de réachat à 90 jours,2011-12-10
13925,93,4,678.25,1,Acheteurs réguliers,-0.06231264333845969,0.5227464384965691,Entretenir la relation et développer les achats,Tester des recommandations adaptées à l'historique d'achat,Nombre de commandes par client sur 90 jours,2011-12-10
13926,24,1,223.85000000000002,0,Occasionnels récents,-0.8961519965413316,-1.0922619149183848,Encourager un achat supplémentaire,Tester une relance après achat avec des produits complémentaires,Taux de nouvel achat à 60 jours,2011-12-10
13927,75,1,348.99,2,Occasionnels en sommeil,-1.1221551129170628,-0.20858787613251134,Réactiver les clients,Tester une campagne de retour avec une offre ciblée,Taux de réactivation à 60 jours,2011-12-10
13928,11,4,464.57,0,Occasionnels récents,0.5653877556214271,-0.9526329328224207,Encourager un achat supplémentaire,Tester une relance après achat avec des produits complémentaires,Taux de nouvel achat à 60 jours,2011-12-10
13929,170,2,842.65,2,Occasionnels en sommeil,-0.656102605683386,0.7943205047681915,Réactiver les clients,Tester une campagne de retour avec une offre ciblée,Taux de réactivation à 60 jours,2011-12-10
13930,58,2,337.34,0,Occasionnels récents,-0.6722339277268303,-0.2297363700010194,Encourager un achat supplémentaire,Tester une relance après achat avec des produits complémentaires,Taux de nouvel achat à 60 jours,2011-12-10
13931,96,2,1237.53,1,Acheteurs réguliers,-0.25183612637806924,0.565456939686879,Entretenir la relation et développer les achats,Tester des recommandations adaptées à l'historique d'achat,Nombre de commandes par client sur 90 jours,2011-12-10
13932,295,1,307.4,2,Occasionnels en sommeil,-1.715052537012462,0.6291679318770605,Réactiver les clients,Tester une campagne de retour avec une offre ciblée,Taux de réactivation à 60 jours,2011-12-10
13933,110,2,608.7900000000001,2,Occasionnels en sommeil,-0.6406444671996223,0.39534387899936807,Réactiver les clients,Tester une campagne de retour avec une offre ciblée,Taux de réactivation à 60 jours,2011-12-10
13934,264,1,922.1,2,Occasionnels en sommeil,-1.1518631649413826,0.956060861653993,Réactiver les clients,Tester une campagne de retour avec une offre ciblée,Taux de réactivation à 60 jours,2011-12-10
13936,180,1,376.58,2,Occasionnels en sommeil,-1.426303463926686,0.3830705611763944,Réactiver les clients,Tester une campagne de retour avec une offre ciblée,Taux de réactivation à 60 jours,2011-12-10
13937,170,1,158.85,2,Occasionnels en sommeil,-1.8115794869757318,0.03346025321779858,Réactiver les clients,Tester une campagne de retour avec une offre ciblée,Taux de réactivation à 60 jours,2011-12-10
13938,36,1,71.66,0,Occasionnels récents,-1.5854331764044607,-1.2483473590521263,Encourager un achat supplémentaire,Tester une relance après achat avec des produits complémentaires,Taux de nouvel achat à 60 jours,2011-12-10
13939,24,3,568.55,0,Occasionnels récents,0.17145785192936486,-0.487929252410559,Encourager un achat supplémentaire,Tester une relance après achat avec des produits complémentaires,Taux de nouvel achat à 60 jours,2011-12-10
13940,18,4,839.14,1,Acheteurs réguliers,0.665163466877484,-0.43920203957866577,Entretenir la relation et développer les achats,Tester des recommandations adaptées à l'historique d'achat,Nombre de commandes par client sur 90 jours,2011-12-10
13941,22,5,5112.96,1,Acheteurs réguliers,1.6115698917235204,0.41202653139384254,Entretenir la relation et développer les achats,Tester des recommandations adaptées à l'historique d'achat,Nombre de commandes par client sur 90 jours,2011-12-10
13946,80,3,561.5699999999999,1,Acheteurs réguliers,-0.2951625813364123,0.27172249029323964,Entretenir la relation et développer les achats,Tester des recommandations adaptées à l'historique d'achat,Nombre de commandes par client sur 90 jours,2011-12-10
13947,66,1,90.6,2,Occasionnels en sommeil,-1.7083353313957488,-0.7781251955963376,Réactiver les clients,Tester une campagne de retour avec une offre ciblée,Taux de réactivation à 60 jours,2011-12-10
13948,361,1,102.0,2,Occasionnels en sommeil,-2.3139306481718944,0.36108238500216333,Réactiver les clients,Tester une campagne de retour avec une offre ciblée,Taux de réactivation à 60 jours,2011-12-10
13949,3,6,2427.32,3,Champions,2.0834716243815703,-0.9366814677394708,Maintenir une relation durable,Tester des avantages de fidélité et un accès anticipé,Taux de réachat à 90 jours,2011-12-10
13950,12,4,745.06,0,Occasionnels récents,0.7575959164752794,-0.7290759443260028,Encourager un achat supplémentaire,Tester une relance après achat avec des produits complémentaires,Taux de nouvel achat à 60 jours,2011-12-10
13951,177,3,674.45,2,Occasionnels en sommeil,-0.517059096031443,0.8500178957887358,Réactiver les clients,Tester une campagne de retour avec une offre ciblée,Taux de réactivation à 60 jours,2011-12-10
13952,218,2,3251.071,1,Acheteurs réguliers,-0.11330345768609233,1.4459624499896586,Entretenir la relation et développer les achats,Tester des recommandations adaptées à l'historique d'achat,Nombre de commandes par client sur 90 jours,2011-12-10
13953,8,7,3515.68,3,Champions,2.061982652484505,-0.22356854676777196,Maintenir une relation durable,Tester des avantages de fidélité et un accès anticipé,Taux de réachat à 90 jours,2011-12-10
13954,2,2,439.92,0,Occasionnels récents,0.6209355583107625,-2.069746886821593,Encourager un achat supplémentaire,Tester une relance après achat avec des produits complémentaires,Taux de nouvel achat à 60 jours,2011-12-10
13955,155,2,322.96,2,Occasionnels en sommeil,-1.07393343721111,0.38648425392349073,Réactiver les clients,Tester une campagne de retour avec une offre ciblée,Taux de réactivation à 60 jours,2011-12-10
13956,6,5,1019.27,3,Champions,1.3135528757973436,-0.9475635351009465,Maintenir une relation durable,Tester des avantages de fidélité et un accès anticipé,Taux de réachat à 90 jours,2011-12-10
13959,80,3,594.04,1,Acheteurs réguliers,-0.26855668770311913,0.29213412297598235,Entretenir la relation et développer les achats,Tester des recommandations adaptées à l'historique d'achat,Nombre de commandes par client sur 90 jours,2011-12-10
13960,22,2,230.22,0,Occasionnels récents,-0.48349332085867297,-0.9805525608692657,Encourager un achat supplémentaire,Tester une relance après achat avec des produits complémentaires,Taux de nouvel achat à 60 jours,2011-12-10
13962,22,2,169.55,0,Occasionnels récents,-0.6277960518753413,-1.0912593982800216,Encourager un achat supplémentaire,Tester une relance après achat avec des produits complémentaires,Taux de nouvel achat à 60 jours,2011-12-10
13963,309,4,664.54,2,Occasionnels en sommeil,-0.5396937455499913,1.2909744045688714,Réactiver les clients,Tester une campagne de retour avec une offre ciblée,Taux de réactivation à 60 jours,2011-12-10
13967,146,1,80.7,2,Occasionnels en sommeil,-2.070543039973014,-0.3089902291775499,Réactiver les clients,Tester une campagne de retour avec une offre ciblée,Taux de réactivation à 60 jours,2011-12-10
13969,8,18,9024.17,3,Champions,3.2912309616751476,0.45153536413425505,Maintenir une relation durable,Tester des avantages de fidélité et un accès anticipé,Taux de réachat à 90 jours,2011-12-10
13971,19,8,2758.26,3,Champions,1.7405265855145,0.25248242921930575,Maintenir une relation durable,Tester des avantages de fidélité et un accès anticipé,Taux de réachat à 90 jours,2011-12-10
13972,71,2,190.25,2,Occasionnels en sommeil,-1.020770842252262,-0.3078138192903523,Réactiver les clients,Tester une campagne de retour avec une offre ciblée,Taux de réactivation à 60 jours,2011-12-10
13973,288,1,264.7,2,Occasionnels en sommeil,-1.7763341046341767,0.5594004036316683,Réactiver les clients,Tester une campagne de retour avec une offre ciblée,Taux de réactivation à 60 jours,2011-12-10
13974,50,1,413.59000000000003,0,Occasionnels récents,-0.8854868175103583,-0.4062673316710456,Encourager un achat supplémentaire,Tester une relance après achat avec des produits complémentaires,Taux de nouvel achat à 60 jours,2011-12-10
13975,32,6,2461.2400000000002,1,Acheteurs réguliers,1.262936963474196,0.4400293160223836,Entretenir la relation et développer les achats,Tester des recommandations adaptées à l'historique d'achat,Nombre de commandes par client sur 90 jours,2011-12-10
13976,207,1,357.98,2,Occasionnels en sommeil,-1.504753478726377,0.4550733932320034,Réactiver les clients,Tester une campagne de retour avec une offre ciblée,Taux de réactivation à 60 jours,2011-12-10
13978,15,2,196.79000000000002,0,Occasionnels récents,-0.4152948602377688,-1.2732516222044665,Encourager un achat supplémentaire,Tester une relance après achat avec des produits complémentaires,Taux de nouvel achat à 60 jours,2011-12-10
13979,74,1,869.87,2,Occasionnels en sommeil,-0.6847358910339022,0.11440098592597055,Réactiver les clients,Tester une campagne de retour avec une offre ciblée,Taux de réactivation à 60 jours,2011-12-10
13980,61,1,200.14,2,Occasionnels en sommeil,-1.304985337666665,-0.5424170939181139,Réactiver les clients,Tester une campagne de retour avec une offre ciblée,Taux de réactivation à 60 jours,2011-12-10
13982,40,4,1871.81,1,Acheteurs réguliers,0.7437863693824583,0.3523429786069513,Entretenir la relation et développer les achats,Tester des recommandations adaptées à l'historique d'achat,Nombre de commandes par client sur 90 jours,2011-12-10
13983,30,12,2603.43,3,Champions,1.8739641244347875,0.6575966479496113,Maintenir une relation durable,Tester des avantages de fidélité et un accès anticipé,Taux de réachat à 90 jours,2011-12-10
13984,27,5,920.51,1,Acheteurs réguliers,0.7219131598567822,-0.08348891728662378,Entretenir la relation et développer les achats,Tester des recommandations adaptées à l'historique d'achat,Nombre de commandes par client sur 90 jours,2011-12-10
13985,5,15,7060.13,3,Champions,3.1783606365218553,0.03269632322183402,Maintenir une relation durable,Tester des avantages de fidélité et un accès anticipé,Taux de réachat à 90 jours,2011-12-10
13986,18,1,320.46,0,Occasionnels récents,-0.6191054003370706,-1.1406273829628577,Encourager un achat supplémentaire,Tester une relance après achat avec des produits complémentaires,Taux de nouvel achat à 60 jours,2011-12-10
13988,20,6,4147.96,3,Champions,1.6874993802851725,0.33603782120638326,Maintenir une relation durable,Tester des avantages de fidélité et un accès anticipé,Taux de réachat à 90 jours,2011-12-10
13989,66,2,1266.08,1,Acheteurs réguliers,-0.09599923210102786,0.3332304264204107,Entretenir la relation et développer les achats,Tester des recommandations adaptées à l'historique d'achat,Nombre de commandes par client sur 90 jours,2011-12-10
13990,214,1,311.3,2,Occasionnels en sommeil,-1.583777178700534,0.42591625864337535,Réactiver les clients,Tester une campagne de retour avec une offre ciblée,Taux de réactivation à 60 jours,2011-12-10
13991,13,6,852.88,1,Acheteurs réguliers,1.0968803993178031,-0.5025579402141562,Entretenir la relation et développer les achats,Tester des recommandations adaptées à l'historique d'achat,Nombre de commandes par client sur 90 jours,2011-12-10
13992,31,1,76.8,0,Occasionnels récents,-1.4961199250370034,-1.317854390072407,Encourager un achat supplémentaire,Tester une relance après achat avec des produits complémentaires,Taux de nouvel achat à 60 jours,2011-12-10
13993,43,9,3466.36,3,Champions,1.6350909894427255,0.8885541941672721,Maintenir une relation durable,Tester des avantages de fidélité et un accès anticipé,Taux de réachat à 90 jours,2011-12-10
13994,4,6,2274.14,3,Champions,1.965114471450744,-0.8153372269655034,Maintenir une relation durable,Tester des avantages de fidélité et un accès anticipé,Taux de réachat à 90 jours,2011-12-10
13995,16,5,1393.69,1,Acheteurs réguliers,1.1139895091531336,-0.25709259615260815,Entretenir la relation et développer les achats,Tester des recommandations adaptées à l'historique d'achat,Nombre de commandes par client sur 90 jours,2011-12-10
13999,11,12,3901.81,3,Champions,2.4377472812376983,0.18781684178647445,Maintenir une relation durable,Tester des avantages de fidélité et un accès anticipé,Taux de réachat à 90 jours,2011-12-10
14000,212,1,635.66,2,Occasionnels en sommeil,-1.2423919165794786,0.6789365287915253,Réactiver les clients,Tester une campagne de retour avec une offre ciblée,Taux de réactivation à 60 jours,2011-12-10
14001,46,3,2043.0800000000002,1,Acheteurs réguliers,0.5299198015211642,0.3872370990273399,Entretenir la relation et développer les achats,Tester des recommandations adaptées à l'historique d'achat,Nombre de commandes par client sur 90 jours,2011-12-10
14002,135,2,529.73,2,Occasionnels en sommeil,-0.7861012914440821,0.47686542171361596,Réactiver les clients,Tester une campagne de retour avec une offre ciblée,Taux de réactivation à 60 jours,2011-12-10
14004,44,7,4582.64,1,Acheteurs réguliers,1.5567907304930582,0.9189735193676921,Entretenir la relation et développer les achats,Tester des recommandations adaptées à l'historique d'achat,Nombre de commandes par client sur 90 jours,2011-12-10
14005,10,5,2874.72,3,Champions,1.6277234276936872,-0.2768274604668439,Maintenir une relation durable,Tester des avantages de fidélité et un accès anticipé,Taux de réachat à 90 jours,2011-12-10
14006,116,3,962.19,1,Acheteurs réguliers,-0.18432871136565357,0.7063541743027336,Entretenir la relation et développer les achats,Tester des recommandations adaptées à l'historique d'achat,Nombre de commandes par client sur 90 jours,2011-12-10
14009,199,2,695.61,2,Occasionnels en sommeil,-0.8083091278103486,0.8264832031674078,Réactiver les clients,Tester une campagne de retour avec une offre ciblée,Taux de réactivation à 60 jours,2011-12-10
14012,278,1,328.8,2,Occasionnels en sommeil,-1.6600592131770453,0.615125356612541,Réactiver les clients,Tester une campagne de retour avec une offre ciblée,Taux de réactivation à 60 jours,2011-12-10
14013,111,3,473.02,2,Occasionnels en sommeil,-0.5033814569471833,0.4200592523481699,Réactiver les clients,Tester une campagne de retour avec une offre ciblée,Taux de réactivation à 60 jours,2011-12-10
14014,78,1,505.18,2,Occasionnels en sommeil,-0.9623747234230853,-0.049200330823262334,Réactiver les clients,Tester une campagne de retour avec une offre ciblée,Taux de réactivation à 60 jours,2011-12-10
14015,53,1,917.34,0,Occasionnels récents,-0.5308111628538454,-0.07982423142665664,Encourager un achat supplémentaire,Tester une relance après achat avec des produits complémentaires,Taux de nouvel achat à 60 jours,2011-12-10
14016,162,4,4341.21,1,Acheteurs réguliers,0.6015480959128247,1.555376684389777,Entretenir la relation et développer les achats,Tester des recommandations adaptées à l'historique d'achat,Nombre de commandes par client sur 90 jours,2011-12-10
14019,47,3,1421.61,1,Acheteurs réguliers,0.3498106645041782,0.26907593937116386,Entretenir la relation et développer les achats,Tester des recommandations adaptées à l'historique d'achat,Nombre de commandes par client sur 90 jours,2011-12-10
14020,17,2,642.8,0,Occasionnels récents,0.09812033333761225,-0.7673892207229852,Encourager un achat supplémentaire,Tester une relance après achat avec des produits complémentaires,Taux de nouvel achat à 60 jours,2011-12-10
14021,156,3,631.9,2,Occasionnels en sommeil,-0.49870499568269344,0.7447482015135856,Réactiver les clients,Tester une campagne de retour avec une offre ciblée,Taux de réactivation à 60 jours,2011-12-10
14022,226,1,440.0,2,Occasionnels en sommeil,-1.4414458468741917,0.5867459181524105,Réactiver les clients,Tester une campagne de retour avec une offre ciblée,Taux de réactivation à 60 jours,2011-12-10
14023,8,2,584.07,0,Occasionnels récents,0.3244485446154997,-1.2527394529378266,Encourager un achat supplémentaire,Tester une relance après achat avec des produits complémentaires,Taux de nouvel achat à 60 jours,2011-12-10
14024,122,2,327.7,2,Occasionnels en sommeil,-0.973889264333462,0.2372784861478849,Réactiver les clients,Tester une campagne de retour avec une offre ciblée,Taux de réactivation à 60 jours,2011-12-10
14027,61,1,104.82,2,Occasionnels en sommeil,-1.6095123980307076,-0.776045574275865,Réactiver les clients,Tester une campagne de retour avec une offre ciblée,Taux de réactivation à 60 jours,2011-12-10
14029,64,2,467.66,2,Occasionnels en sommeil,-0.5557049967981584,-0.04826053594120228,Réactiver les clients,Tester une campagne de retour avec une offre ciblée,Taux de réactivation à 60 jours,2011-12-10
14030,19,8,2358.84,3,Champions,1.6663846789846122,0.1956018980353212,Maintenir une relation durable,Tester des avantages de fidélité et un accès anticipé,Taux de réachat à 90 jours,2011-12-10
14031,8,19,17286.86,3,Champions,3.645814292147651,0.7076767515828353,Maintenir une relation durable,Tester des avantages de fidélité et un accès anticipé,Taux de réachat à 90 jours,2011-12-10
14032,3,11,2975.59,3,Champions,2.667503975697788,-0.6555896601595845,Maintenir une relation durable,Tester des avantages de fidélité et un accès anticipé,Taux de réachat à 90 jours,2011-12-10
14034,23,3,648.89,0,Occasionnels récents,0.2500252293986841,-0.4664636702257566,Encourager un achat supplémentaire,Tester une relance après achat avec des produits complémentaires,Taux de nouvel achat à 60 jours,2011-12-10
14035,29,5,1428.02,1,Acheteurs réguliers,0.9028941498019327,0.1209495078810349,Entretenir la relation et développer les achats,Tester des recommandations adaptées à l'historique d'achat,Nombre de commandes par client sur 90 jours,2011-12-10
14036,285,1,626.65,2,Occasionnels en sommeil,-1.3646594508514853,0.8653102714635583,Réactiver les clients,Tester une campagne de retour avec une offre ciblée,Taux de réactivation à 60 jours,2011-12-10
14037,177,2,147.20000000000002,2,Occasionnels en sommeil,-1.496454212444033,0.18775836696115622,Réactiver les clients,Tester une campagne de retour avec une offre ciblée,Taux de réactivation à 60 jours,2011-12-10
14038,79,3,1560.38,1,Acheteurs réguliers,0.1937213875749195,0.6349764753445987,Entretenir la relation et développer les achats,Tester des recommandations adaptées à l'historique d'achat,Nombre de commandes par client sur 90 jours,2011-12-10
14039,34,1,152.2,0,Occasionnels récents,-1.209959991418614,-1.0131212202229591,Encourager un achat supplémentaire,Tester une relance après achat avec des produits complémentaires,Taux de nouvel achat à 60 jours,2011-12-10
14040,41,12,3560.32,3,Champions,1.903302963924502,0.9688205277776499,Maintenir une relation durable,Tester des avantages de fidélité et un accès anticipé,Taux de réachat à 90 jours,2011-12-10
14041,267,1,141.41,2,Occasionnels en sommeil,-2.0424710189194064,0.28350255517478323,Réactiver les clients,Tester une campagne de retour avec une offre ciblée,Taux de réactivation à 60 jours,2011-12-10
14044,27,4,646.42,1,Acheteurs réguliers,0.38962590368933653,-0.2819355286676685,Entretenir la relation et développer les achats,Tester des recommandations adaptées à l'historique d'achat,Nombre de commandes par client sur 90 jours,2011-12-10
14045,110,4,1659.75,1,Acheteurs réguliers,0.29643533644019837,0.9560149618058694,Entretenir la relation et développer les achats,Tester des recommandations adaptées à l'historique d'achat,Nombre de commandes par client sur 90 jours,2011-12-10
14046,285,1,154.99,2,Occasionnels en sommeil,-2.024763895433596,0.3588882868926089,Réactiver les clients,Tester une campagne de retour avec une offre ciblée,Taux de réactivation à 60 jours,2011-12-10
14047,9,5,1308.6100000000001,1,Acheteurs réguliers,1.2921285540282423,-0.6249035534454542,Entretenir la relation et développer les achats,Tester des recommandations adaptées à l'historique d'achat,Nombre de commandes par client sur 90 jours,2011-12-10
14048,306,1,409.93,2,Occasionnels en sommeil,-1.593261925943063,0.7572938022572894,Réactiver les clients,Tester une campagne de retour avec une offre ciblée,Taux de réactivation à 60 jours,2011-12-10
14049,17,4,5578.72,1,Acheteurs réguliers,1.5840718469155395,0.21436780219966495,Entretenir la relation et développer les achats,Tester des recommandations adaptées à l'historique d'achat,Nombre de commandes par client sur 90 jours,2011-12-10
14050,32,2,746.36,0,Occasionnels récents,-0.06873520835711838,-0.31913553386305155,Encourager un achat supplémentaire,Tester une relance après achat avec des produits complémentaires,Taux de nouvel achat à 60 jours,2011-12-10
14051,1,23,15610.390000000001,3,Champions,4.351886766709795,-0.23706403288529584,Maintenir une relation durable,Tester des avantages de fidélité et un accès anticipé,Taux de réachat à 90 jours,2011-12-10
14052,20,1,225.36,0,Occasionnels récents,-0.8246394992990865,-1.203159091015042,Encourager un achat supplémentaire,Tester une relance après achat avec des produits complémentaires,Taux de nouvel achat à 60 jours,2011-12-10
14053,125,2,260.25,2,Occasionnels en sommeil,-1.0922309232217624,0.16939849969006363,Réactiver les clients,Tester une campagne de retour avec une offre ciblée,Taux de réactivation à 60 jours,2011-12-10
14054,66,1,92.46,2,Occasionnels en sommeil,-1.698803882818747,-0.7708128147393098,Réactiver les clients,Tester une campagne de retour avec une offre ciblée,Taux de réactivation à 60 jours,2011-12-10
14055,107,1,725.6400000000001,2,Occasionnels en sommeil,-0.91351012635857,0.28556076298146343,Réactiver les clients,Tester une campagne de retour avec une offre ciblée,Taux de réactivation à 60 jours,2011-12-10
14056,2,23,8152.71,3,Champions,3.884989782762345,-0.20977826651662027,Maintenir une relation durable,Tester des avantages de fidélité et un accès anticipé,Taux de réachat à 90 jours,2011-12-10
14057,24,17,6211.66,3,Champions,2.6648256443860534,0.9590152859679297,Maintenir une relation durable,Tester des avantages de fidélité et un accès anticipé,Taux de réachat à 90 jours,2011-12-10
14059,267,1,183.6,2,Occasionnels en sommeil,-1.919438579715344,0.3778911516154115,Réactiver les clients,Tester une campagne de retour avec une offre ciblée,Taux de réactivation à 60 jours,2011-12-10
14060,5,19,6140.42,3,Champions,3.3140202578580875,0.06764751130732927,Maintenir une relation durable,Tester des avantages de fidélité et un accès anticipé,Taux de réachat à 90 jours,2011-12-10
14062,10,12,10464.85,3,Champions,2.9395613766087068,0.4900778398385659,Maintenir une relation durable,Tester des avantages de fidélité et un accès anticipé,Taux de réachat à 90 jours,2011-12-10
14064,30,5,1334.34,1,Acheteurs réguliers,0.8578933293785159,0.1175993623643128,Entretenir la relation et développer les achats,Tester des recommandations adaptées à l'historique d'achat,Nombre de commandes par client sur 90 jours,2011-12-10
14066,267,1,152.55,2,Occasionnels en sommeil,-2.006760077669171,0.31089944045146034,Réactiver les clients,Tester une campagne de retour avec une offre ciblée,Taux de réactivation à 60 jours,2011-12-10
14067,64,2,374.7,2,Occasionnels en sommeil,-0.6605327640498132,-0.1286827878521589,Réactiver les clients,Tester une campagne de retour avec une offre ciblée,Taux de réactivation à 60 jours,2011-12-10
14068,321,1,265.85,2,Occasionnels en sommeil,-1.8166665809318203,0.6312539238873576,Réactiver les clients,Tester une campagne de retour avec une offre ciblée,Taux de réactivation à 60 jours,2011-12-10
14071,4,8,1437.57,3,Champions,1.97507507022051,-0.8855470929725633,Maintenir une relation durable,Tester des avantages de fidélité et un accès anticipé,Taux de réachat à 90 jours,2011-12-10
14073,33,1,151.04,0,Occasionnels récents,-1.2022019507151418,-1.0347282707857586,Encourager un achat supplémentaire,Tester une relance après achat avec des produits complémentaires,Taux de nouvel achat à 60 jours,2011-12-10
14075,5,3,942.26,0,Occasionnels récents,0.970030977273007,-1.2320578412305643,Encourager un achat supplémentaire,Tester une relance après achat avec des produits complémentaires,Taux de nouvel achat à 60 jours,2011-12-10
14076,130,1,118.67,2,Occasionnels en sommeil,-1.844401144847865,-0.24505359228263351,Réactiver les clients,Tester une campagne de retour avec une offre ciblée,Taux de réactivation à 60 jours,2011-12-10
14077,41,5,499.41999999999996,1,Acheteurs réguliers,0.2734898604481036,-0.04203042406654016,Entretenir la relation et développer les achats,Tester des recommandations adaptées à l'historique d'achat,Nombre de commandes par client sur 90 jours,2011-12-10
14078,102,6,1049.37,1,Acheteurs réguliers,0.41286315284750896,0.8699904884202249,Entretenir la relation et développer les achats,Tester des recommandations adaptées à l'historique d'achat,Nombre de commandes par client sur 90 jours,2011-12-10
14079,125,1,375.1,2,Occasionnels en sommeil,-1.2861930287205794,0.14619760636427784,Réactiver les clients,Tester une campagne de retour avec une offre ciblée,Taux de réactivation à 60 jours,2011-12-10
14080,33,1,45.599999999999994,0,Occasionnels récents,-1.7629023714979768,-1.4648890160635295,Encourager un achat supplémentaire,Tester une relance après achat avec des produits complémentaires,Taux de nouvel achat à 60 jours,2011-12-10
14081,303,2,921.62,2,Occasionnels en sommeil,-0.8391937392905856,1.2008634026717517,Réactiver les clients,Tester une campagne de retour avec une offre ciblée,Taux de réactivation à 60 jours,2011-12-10
14082,365,1,182.25,2,Occasionnels en sommeil,-2.0450706584375693,0.5777951649890891,Réactiver les clients,Tester une campagne de retour avec une offre ciblée,Taux de réactivation à 60 jours,2011-12-10
14083,5,9,1002.9,3,Champions,1.8283301887722507,-0.8574298708756009,Maintenir une relation durable,Tester des avantages de fidélité et un accès anticipé,Taux de réachat à 90 jours,2011-12-10
14085,3,18,4421.29,3,Champions,3.270842353874841,-0.33507037560271263,Maintenir une relation durable,Tester des avantages de fidélité et un accès anticipé,Taux de réachat à 90 jours,2011-12-10
14087,3,1,191.47,0,Occasionnels récents,-0.25158641087923606,-2.3400246777963027,Encourager un achat supplémentaire,Tester une relance après achat avec des produits complémentaires,Taux de nouvel achat à 60 jours,2011-12-10
14088,11,13,50491.81,3,Champions,3.7186581127613367,1.1475549836841634,Maintenir une relation durable,Tester des avantages de fidélité et un accès anticipé,Taux de réachat à 90 jours,2011-12-10
14089,57,1,158.75,2,Occasionnels en sommeil,-1.3880846832879001,-0.6695741571045793,Réactiver les clients,Tester une campagne de retour avec une offre ciblée,Taux de réactivation à 60 jours,2011-12-10
14090,325,1,76.32000000000001,2,Occasionnels en sommeil,-2.4088488565593864,0.18867816070738516,Réactiver les clients,Tester une campagne de retour avec une offre ciblée,Taux de réactivation à 60 jours,2011-12-10
14092,8,14,4076.91,3,Champions,2.7007458315787156,0.07175210554343742,Maintenir une relation durable,Tester des avantages de fidélité et un accès anticipé,Taux de réachat à 90 jours,2011-12-10
14093,13,1,433.86,0,Occasionnels récents,-0.356144755069337,-1.2292190802515206,Encourager un achat supplémentaire,Tester une relance après achat avec des produits complémentaires,Taux de nouvel achat à 60 jours,2011-12-10
14096,5,17,65164.79,3,Champions,4.338604865166044,0.8863313623024774,Maintenir une relation durable,Tester des avantages de fidélité et un accès anticipé,Taux de réachat à 90 jours,2011-12-10
14098,37,1,147.35,0,Occasionnels récents,-1.2574470539219944,-0.9713675313469955,Encourager un achat supplémentaire,Tester une relance après achat avec des produits complémentaires,Taux de nouvel achat à 60 jours,2011-12-10
14099,17,11,3104.17,3,Champions,2.098022701929829,0.3374627297094801,Maintenir une relation durable,Tester des avantages de fidélité et un accès anticipé,Taux de réachat à 90 jours,2011-12-10
14100,138,1,191.95000000000002,2,Occasionnels en sommeil,-1.6411377695345615,-0.03275786383565443,Réactiver les clients,Tester une campagne de retour avec une offre ciblée,Taux de réactivation à 60 jours,2011-12-10
14101,74,6,5976.79,1,Acheteurs réguliers,1.3617077295305273,1.2963236528158022,Entretenir la relation et développer les achats,Tester des recommandations adaptées à l'historique d'achat,Nombre de commandes par client sur 90 jours,2011-12-10
14102,6,5,1105.8799999999999,3,Champions,1.3521854803580864,-0.9179251946362318,Maintenir une relation durable,Tester des avantages de fidélité et un accès anticipé,Taux de réachat à 90 jours,2011-12-10
14104,155,2,216.20999999999998,2,Occasionnels en sommeil,-1.263476662996962,0.2410696042384428,Réactiver les clients,Tester une campagne de retour avec une offre ciblée,Taux de réactivation à 60 jours,2011-12-10
14105,240,1,1266.23,2,Occasionnels en sommeil,-0.9644192725438743,1.0096107641700138,Réactiver les clients,Tester une campagne de retour avec une offre ciblée,Taux de réactivation à 60 jours,2011-12-10
14107,52,7,2703.23,1,Acheteurs réguliers,1.2424584830647531,0.8333876770583223,Entretenir la relation et développer les achats,Tester des recommandations adaptées à l'historique d'achat,Nombre de commandes par client sur 90 jours,2011-12-10
14108,31,2,597.91,0,Occasionnels récents,-0.16166732452532792,-0.41968671746011643,Encourager un achat supplémentaire,Tester une relance après achat avec des produits complémentaires,Taux de nouvel achat à 60 jours,2011-12-10
14109,73,1,144.2,2,Occasionnels en sommeil,-1.5288541430352622,-0.5459550368171568,Réactiver les clients,Tester une campagne de retour avec une offre ciblée,Taux de réactivation à 60 jours,2011-12-10
14110,4,12,5683.15,3,Champions,2.9591654505946585,-0.24448083705612733,Maintenir une relation durable,Tester des avantages de fidélité et un accès anticipé,Taux de réachat à 90 jours,2011-12-10
14111,15,4,692.85,0,Occasionnels récents,0.6418107558671619,-0.620498580781853,Encourager un achat supplémentaire,Tester une relance après achat avec des produits complémentaires,Taux de nouvel achat à 60 jours,2011-12-10
14112,23,7,2915.15,3,Champions,1.5887544809394083,0.34586763141460064,Maintenir une relation durable,Tester des avantages de fidélité et un accès anticipé,Taux de réachat à 90 jours,2011-12-10
14113,4,4,1840.42,3,Champions,1.5605011091054586,-1.0215189467440287,Maintenir une relation durable,Tester des avantages de fidélité et un accès anticipé,Taux de réachat à 90 jours,2011-12-10
14114,274,2,386.53,2,Occasionnels en sommeil,-1.2111849253036302,0.8201619764173078,Réactiver les clients,Tester une campagne de retour avec une offre ciblée,Taux de réactivation à 60 jours,2011-12-10
14116,20,5,1382.74,1,Acheteurs réguliers,1.027428193103007,-0.12260628013456096,Entretenir la relation et développer les achats,Tester des recommandations adaptées à l'historique d'achat,Nombre de commandes par client sur 90 jours,2011-12-10
14117,144,1,90.0,2,Occasionnels en sommeil,-2.014057925654834,-0.2786794210540931,Réactiver les clients,Tester une campagne de retour avec une offre ciblée,Taux de réactivation à 60 jours,2011-12-10
14121,4,4,2780.15,3,Champions,1.7560053584723865,-0.871531091384061,Maintenir une relation durable,Tester des avantages de fidélité et un accès anticipé,Taux de réachat à 90 jours,2011-12-10
14124,85,1,419.58000000000004,2,Occasionnels en sommeil,-1.0834911486378567,-0.06140377496832816,Réactiver les clients,Tester une campagne de retour avec une offre ciblée,Taux de réactivation à 60 jours,2011-12-10
14125,11,3,2720.63,1,Acheteurs réguliers,1.2007755670917353,-0.3960483808820777,Entretenir la relation et développer les achats,Tester des recommandations adaptées à l'historique d'achat,Nombre de commandes par client sur 90 jours,2011-12-10
14126,8,3,706.1300000000001,0,Occasionnels récents,0.6744912155232953,-1.0733094476243445,Encourager un achat supplémentaire,Tester une relance après achat avec des produits complémentaires,Taux de nouvel achat à 60 jours,2011-12-10
14127,123,3,709.71,1,Acheteurs réguliers,-0.3512388325610705,0.633547118966195,Entretenir la relation et développer les achats,Tester des recommandations adaptées à l'historique d'achat,Nombre de commandes par client sur 90 jours,2011-12-10
14128,61,2,637.5,1,Acheteurs réguliers,-0.3905564447340454,0.03351484569029937,Entretenir la relation et développer les achats,Tester des recommandations adaptées à l'historique d'achat,Nombre de commandes par client sur 90 jours,2011-12-10
14129,2,5,1123.8600000000001,3,Champions,1.6919295655345066,-1.4628179497304223,Maintenir une relation durable,Tester des avantages de fidélité et un accès anticipé,Taux de réachat à 90 jours,2011-12-10
14130,320,1,480.91,2,Occasionnels en sommeil,-1.5351924666607606,0.8442394115572686,Réactiver les clients,Tester une campagne de retour avec une offre ciblée,Taux de réactivation à 60 jours,2011-12-10
14132,3,11,3586.0299999999997,3,Champions,2.755954484877703,-0.587731788935038,Maintenir une relation durable,Tester des avantages de fidélité et un accès anticipé,Taux de réachat à 90 jours,2011-12-10
14133,130,3,605.64,1,Acheteurs réguliers,-0.4478347703855982,0.6116494611497358,Entretenir la relation et développer les achats,Tester des recommandations adaptées à l'historique d'achat,Nombre de commandes par client sur 90 jours,2011-12-10
14135,2,15,4690.31,3,Champions,3.2561683409644306,-0.5665965591877629,Maintenir une relation durable,Tester des avantages de fidélité et un accès anticipé,Taux de réachat à 90 jours,2011-12-10
14138,2,2,965.8800000000001,0,Occasionnels récents,0.9932417373228537,-1.7841193083515055,Encourager un achat supplémentaire,Tester une relance après achat avec des produits complémentaires,Taux de nouvel achat à 60 jours,2011-12-10
14139,47,1,415.82,0,Occasionnels récents,-0.8591810810400032,-0.4437227416372444,Encourager un achat supplémentaire,Tester une relance après achat avec des produits complémentaires,Taux de nouvel achat à 60 jours,2011-12-10
14140,4,2,935.05,0,Occasionnels récents,0.7776552665911557,-1.463864105035856,Encourager un achat supplémentaire,Tester une relance après achat avec des produits complémentaires,Taux de nouvel achat à 60 jours,2011-12-10
14141,3,4,915.13,0,Occasionnels récents,1.3169448624510596,-1.4205175853410514,Encourager un achat supplémentaire,Tester une relance après achat avec des produits complémentaires,Taux de nouvel achat à 60 jours,2011-12-10
14142,374,1,311.81,2,Occasionnels en sommeil,-1.8010442512936136,0.7881039130253886,Réactiver les clients,Tester une campagne de retour avec une offre ciblée,Taux de réactivation à 60 jours,2011-12-10
14143,134,1,115.8,2,Occasionnels en sommeil,-1.867700088853727,-0.23433308161611616,Réactiver les clients,Tester une campagne de retour avec une offre ciblée,Taux de réactivation à 60 jours,2011-12-10
14145,47,4,3742.2,1,Acheteurs réguliers,1.0103505596756153,0.7067072065251218,Entretenir la relation et développer les achats,Tester des recommandations adaptées à l'historique d'achat,Nombre de commandes par client sur 90 jours,2011-12-10
14146,9,5,4191.0,3,Champions,1.8437753377902881,-0.2016886193423918,Maintenir une relation durable,Tester des avantages de fidélité et un accès anticipé,Taux de réachat à 90 jours,2011-12-10
14147,79,2,483.4,2,Occasionnels en sommeil,-0.6214278690904963,0.09872384577882122,Réactiver les clients,Tester une campagne de retour avec une offre ciblée,Taux de réactivation à 60 jours,2011-12-10
14148,234,1,157.2,2,Occasionnels en sommeil,-1.9411107671905043,0.2363391737439094,Réactiver les clients,Tester une campagne de retour avec une offre ciblée,Taux de réactivation à 60 jours,2011-12-10
14149,221,1,446.62,2,Occasionnels en sommeil,-1.425651238738095,0.5776883592147899,Réactiver les clients,Tester une campagne de retour avec une offre ciblée,Taux de réactivation à 60 jours,2011-12-10
14150,36,2,658.64,0,Occasionnels récents,-0.1727777854178611,-0.29018370750597366,Encourager un achat supplémentaire,Tester une relance après achat avec des produits complémentaires,Taux de nouvel achat à 60 jours,2011-12-10
14152,76,2,621.29,2,Occasionnels en sommeil,-0.48767501548805076,0.16499948052675223,Réactiver les clients,Tester une campagne de retour avec une offre ciblée,Taux de réactivation à 60 jours,2011-12-10
14154,240,2,1345.62,2,Occasionnels en sommeil,-0.5688771393671422,1.1874607565957804,Réactiver les clients,Tester une campagne de retour avec une offre ciblée,Taux de réactivation à 60 jours,2011-12-10
14155,267,1,118.75,2,Occasionnels en sommeil,-2.124642752899949,0.2204616637831083,Réactiver les clients,Tester une campagne de retour avec une offre ciblée,Taux de réactivation à 60 jours,2011-12-10
14156,10,55,117210.08,3,Champions,5.40592541229369,1.9298350506929027,Maintenir une relation durable,Tester des avantages de fidélité et un accès anticipé,Taux de réachat à 90 jours,2011-12-10
14157,20,2,424.89000000000004,0,Occasionnels récents,-0.15822131509990076,-0.8174971554075035,Encourager un achat supplémentaire,Tester une relance après achat avec des produits complémentaires,Taux de nouvel achat à 60 jours,2011-12-10
14158,41,1,507.66,0,Occasionnels récents,-0.7124276931876968,-0.45808616056644275,Encourager un achat supplémentaire,Tester une relance après achat avec des produits complémentaires,Taux de nouvel achat à 60 jours,2011-12-10
14159,20,11,4630.35,3,Champions,2.2271571763883307,0.5830861520305914,Maintenir une relation durable,Tester des avantages de fidélité et un accès anticipé,Taux de réachat à 90 jours,2011-12-10
14161,216,3,1097.6200000000001,1,Acheteurs réguliers,-0.36407083624181164,1.1557379977727742,Entretenir la relation et développer les achats,Tester des recommandations adaptées à l'historique d'achat,Nombre de commandes par client sur 90 jours,2011-12-10
14162,174,2,289.36,2,Occasionnels en sommeil,-1.1708994962386552,0.42135908265295624,Réactiver les clients,Tester une campagne de retour avec une offre ciblée,Taux de réactivation à 60 jours,2011-12-10
14163,88,4,2445.91,1,Acheteurs réguliers,0.5667753530534432,0.9534084815722332,Entretenir la relation et développer les achats,Tester des recommandations adaptées à l'historique d'achat,Nombre de commandes par client sur 90 jours,2011-12-10
14164,71,2,1631.77,1,Acheteurs réguliers,-0.00398337454991741,0.4722498986666927,Entretenir la relation et développer les achats,Tester des recommandations adaptées à l'historique d'achat,Nombre de commandes par client sur 90 jours,2011-12-10
14165,276,1,120.44,2,Occasionnels en sommeil,-2.130944538637393,0.24702966283210978,Réactiver les clients,Tester une campagne de retour avec une offre ciblée,Taux de réactivation à 60 jours,2011-12-10
14167,40,4,562.59,1,Acheteurs réguliers,0.17439713191509507,-0.08448369329056471,Entretenir la relation et développer les achats,Tester des recommandations adaptées à l'historique d'achat,Nombre de commandes par client sur 90 jours,2011-12-10
14171,99,1,363.79,2,Occasionnels en sommeil,-1.2100845313923447,-0.015134615924182894,Réactiver les clients,Tester une campagne de retour avec une offre ciblée,Taux de réactivation à 60 jours,2011-12-10
14173,11,4,450.84,0,Occasionnels récents,0.5511944552549705,-0.9635218147231371,Encourager un achat supplémentaire,Tester une relance après achat avec des produits complémentaires,Taux de nouvel achat à 60 jours,2011-12-10
14174,34,1,134.46,0,Occasionnels récents,-1.2683123700219119,-1.0578882682549189,Encourager un achat supplémentaire,Tester une relance après achat avec des produits complémentaires,Taux de nouvel achat à 60 jours,2011-12-10
14175,60,3,3222.3,1,Acheteurs réguliers,0.6436808525213058,0.7223893238025586,Entretenir la relation et développer les achats,Tester des recommandations adaptées à l'historique d'achat,Nombre de commandes par client sur 90 jours,2011-12-10
14176,298,4,576.9000000000001,2,Occasionnels en sommeil,-0.5924815518284131,1.2161282734846675,Réactiver les clients,Tester une campagne de retour avec une offre ciblée,Taux de réactivation à 60 jours,2011-12-10
14177,87,4,549.46,1,Acheteurs réguliers,-0.1361424624919716,0.40339807466290817,Entretenir la relation et développer les achats,Tester des recommandations adaptées à l'historique d'achat,Nombre de commandes par client sur 90 jours,2011-12-10
14178,9,7,1600.26,3,Champions,1.647661104638416,-0.44126179679965977,Maintenir une relation durable,Tester des avantages de fidélité et un accès anticipé,Taux de réachat à 90 jours,2011-12-10
14179,41,2,701.57,0,Occasionnels récents,-0.19256353816084912,-0.18485822371391797,Encourager un achat supplémentaire,Tester une relance après achat avec des produits complémentaires,Taux de nouvel achat à 60 jours,2011-12-10
14180,11,25,4748.52,3,Champions,3.157775222119353,0.5254900068663847,Maintenir une relation durable,Tester des avantages de fidélité et un accès anticipé,Taux de réachat à 90 jours,2011-12-10
14184,67,1,452.89,2,Occasionnels en sommeil,-0.9553045855733433,-0.18632664946550892,Réactiver les clients,Tester une campagne de retour avec une offre ciblée,Taux de réactivation à 60 jours,2011-12-10
14185,332,1,197.65,2,Occasionnels en sommeil,-1.9697738599144237,0.5457278036018542,Réactiver les clients,Tester une campagne de retour avec une offre ciblée,Taux de réactivation à 60 jours,2011-12-10
14188,31,6,2054.36,1,Acheteurs réguliers,1.1893572779506023,0.3543250197834587,Entretenir la relation et développer les achats,Tester des recommandations adaptées à l'historique d'achat,Nombre de commandes par client sur 90 jours,2011-12-10
14189,3,15,4654.08,3,Champions,3.1397334994218644,-0.38241977928614834,Maintenir une relation durable,Tester des avantages de fidélité et un accès anticipé,Taux de réachat à 90 jours,2011-12-10
14191,2,13,4684.76,3,Champions,3.134831993835924,-0.6183189566071158,Maintenir une relation durable,Tester des avantages de fidélité et un accès anticipé,Taux de réachat à 90 jours,2011-12-10
14193,68,2,853.39,1,Acheteurs réguliers,-0.2943816449787663,0.20899872436728426,Entretenir la relation et développer les achats,Tester des recommandations adaptées à l'historique d'achat,Nombre de commandes par client sur 90 jours,2011-12-10
14194,5,21,11349.52,3,Champions,3.6914506923099064,0.3276814175009742,Maintenir une relation durable,Tester des avantages de fidélité et un accès anticipé,Taux de réachat à 90 jours,2011-12-10
14195,202,2,1012.0,2,Occasionnels en sommeil,-0.6366021030398143,0.9723690279991677,Réactiver les clients,Tester une campagne de retour avec une offre ciblée,Taux de réactivation à 60 jours,2011-12-10
14196,107,1,335.52,2,Occasionnels en sommeil,-1.278496715662009,0.005548661239225177,Réactiver les clients,Tester une campagne de retour avec une offre ciblée,Taux de réactivation à 60 jours,2011-12-10
14198,19,4,701.4,1,Acheteurs réguliers,0.5601551763913882,-0.4709974569289506,Entretenir la relation et développer les achats,Tester des recommandations adaptées à l'historique d'achat,Nombre de commandes par client sur 90 jours,2011-12-10
14199,219,1,185.39999999999998,2,Occasionnels en sommeil,-1.8374813161894552,0.253134834556346,Réactiver les clients,Tester une campagne de retour avec une offre ciblée,Taux de réactivation à 60 jours,2011-12-10
14201,61,7,747.44,1,Acheteurs réguliers,0.5719013451430502,0.4680591130412571,Entretenir la relation et développer les achats,Tester des recommandations adaptées à l'historique d'achat,Nombre de commandes par client sur 90 jours,2011-12-10
14204,3,1,150.61,0,Occasionnels récents,-0.3647318038410693,-2.426828084316411,Encourager un achat supplémentaire,Tester une relance après achat avec des produits complémentaires,Taux de nouvel achat à 60 jours,2011-12-10
14205,17,2,466.7,0,Occasionnels récents,-0.05339889421962971,-0.8836324433675055,Encourager un achat supplémentaire,Tester une relance après achat avec des produits complémentaires,Taux de nouvel achat à 60 jours,2011-12-10
14206,240,1,328.15999999999997,2,Occasionnels en sommeil,-1.6035919599503852,0.5192473019987055,Réactiver les clients,Tester une campagne de retour avec une offre ciblée,Taux de réactivation à 60 jours,2011-12-10
14208,95,1,151.74,2,Occasionnels en sommeil,-1.6068700641829146,-0.35835248067145964,Réactiver les clients,Tester une campagne de retour avec une offre ciblée,Taux de réactivation à 60 jours,2011-12-10
14209,11,6,2073.43,3,Champions,1.5781787134963128,-0.2798667089891335,Maintenir une relation durable,Tester des avantages de fidélité et un accès anticipé,Taux de réachat à 90 jours,2011-12-10
14210,106,6,1905.8400000000001,1,Acheteurs réguliers,0.6806664478030056,1.1116671741333546,Entretenir la relation et développer les achats,Tester des recommandations adaptées à l'historique d'achat,Nombre de commandes par client sur 90 jours,2011-12-10
14211,54,9,2241.1,1,Acheteurs réguliers,1.3409090982850913,0.8750083980685796,Entretenir la relation et développer les achats,Tester des recommandations adaptées à l'historique d'achat,Nombre de commandes par client sur 90 jours,2011-12-10
14212,90,1,1070.48,2,Occasionnels en sommeil,-0.6622365770480583,0.31550329133278826,Réactiver les clients,Tester une campagne de retour avec une offre ciblée,Taux de réactivation à 60 jours,2011-12-10
14214,31,5,1004.38,1,Acheteurs réguliers,0.7108763674230911,0.0349941877849975,Entretenir la relation et développer les achats,Tester des recommandations adaptées à l'historique d'achat,Nombre de commandes par client sur 90 jours,2011-12-10
14215,12,6,1789.72,3,Champions,1.4770731469174205,-0.2813355041661295,Maintenir une relation durable,Tester des avantages de fidélité et un accès anticipé,Taux de réachat à 90 jours,2011-12-10
14216,4,4,1839.3,3,Champions,1.5602126321157013,-1.0217402618568947,Maintenir une relation durable,Tester des avantages de fidélité et un accès anticipé,Taux de réachat à 90 jours,2011-12-10
14217,2,17,2004.98,3,Champions,2.9598732793417257,-0.8303960776785142,Maintenir une relation durable,Tester des avantages de fidélité et un accès anticipé,Taux de réachat à 90 jours,2011-12-10
14218,43,1,169.48000000000002,0,Occasionnels récents,-1.2489819903791406,-0.8254950717418797,Encourager un achat supplémentaire,Tester une relance après achat avec des produits complémentaires,Taux de nouvel achat à 60 jours,2011-12-10
14219,5,1,89.94,0,Occasionnels récents,-0.7659990018495876,-2.3491921548561945,Encourager un achat supplémentaire,Tester une relance après achat avec des produits complémentaires,Taux de nouvel achat à 60 jours,2011-12-10
14220,248,2,632.4,2,Occasionnels en sommeil,-0.9393033953193584,0.9343219558562256,Réactiver les clients,Tester une campagne de retour avec une offre ciblée,Taux de réactivation à 60 jours,2011-12-10
14221,43,9,3432.8,3,Champions,1.6304794367281372,0.8850162818007619,Maintenir une relation durable,Tester des avantages de fidélité et un accès anticipé,Taux de réachat à 90 jours,2011-12-10
14222,178,1,683.17,2,Occasionnels en sommeil,-1.1401034283557752,0.5920752157251099,Réactiver les clients,Tester une campagne de retour avec une offre ciblée,Taux de réactivation à 60 jours,2011-12-10
14223,93,3,991.13,1,Acheteurs réguliers,-0.08450116720093635,0.5748485324268938,Entretenir la relation et développer les achats,Tester des recommandations adaptées à l'historique d'achat,Nombre de commandes par client sur 90 jours,2011-12-10
14224,111,4,1009.73,1,Acheteurs réguliers,0.05745979731136626,0.7812032544874312,Entretenir la relation et développer les achats,Tester des recommandations adaptées à l'historique d'achat,Nombre de commandes par client sur 90 jours,2011-12-10
14226,29,5,2214.79,1,Acheteurs réguliers,1.1108649852661612,0.2805015364927314,Entretenir la relation et développer les achats,Tester des recommandations adaptées à l'historique d'achat,Nombre de commandes par client sur 90 jours,2011-12-10
14227,27,10,3350.96,3,Champions,1.8824056146905082,0.6190559955363825,Maintenir une relation durable,Tester des avantages de fidélité et un accès anticipé,Taux de réachat à 90 jours,2011-12-10
14229,52,3,1547.2,1,Acheteurs réguliers,0.35108413415907147,0.36426018120873394,Entretenir la relation et développer les achats,Tester des recommandations adaptées à l'historique d'achat,Nombre de commandes par client sur 90 jours,2011-12-10
14231,184,3,925.71,1,Acheteurs réguliers,-0.38222298173729335,0.99013334924622,Entretenir la relation et développer les achats,Tester des recommandations adaptées à l'historique d'achat,Nombre de commandes par client sur 90 jours,2011-12-10
14232,43,5,2048.07,1,Acheteurs réguliers,0.9236593866985022,0.5009969430435061,Entretenir la relation et développer les achats,Tester des recommandations adaptées à l'historique d'achat,Nombre de commandes par client sur 90 jours,2011-12-10
14233,50,4,1462.72,1,Acheteurs réguliers,0.541382487284673,0.404558875762635,Entretenir la relation et développer les achats,Tester des recommandations adaptées à l'historique d'achat,Nombre de commandes par client sur 90 jours,2011-12-10
14234,23,4,754.12,1,Acheteurs réguliers,0.5230088534290045,-0.32615961784074504,Entretenir la relation et développer les achats,Tester des recommandations adaptées à l'historique d'achat,Nombre de commandes par client sur 90 jours,2011-12-10
14235,76,5,3144.86,1,Acheteurs réguliers,0.9075821320199486,1.0206981151616485,Entretenir la relation et développer les achats,Tester des recommandations adaptées à l'historique d'achat,Nombre de commandes par client sur 90 jours,2011-12-10
14236,81,2,490.86,2,Occasionnels en sommeil,-0.6238598448949337,0.12033372045517235,Réactiver les clients,Tester une campagne de retour avec une offre ciblée,Taux de réactivation à 60 jours,2011-12-10
14237,374,1,161.0,2,Occasionnels en sommeil,-2.1130334509639623,0.5487505940793489,Réactiver les clients,Tester une campagne de retour avec une offre ciblée,Taux de réactivation à 60 jours,2011-12-10
14238,327,1,146.85,2,Occasionnels en sommeil,-2.1038818155816794,0.4284589791603345,Réactiver les clients,Tester une campagne de retour avec une offre ciblée,Taux de réactivation à 60 jours,2011-12-10
14239,44,11,2380.85,3,Champions,1.6131367511981531,0.8365974674962063,Maintenir une relation durable,Tester des avantages de fidélité et un accès anticipé,Taux de réachat à 90 jours,2011-12-10
14240,31,2,890.34,0,Occasionnels récents,0.02686083963840127,-0.27505080745082194,Encourager un achat supplémentaire,Tester une relance après achat avec des produits complémentaires,Taux de nouvel achat à 60 jours,2011-12-10
14241,184,1,213.70000000000002,2,Occasionnels en sommeil,-1.7025470227428445,0.19192224225410406,Réactiver les clients,Tester une campagne de retour avec une offre ciblée,Taux de réactivation à 60 jours,2011-12-10
14242,235,2,280.55,2,Occasionnels en sommeil,-1.3027216814018394,0.6045346303287699,Réactiver les clients,Tester une campagne de retour avec une offre ciblée,Taux de réactivation à 60 jours,2011-12-10
14243,9,10,2588.77,3,Champions,2.1636528449841195,-0.14405057472461327,Maintenir une relation durable,Tester des avantages de fidélité et un accès anticipé,Taux de réachat à 90 jours,2011-12-10
14245,220,2,1693.45,1,Acheteurs réguliers,-0.4259798261565578,1.2147248732645557,Entretenir la relation et développer les achats,Tester des recommandations adaptées à l'historique d'achat,Nombre de commandes par client sur 90 jours,2011-12-10
14246,111,3,1474.06,1,Acheteurs réguliers,0.034873428253643965,0.8330001276985473,Entretenir la relation et développer les achats,Tester des recommandations adaptées à l'historique d'achat,Nombre de commandes par client sur 90 jours,2011-12-10
14247,279,1,136.76999999999998,2,Occasionnels en sommeil,-2.0753457043476122,0.2999254333850342,Réactiver les clients,Tester une campagne de retour avec une offre ciblée,Taux de réactivation à 60 jours,2011-12-10
14248,319,1,302.58,2,Occasionnels en sommeil,-1.7530790807975989,0.6741137965747112,Réactiver les clients,Tester une campagne de retour avec une offre ciblée,Taux de réactivation à 60 jours,2011-12-10
14250,8,3,1904.05,1,Acheteurs réguliers,1.1443950991016,-0.7128064102149057,Entretenir la relation et développer les achats,Tester des recommandations adaptées à l'historique d'achat,Nombre de commandes par client sur 90 jours,2011-12-10
14251,2,5,2879.7000000000003,3,Champions,2.13780634518803,-1.1207481371734282,Maintenir une relation durable,Tester des avantages de fidélité et un accès anticipé,Taux de réachat à 90 jours,2011-12-10
14256,261,2,969.0600000000001,2,Occasionnels en sommeil,-0.7571423747791737,1.1224565302100242,Réactiver les clients,Tester une campagne de retour avec une offre ciblée,Taux de réactivation à 60 jours,2011-12-10
14257,65,5,3099.7200000000003,1,Acheteurs réguliers,0.9611496648616954,0.9152408648478498,Entretenir la relation et développer les achats,Tester des recommandations adaptées à l'historique d'achat,Nombre de commandes par client sur 90 jours,2011-12-10
14258,10,9,12669.98,3,Champions,2.792916444893584,0.45884857385317607,Maintenir une relation durable,Tester des avantages de fidélité et un accès anticipé,Taux de réachat à 90 jours,2011-12-10
14259,142,1,120.0,2,Occasionnels en sommeil,-1.8735145206756532,-0.18406127479467566,Réactiver les clients,Tester une campagne de retour avec une offre ciblée,Taux de réactivation à 60 jours,2011-12-10
14261,51,2,1163.45,1,Acheteurs réguliers,-0.036707728250665345,0.13776016244649916,Entretenir la relation et développer les achats,Tester des recommandations adaptées à l'historique d'achat,Nombre de commandes par client sur 90 jours,2011-12-10
14262,9,8,2618.23,3,Champions,1.9875155456511153,-0.2170171940114033,Maintenir une relation durable,Tester des avantages de fidélité et un accès anticipé,Taux de réachat à 90 jours,2011-12-10
14264,155,2,333.97,2,Occasionnels en sommeil,-1.0580869735921883,0.3986414172636133,Réactiver les clients,Tester une campagne de retour avec une offre ciblée,Taux de réactivation à 60 jours,2011-12-10
14265,110,2,530.18,2,Occasionnels en sommeil,-0.7060833786100821,0.34514015191247177,Réactiver les clients,Tester une campagne de retour avec une offre ciblée,Taux de réactivation à 60 jours,2011-12-10
14267,163,3,1516.24,1,Acheteurs réguliers,-0.10123786218723242,1.091149678777994,Entretenir la relation et développer les achats,Tester des recommandations adaptées à l'historique d'achat,Nombre de commandes par client sur 90 jours,2011-12-10
14270,332,1,492.65000000000003,2,Occasionnels en sommeil,-1.53816535689717,0.8768512136162605,Réactiver les clients,Tester une campagne de retour avec une offre ciblée,Taux de réactivation à 60 jours,2011-12-10
14271,226,1,112.32,2,Occasionnels en sommeil,-2.085731964274581,0.09245951107939973,Réactiver les clients,Tester une campagne de retour avec une offre ciblée,Taux de réactivation à 60 jours,2011-12-10
14272,74,2,437.96,2,Occasionnels en sommeil,-0.6428364354649629,0.020941751314946012,Réactiver les clients,Tester une campagne de retour avec une offre ciblée,Taux de réactivation à 60 jours,2011-12-10
14273,52,4,559.97,1,Acheteurs réguliers,0.07156475242511048,0.08069241913006084,Entretenir la relation et développer les achats,Tester des recommandations adaptées à l'historique d'achat,Nombre de commandes par client sur 90 jours,2011-12-10
14276,99,3,1119.74,1,Acheteurs réguliers,-0.05095959382665411,0.6594070164187327,Entretenir la relation et développer les achats,Tester des recommandations adaptées à l'historique d'achat,Nombre de commandes par client sur 90 jours,2011-12-10
14277,16,3,4188.0,1,Acheteurs réguliers,1.2687218061036225,-0.01278050309189948,Entretenir la relation et développer les achats,Tester des recommandations adaptées à l'historique d'achat,Nombre de commandes par client sur 90 jours,2011-12-10
14280,197,1,134.04,2,Occasionnels en sommeil,-1.9490137796431173,0.06740096910258828,Réactiver les clients,Tester une campagne de retour avec une offre ciblée,Taux de réactivation à 60 jours,2011-12-10
14282,4,15,3701.44,3,Champions,2.9437066577799156,-0.32066252996623157,Maintenir une relation durable,Tester des avantages de fidélité et un accès anticipé,Taux de réachat à 90 jours,2011-12-10
14284,31,2,595.25,0,Occasionnels récents,-0.16377789667147452,-0.42130591597272204,Encourager un achat supplémentaire,Tester une relance après achat avec des produits complémentaires,Taux de nouvel achat à 60 jours,2011-12-10
14285,22,4,1910.01,1,Acheteurs réguliers,0.9799417505717797,-0.016069806301254347,Entretenir la relation et développer les achats,Tester des recommandations adaptées à l'historique d'achat,Nombre de commandes par client sur 90 jours,2011-12-10
14286,24,3,4628.75,1,Acheteurs réguliers,1.1649930123976717,0.2742956528071331,Entretenir la relation et développer les achats,Tester des recommandations adaptées à l'historique d'achat,Nombre de commandes par client sur 90 jours,2011-12-10
14287,9,3,176.63,0,Occasionnels récents,-0.02184655382316244,-1.5073612084125576,Encourager un achat supplémentaire,Tester une relance après achat avec des produits complémentaires,Taux de nouvel achat à 60 jours,2011-12-10
14288,214,1,426.6,2,Occasionnels en sommeil,-1.4347885449351516,0.540218048624118,Réactiver les clients,Tester une campagne de retour avec une offre ciblée,Taux de réactivation à 60 jours,2011-12-10
14289,9,6,911.26,1,Acheteurs réguliers,1.2601203865184663,-0.6972120962812278,Entretenir la relation et développer les achats,Tester des recommandations adaptées à l'historique d'achat,Nombre de commandes par client sur 90 jours,2011-12-10
14290,12,5,2314.65,3,Champions,1.4595390276137172,-0.2470350423457,Maintenir une relation durable,Tester des avantages de fidélité et un accès anticipé,Taux de réachat à 90 jours,2011-12-10
14291,2,11,3883.25,3,Champions,2.906458085800179,-0.7457715402517796,Maintenir une relation durable,Tester des avantages de fidélité et un accès anticipé,Taux de réachat à 90 jours,2011-12-10
14292,8,9,4871.93,3,Champions,2.4184658581216416,-0.019204898700235548,Maintenir une relation durable,Tester des avantages de fidélité et un accès anticipé,Taux de réachat à 90 jours,2011-12-10
14293,4,4,1046.56,0,Occasionnels récents,1.2930468649253926,-1.226705732306937,Encourager un achat supplémentaire,Tester une relance après achat avec des produits complémentaires,Taux de nouvel achat à 60 jours,2011-12-10
14295,41,1,166.20000000000002,0,Occasionnels récents,-1.2399595726426778,-0.8628005107131989,Encourager un achat supplémentaire,Tester une relance après achat avec des produits complémentaires,Taux de nouvel achat à 60 jours,2011-12-10
14297,18,4,1305.33,1,Acheteurs réguliers,0.8744563733391743,-0.2786357384169607,Entretenir la relation et développer les achats,Tester des recommandations adaptées à l'historique d'achat,Nombre de commandes par client sur 90 jours,2011-12-10
14298,9,44,51527.3,3,Champions,4.855808881337298,1.4849261714382007,Maintenir une relation durable,Tester des avantages de fidélité et un accès anticipé,Taux de réachat à 90 jours,2011-12-10
14299,9,9,3965.62,3,Champions,2.2795984400464824,-0.02557397389617238,Maintenir une relation durable,Tester des avantages de fidélité et un accès anticipé,Taux de réachat à 90 jours,2011-12-10
14300,19,1,43.2,0,Occasionnels récents,-1.579990063122142,-1.8290379989601149,Encourager un achat supplémentaire,Tester une relance après achat avec des produits complémentaires,Taux de nouvel achat à 60 jours,2011-12-10
14301,118,1,640.14,2,Occasionnels en sommeil,-1.0108823056043292,0.30307037272690623,Réactiver les clients,Tester une campagne de retour avec une offre ciblée,Taux de réactivation à 60 jours,2011-12-10
14304,223,1,383.45,2,Occasionnels en sommeil,-1.5012991345317868,0.528179109639142,Réactiver les clients,Tester une campagne de retour avec une offre ciblée,Taux de réactivation à 60 jours,2011-12-10
14305,72,3,1858.96,1,Acheteurs réguliers,0.3125805061764775,0.6391090156272543,Entretenir la relation et développer les achats,Tester des recommandations adaptées à l'historique d'achat,Nombre de commandes par client sur 90 jours,2011-12-10
14306,52,2,2093.32,1,Acheteurs réguliers,0.2341416078728613,0.3636610242737535,Entretenir la relation et développer les achats,Tester des recommandations adaptées à l'historique d'achat,Nombre de commandes par client sur 90 jours,2011-12-10
14307,89,6,2995.72,1,Acheteurs réguliers,0.9628309690366831,1.16364745975661,Entretenir la relation et développer les achats,Tester des recommandations adaptées à l'historique d'achat,Nombre de commandes par client sur 90 jours,2011-12-10
14309,9,9,2352.53,3,Champions,2.032094135503314,-0.21545547238532928,Maintenir une relation durable,Tester des avantages de fidélité et un accès anticipé,Taux de réachat à 90 jours,2011-12-10
14311,243,1,310.26,2,Occasionnels en sommeil,-1.634953133140485,0.5069490706017382,Réactiver les clients,Tester une campagne de retour avec une offre ciblée,Taux de réactivation à 60 jours,2011-12-10
14312,47,6,1611.59,1,Acheteurs réguliers,0.9153997852251097,0.5296309984816987,Entretenir la relation et développer les achats,Tester des recommandations adaptées à l'historique d'achat,Nombre de commandes par client sur 90 jours,2011-12-10
14314,107,1,120.0,2,Occasionnels en sommeil,-1.7634870527153363,-0.3665284714087254,Réactiver les clients,Tester une campagne de retour avec une offre ciblée,Taux de réactivation à 60 jours,2011-12-10
14315,45,6,2481.13,1,Acheteurs réguliers,1.1365697033866553,0.6588470760477444,Entretenir la relation et développer les achats,Tester des recommandations adaptées à l'historique d'achat,Nombre de commandes par client sur 90 jours,2011-12-10
14317,65,1,508.58000000000004,2,Occasionnels en sommeil,-0.8887294361336703,-0.16363289234240588,Réactiver les clients,Tester une campagne de retour avec une offre ciblée,Taux de réactivation à 60 jours,2011-12-10
14320,207,2,477.79,2,Occasionnels en sommeil,-1.0014701894110858,0.715580744746148,Réactiver les clients,Tester une campagne de retour avec une offre ciblée,Taux de réactivation à 60 jours,2011-12-10
14321,11,5,1530.75,1,Acheteurs réguliers,1.2949566299976731,-0.4493979698734256,Entretenir la relation et développer les achats,Tester des recommandations adaptées à l'historique d'achat,Nombre de commandes par client sur 90 jours,2011-12-10
14323,115,2,605.0600000000001,2,Occasionnels en sommeil,-0.6608232739537926,0.42175152312314773,Réactiver les clients,Tester une campagne de retour avec une offre ciblée,Taux de réactivation à 60 jours,2011-12-10
14326,243,1,183.85,2,Occasionnels en sommeil,-1.8820240059641407,0.3174000942662691,Réactiver les clients,Tester une campagne de retour avec une offre ciblée,Taux de réactivation à 60 jours,2011-12-10
14327,164,1,311.65,2,Occasionnels en sommeil,-1.4794980997526477,0.25427025545542237,Réactiver les clients,Tester une campagne de retour avec une offre ciblée,Taux de réactivation à 60 jours,2011-12-10
14329,18,7,4975.24,3,Champions,1.9337109395925152,0.38841166840473124,Maintenir une relation durable,Tester des avantages de fidélité et un accès anticipé,Taux de réachat à 90 jours,2011-12-10
14331,125,2,462.65999999999997,2,Occasionnels en sommeil,-0.8202246882256399,0.3780775026463506,Réactiver les clients,Tester une campagne de retour avec une offre ciblée,Taux de réactivation à 60 jours,2011-12-10
14332,23,3,840.21,1,Acheteurs réguliers,0.37237352660253226,-0.37259993701294086,Entretenir la relation et développer les achats,Tester des recommandations adaptées à l'historique d'achat,Nombre de commandes par client sur 90 jours,2011-12-10
14333,68,1,415.2,2,Occasionnels en sommeil,-1.0021300781518374,-0.20837114303795184,Réactiver les clients,Tester une campagne de retour avec une offre ciblée,Taux de réactivation à 60 jours,2011-12-10
14334,17,8,2552.21,3,Champions,1.7450241702857316,0.15576503346847947,Maintenir une relation durable,Tester des avantages de fidélité et un accès anticipé,Taux de réachat à 90 jours,2011-12-10
14335,17,2,454.86,0,Occasionnels récents,-0.06555667419525037,-0.8929597053088012,Encourager un achat supplémentaire,Tester une relance après achat avec des produits complémentaires,Taux de nouvel achat à 60 jours,2011-12-10
14336,17,4,1614.91,1,Acheteurs réguliers,0.9964885503959543,-0.23641707217361266,Entretenir la relation et développer les achats,Tester des recommandations adaptées à l'historique d'achat,Nombre de commandes par client sur 90 jours,2011-12-10
14338,162,2,588.22,2,Occasionnels en sommeil,-0.807512418894885,0.6326092539663973,Réactiver les clients,Tester une campagne de retour avec une offre ciblée,Taux de réactivation à 60 jours,2011-12-10
14339,243,1,309.52,2,Occasionnels en sommeil,-1.6360817306158943,0.5060832279643046,Réactiver les clients,Tester une campagne de retour avec une offre ciblée,Taux de réactivation à 60 jours,2011-12-10
14340,219,1,134.7,2,Occasionnels en sommeil,-1.9879988024371933,0.13766013244846098,Réactiver les clients,Tester une campagne de retour avec une offre ciblée,Taux de réactivation à 60 jours,2011-12-10
14341,46,8,2166.98,1,Acheteurs réguliers,1.2912841793864218,0.7201364422032169,Entretenir la relation et développer les achats,Tester des recommandations adaptées à l'historique d'achat,Nombre de commandes par client sur 90 jours,2011-12-10
14342,22,4,668.5600000000001,1,Acheteurs réguliers,0.4826712844613489,-0.3975680652253999,Entretenir la relation et développer les achats,Tester des recommandations adaptées à l'historique d'achat,Nombre de commandes par client sur 90 jours,2011-12-10
14344,128,8,889.9300000000001,1,Acheteurs réguliers,0.47388659197922217,1.052945537702177,Entretenir la relation et développer les achats,Tester des recommandations adaptées à l'historique d'achat,Nombre de commandes par client sur 90 jours,2011-12-10
14345,39,1,108.97999999999999,0,Occasionnels récents,-1.4194528213827364,-1.0468905370235653,Encourager un achat supplémentaire,Tester une relance après achat avec des produits complémentaires,Taux de nouvel achat à 60 jours,2011-12-10
14346,121,2,1021.58,1,Acheteurs réguliers,-0.4325607382129346,0.6448164257450268,Entretenir la relation et développer les achats,Tester des recommandations adaptées à l'historique d'achat,Nombre de commandes par client sur 90 jours,2011-12-10
14348,261,1,409.57,2,Occasionnels en sommeil,-1.5315511000589763,0.6539459112194215,Réactiver les clients,Tester une campagne de retour avec une offre ciblée,Taux de réactivation à 60 jours,2011-12-10
14349,11,1,133.5,0,Occasionnels récents,-0.8521180383958168,-1.7562755986975522,Encourager un achat supplémentaire,Tester une relance après achat avec des produits complémentaires,Taux de nouvel achat à 60 jours,2011-12-10
14350,275,1,282.93,2,Occasionnels en sommeil,-1.7268295792149524,0.5536220526598958,Réactiver les clients,Tester une campagne de retour avec une offre ciblée,Taux de réactivation à 60 jours,2011-12-10
14351,165,1,51.0,2,Occasionnels en sommeil,-2.332412334257401,-0.3943279146877722,Réactiver les clients,Tester une campagne de retour avec une offre ciblée,Taux de réactivation à 60 jours,2011-12-10
14352,158,4,1078.96,1,Acheteurs réguliers,-0.04847102676608076,1.0330705282016233,Entretenir la relation et développer les achats,Tester des recommandations adaptées à l'historique d'achat,Nombre de commandes par client sur 90 jours,2011-12-10
14353,216,1,90.6,2,Occasionnels en sommeil,-2.1689645702887166,-0.014227530246290638,Réactiver les clients,Tester une campagne de retour avec une offre ciblée,Taux de réactivation à 60 jours,2011-12-10
14354,6,2,163.62,0,Occasionnels récents,-0.17831022942269828,-1.8773767757310829,Encourager un achat supplémentaire,Tester une relance après achat avec des produits complémentaires,Taux de nouvel achat à 60 jours,2011-12-10
14355,366,1,174.4,2,Occasionnels en sommeil,-2.0668993881633595,0.5636425401645022,Réactiver les clients,Tester une campagne de retour avec une offre ciblée,Taux de réactivation à 60 jours,2011-12-10
14356,80,2,701.23,1,Acheteurs réguliers,-0.4502221184708878,0.24188054846546678,Entretenir la relation et développer les achats,Tester des recommandations adaptées à l'historique d'achat,Nombre de commandes par client sur 90 jours,2011-12-10
14357,44,1,225.12,0,Occasionnels récents,-1.1238683002663952,-0.708144479557867,Encourager un achat supplémentaire,Tester une relance après achat avec des produits complémentaires,Taux de nouvel achat à 60 jours,2011-12-10
14359,20,3,912.18,1,Acheteurs réguliers,0.4636356407130828,-0.4295354082973696,Entretenir la relation et développer les achats,Tester des recommandations adaptées à l'historique d'achat,Nombre de commandes par client sur 90 jours,2011-12-10
14360,32,4,2118.03,1,Acheteurs réguliers,0.8874322604602674,0.25617931230451557,Entretenir la relation et développer les achats,Tester des recommandations adaptées à l'historique d'achat,Nombre de commandes par client sur 90 jours,2011-12-10
14362,23,1,151.5,0,Occasionnels récents,-1.0642484686813576,-1.260033047114675,Encourager un achat supplémentaire,Tester une relance après achat avec des produits complémentaires,Taux de nouvel achat à 60 jours,2011-12-10
14364,109,8,3717.35,1,Acheteurs réguliers,1.2137859746162816,1.4691055361578724,Entretenir la relation et développer les achats,Tester des recommandations adaptées à l'historique d'achat,Nombre de commandes par client sur 90 jours,2011-12-10
14367,9,16,9227.82,3,Champions,3.159914081801326,0.48541411355307856,Maintenir une relation durable,Tester des avantages de fidélité et un accès anticipé,Taux de réachat à 90 jours,2011-12-10
14368,320,1,155.0,2,Occasionnels en sommeil,-2.0699846190057896,0.43395509163424095,Réactiver les clients,Tester une campagne de retour avec une offre ciblée,Taux de réactivation à 60 jours,2011-12-10
14371,296,1,100.5,2,Occasionnels en sommeil,-2.243313547922342,0.22710066664159187,Réactiver les clients,Tester une campagne de retour avec une offre ciblée,Taux de réactivation à 60 jours,2011-12-10
14373,359,1,76.55,2,Occasionnels en sommeil,-2.4463252256730357,0.25424416468054317,Réactiver les clients,Tester une campagne de retour avec une offre ciblée,Taux de réactivation à 60 jours,2011-12-10
14375,186,1,235.56,2,Occasionnels en sommeil,-1.660788181496813,0.23418182909628743,Réactiver les clients,Tester une campagne de retour avec une offre ciblée,Taux de réactivation à 60 jours,2011-12-10
14377,192,2,617.05,2,Occasionnels en sommeil,-0.8510796385472152,0.7597990152359934,Réactiver les clients,Tester une campagne de retour avec une offre ciblée,Taux de réactivation à 60 jours,2011-12-10
14379,45,2,348.1,0,Occasionnels récents,-0.5598332804821368,-0.38013364719258896,Encourager un achat supplémentaire,Tester une relance après achat avec des produits complémentaires,Taux de nouvel achat à 60 jours,2011-12-10
14381,53,1,202.68,2,Occasionnels en sommeil,-1.2448863421217007,-0.6276517341586146,Réactiver les clients,Tester une campagne de retour avec une offre ciblée,Taux de réactivation à 60 jours,2011-12-10
14382,27,1,615.49,0,Occasionnels récents,-0.4623421988966533,-0.6517063695688002,Encourager un achat supplémentaire,Tester une relance après achat avec des produits complémentaires,Taux de nouvel achat à 60 jours,2011-12-10
14383,39,3,1247.69,1,Acheteurs réguliers,0.3594447520058749,0.10313113608003616,Entretenir la relation et développer les achats,Tester des recommandations adaptées à l'historique d'achat,Nombre de commandes par client sur 90 jours,2011-12-10
14385,10,3,202.11,0,Occasionnels récents,0.004353144173707464,-1.3966483390340378,Encourager un achat supplémentaire,Tester une relance après achat avec des produits complémentaires,Taux de nouvel achat à 60 jours,2011-12-10
14386,297,1,142.4,2,Occasionnels en sommeil,-2.08077540483974,0.3549931172335202,Réactiver les clients,Tester une campagne de retour avec une offre ciblée,Taux de réactivation à 60 jours,2011-12-10
14387,33,3,1727.6,1,Acheteurs réguliers,0.5773460197599809,0.11579237696649657,Entretenir la relation et développer les achats,Tester des recommandations adaptées à l'historique d'achat,Nombre de commandes par client sur 90 jours,2011-12-10
14388,11,8,3212.84,3,Champions,2.0130574968845405,-0.024085874432141642,Maintenir une relation durable,Tester des avantages de fidélité et un accès anticipé,Taux de réachat à 90 jours,2011-12-10
14389,66,2,1043.46,1,Acheteurs réguliers,-0.1876117502851413,0.2629467104855608,Entretenir la relation et développer les achats,Tester des recommandations adaptées à l'historique d'achat,Nombre de commandes par client sur 90 jours,2011-12-10
14390,11,9,4642.57,3,Champions,2.2828473842808057,0.1502544933402511,Maintenir une relation durable,Tester des avantages de fidélité et un accès anticipé,Taux de réachat à 90 jours,2011-12-10
14393,219,1,67.95,2,Occasionnels en sommeil,-2.309027785201782,-0.108628369152763,Réactiver les clients,Tester une campagne de retour avec une offre ciblée,Taux de réactivation à 60 jours,2011-12-10
14395,3,9,3479.91,3,Champions,2.5768111398548545,-0.6686887453935173,Maintenir une relation durable,Tester des avantages de fidélité et un accès anticipé,Taux de réachat à 90 jours,2011-12-10
14396,66,2,487.99,2,Occasionnels en sommeil,-0.5474489306526709,-0.01311484386361822,Réactiver les clients,Tester une campagne de retour avec une offre ciblée,Taux de réactivation à 60 jours,2011-12-10
14397,3,19,2612.96,3,Champions,3.0679326726099796,-0.5066290585077007,Maintenir une relation durable,Tester des avantages de fidélité et un accès anticipé,Taux de réachat à 90 jours,2011-12-10
14400,150,1,574.7,2,Occasionnels en sommeil,-1.1552765703205672,0.4187122356960643,Réactiver les clients,Tester une campagne de retour avec une offre ciblée,Taux de réactivation à 60 jours,2011-12-10
14401,5,13,4051.48,3,Champions,2.7943025377559567,-0.22058216421656515,Maintenir une relation durable,Tester des avantages de fidélité et un accès anticipé,Taux de réachat à 90 jours,2011-12-10
14403,131,4,1475.81,1,Acheteurs réguliers,0.1728625062864486,1.0259438941291854,Entretenir la relation et développer les achats,Tester des recommandations adaptées à l'historique d'achat,Nombre de commandes par client sur 90 jours,2011-12-10
14404,34,6,1449.32,1,Acheteurs réguliers,0.9889135469593193,0.2857433368793677,Entretenir la relation et développer les achats,Tester des recommandations adaptées à l'historique d'achat,Nombre de commandes par client sur 90 jours,2011-12-10
14406,120,1,156.75,2,Occasionnels en sommeil,-1.6822825916457538,-0.19617198292874446,Réactiver les clients,Tester une campagne de retour avec une offre ciblée,Taux de réactivation à 60 jours,2011-12-10
14407,108,6,2157.73,1,Acheteurs réguliers,0.7322365877917411,1.1688373384037511,Entretenir la relation et développer les achats,Tester des recommandations adaptées à l'historique d'achat,Nombre de commandes par client sur 90 jours,2011-12-10
14408,11,7,2599.03,3,Champions,1.806033744461756,-0.14642481444272096,Maintenir une relation durable,Tester des avantages de fidélité et un accès anticipé,Taux de réachat à 90 jours,2011-12-10
14409,72,6,2059.4500000000003,1,Acheteurs réguliers,0.8672742061328926,0.8913052753817343,Entretenir la relation et développer les achats,Tester des recommandations adaptées à l'historique d'achat,Nombre de commandes par client sur 90 jours,2011-12-10
14410,93,9,1100.27,1,Acheteurs réguliers,0.7937404512099039,0.9647760108645296,Entretenir la relation et développer les achats,Tester des recommandations adaptées à l'historique d'achat,Nombre de commandes par client sur 90 jours,2011-12-10
14411,311,1,1063.0,2,Occasionnels en sommeil,-1.148505045338023,1.1138636726502458,Réactiver les clients,Tester une campagne de retour avec une offre ciblée,Taux de réactivation à 60 jours,2011-12-10
14412,43,2,770.03,0,Occasionnels récents,-0.16671002235732713,-0.12079650454778079,Encourager un achat supplémentaire,Tester une relance après achat avec des produits complémentaires,Taux de nouvel achat à 60 jours,2011-12-10
14413,363,1,121.05,2,Occasionnels en sommeil,-2.2356264247117252,0.42639429685564556,Réactiver les clients,Tester une campagne de retour avec une offre ciblée,Taux de réactivation à 60 jours,2011-12-10
14414,92,7,1496.98,1,Acheteurs réguliers,0.741979263619969,0.9840222347212564,Entretenir la relation et développer les achats,Tester des recommandations adaptées à l'historique d'achat,Nombre de commandes par client sur 90 jours,2011-12-10
14415,2,13,5855.57,3,Champions,3.2405840553558516,-0.5371876003392535,Maintenir une relation durable,Tester des avantages de fidélité et un accès anticipé,Taux de réachat à 90 jours,2011-12-10
14416,23,2,490.22,0,Occasionnels récents,-0.14289369428898024,-0.6787876776959625,Encourager un achat supplémentaire,Tester une relance après achat avec des produits complémentaires,Taux de nouvel achat à 60 jours,2011-12-10
14418,4,3,1937.25,0,Occasionnels récents,1.3829739280463385,-1.088590283175791,Encourager un achat supplémentaire,Tester une relance après achat avec des produits complémentaires,Taux de nouvel achat à 60 jours,2011-12-10
14419,11,6,1051.79,1,Acheteurs réguliers,1.2565913401783881,-0.5265835992408309,Entretenir la relation et développer les achats,Tester des recommandations adaptées à l'historique d'achat,Nombre de commandes par client sur 90 jours,2011-12-10
14420,100,1,387.52,2,Occasionnels en sommeil,-1.184102494547691,0.014258337033888952,Réactiver les clients,Tester une campagne de retour avec une offre ciblée,Taux de réactivation à 60 jours,2011-12-10
14421,58,2,813.11,1,Acheteurs réguliers,-0.25591105312821777,0.08966014081930133,Entretenir la relation et développer les achats,Tester des recommandations adaptées à l'historique d'achat,Nombre de commandes par client sur 90 jours,2011-12-10
14422,1,6,4263.64,3,Champions,2.6221755074736293,-1.1823818855193202,Maintenir une relation durable,Tester des avantages de fidélité et un accès anticipé,Taux de réachat à 90 jours,2011-12-10
14423,219,1,265.2,2,Occasionnels en sommeil,-1.6685172601461309,0.38276146150140006,Réactiver les clients,Tester une campagne de retour avec une offre ciblée,Taux de réactivation à 60 jours,2011-12-10
14424,18,1,322.08,0,Occasionnels récents,-0.6167219288960489,-1.1387988203054824,Encourager un achat supplémentaire,Tester une relance après achat avec des produits complémentaires,Taux de nouvel achat à 60 jours,2011-12-10
14426,24,10,4481.67,3,Champions,2.0646478400028996,0.6511260939398444,Maintenir une relation durable,Tester des avantages de fidélité et un accès anticipé,Taux de réachat à 90 jours,2011-12-10
14427,51,2,363.34000000000003,0,Occasionnels récents,-0.5876281599194672,-0.2848975254941158,Encourager un achat supplémentaire,Tester une relance après achat avec des produits complémentaires,Taux de nouvel achat à 60 jours,2011-12-10
14428,8,5,1224.06,1,Acheteurs réguliers,1.3017808746762543,-0.7176663150560563,Entretenir la relation et développer les achats,Tester des recommandations adaptées à l'historique d'achat,Nombre de commandes par client sur 90 jours,2011-12-10
14431,303,1,470.36,2,Occasionnels en sommeil,-1.5243601474109936,0.8008181178180546,Réactiver les clients,Tester une campagne de retour avec une offre ciblée,Taux de réactivation à 60 jours,2011-12-10
14432,10,6,2248.5,3,Champions,1.650699601117645,-0.30695286200652283,Maintenir une relation durable,Tester des avantages de fidélité et un accès anticipé,Taux de réachat à 90 jours,2011-12-10
14434,22,6,1372.8,1,Acheteurs réguliers,1.127777501294464,-0.006883923679421286,Entretenir la relation et développer les achats,Tester des recommandations adaptées à l'historique d'achat,Nombre de commandes par client sur 90 jours,2011-12-10
14436,99,1,89.06,2,Occasionnels en sommeil,-1.8733444056534552,-0.5239773976482627,Réactiver les clients,Tester une campagne de retour avec une offre ciblée,Taux de réactivation à 60 jours,2011-12-10
14437,366,1,63.0,2,Occasionnels en sommeil,-2.544928739550073,0.19690576873482546,Réactiver les clients,Tester une campagne de retour avec une offre ciblée,Taux de réactivation à 60 jours,2011-12-10
14438,307,1,131.9,2,Occasionnels en sommeil,-2.129767108780193,0.3487870320658283,Réactiver les clients,Tester une campagne de retour avec une offre ciblée,Taux de réactivation à 60 jours,2011-12-10
14439,320,1,2661.24,2,Occasionnels en sommeil,-0.7247949695093225,1.465963916167404,Réactiver les clients,Tester une campagne de retour avec une offre ciblée,Taux de réactivation à 60 jours,2011-12-10
14440,9,5,2357.6800000000003,3,Champions,1.5711043071377044,-0.41087764330890275,Maintenir une relation durable,Tester des avantages de fidélité et un accès anticipé,Taux de réachat à 90 jours,2011-12-10
14441,1,4,1712.89,3,Champions,1.8856170477811471,-1.6432267822343156,Maintenir une relation durable,Tester des avantages de fidélité et un accès anticipé,Taux de réachat à 90 jours,2011-12-10
14442,205,2,1589.82,1,Acheteurs réguliers,-0.42835337057839196,1.1460814314659238,Entretenir la relation et développer les achats,Tester des recommandations adaptées à l'historique d'achat,Nombre de commandes par client sur 90 jours,2011-12-10
14443,54,4,1420.2,1,Acheteurs réguliers,0.49780913305993885,0.44291626743746015,Entretenir la relation et développer les achats,Tester des recommandations adaptées à l'historique d'achat,Nombre de commandes par client sur 90 jours,2011-12-10
14446,1,4,1010.35,3,Champions,1.6355136770058198,-1.835102244391078,Maintenir une relation durable,Tester des avantages de fidélité et un accès anticipé,Taux de réachat à 90 jours,2011-12-10
14447,19,5,1163.23,1,Acheteurs réguliers,0.9646522136459963,-0.21715261130825467,Entretenir la relation et développer les achats,Tester des recommandations adaptées à l'historique d'achat,Nombre de commandes par client sur 90 jours,2011-12-10
14448,10,2,375.35,0,Occasionnels récents,0.036594595810306066,-1.282795840952992,Encourager un achat supplémentaire,Tester une relance après achat avec des produits complémentaires,Taux de nouvel achat à 60 jours,2011-12-10
14449,19,4,885.8,1,Acheteurs réguliers,0.6706868628065898,-0.3861992459006996,Entretenir la relation et développer les achats,Tester des recommandations adaptées à l'historique d'achat,Nombre de commandes par client sur 90 jours,2011-12-10
14450,181,3,483.25,2,Occasionnels en sommeil,-0.6835555375102202,0.7434122650616873,Réactiver les clients,Tester une campagne de retour avec une offre ciblée,Taux de réactivation à 60 jours,2011-12-10
14451,61,2,643.9,1,Acheteurs réguliers,-0.3858274869476843,0.037142829423445295,Entretenir la relation et développer les achats,Tester des recommandations adaptées à l'historique d'achat,Nombre de commandes par client sur 90 jours,2011-12-10
14452,11,2,259.05,0,Occasionnels récents,-0.1727768199691461,-1.360699309848074,Encourager un achat supplémentaire,Tester une relance après achat avec des produits complémentaires,Taux de nouvel achat à 60 jours,2011-12-10
14453,191,1,119.93,2,Occasionnels en sommeil,-1.989279200201696,0.007254864929444107,Réactiver les clients,Tester une campagne de retour avec une offre ciblée,Taux de réactivation à 60 jours,2011-12-10
14456,6,9,3017.28,3,Champions,2.289849403488597,-0.35680598433395405,Maintenir une relation durable,Tester des avantages de fidélité et un accès anticipé,Taux de réachat à 90 jours,2011-12-10
14457,311,1,113.64,2,Occasionnels en sommeil,-2.2049038408134187,0.30341075282224816,Réactiver les clients,Tester une campagne de retour avec une offre ciblée,Taux de réactivation à 60 jours,2011-12-10
14459,156,1,1837.92,2,Occasionnels en sommeil,-0.619899192756171,0.8664910810557859,Réactiver les clients,Tester une campagne de retour avec une offre ciblée,Taux de réactivation à 60 jours,2011-12-10
14460,111,3,434.34,2,Occasionnels en sommeil,-0.5437419664063579,0.38909528980198627,Réactiver les clients,Tester une campagne de retour avec une offre ciblée,Taux de réactivation à 60 jours,2011-12-10
14461,149,3,2103.06,1,Acheteurs réguliers,0.08877183828166507,1.152088780159579,Entretenir la relation et développer les achats,Tester des recommandations adaptées à l'historique d'achat,Nombre de commandes par client sur 90 jours,2011-12-10
14462,67,11,1980.57,1,Acheteurs réguliers,1.3640817932191374,1.0380246704017382,Entretenir la relation et développer les achats,Tester des recommandations adaptées à l'historique d'achat,Nombre de commandes par client sur 90 jours,2011-12-10
14463,99,3,529.62,1,Acheteurs réguliers,-0.4054792431105599,0.3874249901904273,Entretenir la relation et développer les achats,Tester des recommandations adaptées à l'historique d'achat,Nombre de commandes par client sur 90 jours,2011-12-10
14465,247,3,1038.44,1,Acheteurs réguliers,-0.4426642181730564,1.2223927256762115,Entretenir la relation et développer les achats,Tester des recommandations adaptées à l'historique d'achat,Nombre de commandes par client sur 90 jours,2011-12-10
14466,30,7,2272.4,1,Acheteurs réguliers,1.370382672919988,0.4216559582382842,Entretenir la relation et développer les achats,Tester des recommandations adaptées à l'historique d'achat,Nombre de commandes par client sur 90 jours,2011-12-10
14467,18,4,596.26,0,Occasionnels récents,0.5033765833505904,-0.563322450076897,Encourager un achat supplémentaire,Tester une relance après achat avec des produits complémentaires,Taux de nouvel achat à 60 jours,2011-12-10
14470,12,2,461.19,0,Occasionnels récents,0.06853343081452855,-1.0994719526199568,Encourager un achat supplémentaire,Tester une relance après achat avec des produits complémentaires,Taux de nouvel achat à 60 jours,2011-12-10
14472,104,8,1852.67,1,Acheteurs réguliers,0.9019594369435683,1.185649709805515,Entretenir la relation et développer les achats,Tester des recommandations adaptées à l'historique d'achat,Nombre de commandes par client sur 90 jours,2011-12-10
14473,75,2,234.34000000000003,2,Occasionnels en sommeil,-0.9436009406849128,-0.19720771240048243,Réactiver les clients,Tester une campagne de retour avec une offre ciblée,Taux de réactivation à 60 jours,2011-12-10
14474,47,1,547.66,0,Occasionnels récents,-0.7288736153755287,-0.3437528567079126,Encourager un achat supplémentaire,Tester une relance après achat avec des produits complémentaires,Taux de nouvel achat à 60 jours,2011-12-10
14475,72,3,925.85,1,Acheteurs réguliers,-0.017672341925351207,0.3857441063032232,Entretenir la relation et développer les achats,Tester des recommandations adaptées à l'historique d'achat,Nombre de commandes par client sur 90 jours,2011-12-10
14476,258,1,193.0,2,Occasionnels en sommeil,-1.8825003360985426,0.3737541913663769,Réactiver les clients,Tester une campagne de retour avec une offre ciblée,Taux de réactivation à 60 jours,2011-12-10
14477,20,4,1309.6,1,Acheteurs réguliers,0.8367753220072086,-0.21239316810338504,Entretenir la relation et développer les achats,Tester des recommandations adaptées à l'historique d'achat,Nombre de commandes par client sur 90 jours,2011-12-10
14479,254,2,316.25,2,Occasionnels en sommeil,-1.2764677505379676,0.6982917968996837,Réactiver les clients,Tester une campagne de retour avec une offre ciblée,Taux de réactivation à 60 jours,2011-12-10
14480,12,1,279.05,0,Occasionnels récents,-0.5357493008027017,-1.437464523982132,Encourager un achat supplémentaire,Tester une relance après achat avec des produits complémentaires,Taux de nouvel achat à 60 jours,2011-12-10
14481,165,2,636.51,2,Occasionnels en sommeil,-0.7773119665367535,0.6731173337358063,Réactiver les clients,Tester une campagne de retour avec une offre ciblée,Taux de réactivation à 60 jours,2011-12-10
14482,19,6,2022.81,1,Acheteurs réguliers,1.3662436350557012,0.0431897863730634,Entretenir la relation et développer les achats,Tester des recommandations adaptées à l'historique d'achat,Nombre de commandes par client sur 90 jours,2011-12-10
14483,282,1,137.1,2,Occasionnels en sommeil,-2.0783885341722774,0.3077230759860375,Réactiver les clients,Tester une campagne de retour avec une offre ciblée,Taux de réactivation à 60 jours,2011-12-10
14484,51,1,321.92,2,Occasionnels en sommeil,-1.0115805523448982,-0.4845434321710124,Réactiver les clients,Tester une campagne de retour avec une offre ciblée,Taux de réactivation à 60 jours,2011-12-10
14485,39,1,162.8,0,Occasionnels récents,-1.2305770933086717,-0.9019879813240591,Encourager un achat supplémentaire,Tester une relance après achat avec des produits complémentaires,Taux de nouvel achat à 60 jours,2011-12-10
14487,27,6,1165.48,1,Acheteurs réguliers,0.9731097586588373,0.06147288394623655,Entretenir la relation et développer les achats,Tester des recommandations adaptées à l'historique d'achat,Nombre de commandes par client sur 90 jours,2011-12-10
14488,68,1,1064.28,2,Occasionnels en sommeil,-0.5565129875794708,0.13349944004720593,Réactiver les clients,Tester une campagne de retour avec une offre ciblée,Taux de réactivation à 60 jours,2011-12-10
14489,208,1,463.38,2,Occasionnels en sommeil,-1.3845703713763882,0.5518358213022472,Réactiver les clients,Tester une campagne de retour avec une offre ciblée,Taux de réactivation à 60 jours,2011-12-10
14491,176,2,340.93,2,Occasionnels en sommeil,-1.09783774873321,0.48821463374258056,Réactiver les clients,Tester une campagne de retour avec une offre ciblée,Taux de réactivation à 60 jours,2011-12-10
14493,8,5,2383.2400000000002,3,Champions,1.6175115526395019,-0.4754425914674325,Maintenir une relation durable,Tester des avantages de fidélité et un accès anticipé,Taux de réachat à 90 jours,2011-12-10
14494,26,1,139.56,0,Occasionnels récents,-1.1490716623405723,-1.213129941842239,Encourager un achat supplémentaire,Tester une relance après achat avec des produits complémentaires,Taux de nouvel achat à 60 jours,2011-12-10
14495,51,2,123.8,2,Occasionnels en sommeil,-1.0956184692456166,-0.6746198833773746,Réactiver les clients,Tester une campagne de retour avec une offre ciblée,Taux de réactivation à 60 jours,2011-12-10
14496,312,2,538.8100000000001,2,Occasionnels en sommeil,-1.1047726862374956,1.0248529056039373,Réactiver les clients,Tester une campagne de retour avec une offre ciblée,Taux de réactivation à 60 jours,2011-12-10
14497,310,1,475.37,2,Occasionnels en sommeil,-1.528270083256309,0.8194617135140811,Réactiver les clients,Tester une campagne de retour avec une offre ciblée,Taux de réactivation à 60 jours,2011-12-10
14498,43,5,1957.32,1,Acheteurs réguliers,0.9021809248126159,0.48451899719257635,Entretenir la relation et développer les achats,Tester des recommandations adaptées à l'historique d'achat,Nombre de commandes par client sur 90 jours,2011-12-10
14499,27,3,808.44,1,Acheteurs réguliers,0.2936990802201695,-0.2864043248929884,Entretenir la relation et développer les achats,Tester des recommandations adaptées à l'historique d'achat,Nombre de commandes par client sur 90 jours,2011-12-10
14500,89,3,356.85,2,Occasionnels en sommeil,-0.5509646649698765,0.17564293687947144,Réactiver les clients,Tester une campagne de retour avec une offre ciblée,Taux de réactivation à 60 jours,2011-12-10
14501,184,2,251.21,2,Occasionnels en sommeil,-1.2594686929753556,0.40624127410845073,Réactiver les clients,Tester une campagne de retour avec une offre ciblée,Taux de réactivation à 60 jours,2011-12-10
14502,20,11,2429.83,3,Champions,1.9215139745711913,0.3486013851042857,Maintenir une relation durable,Tester des avantages de fidélité et un accès anticipé,Taux de réachat à 90 jours,2011-12-10
14503,4,6,3543.26,3,Champions,2.1752984874831696,-0.6540872802368191,Maintenir une relation durable,Tester des avantages de fidélité et un accès anticipé,Taux de réachat à 90 jours,2011-12-10
14504,48,4,673.26,1,Acheteurs réguliers,0.18954096442304721,0.09659777589548527,Entretenir la relation et développer les achats,Tester des recommandations adaptées à l'historique d'achat,Nombre de commandes par client sur 90 jours,2011-12-10
14505,18,8,5859.43,3,Champions,2.117788250139738,0.49314645087805786,Maintenir une relation durable,Tester des avantages de fidélité et un accès anticipé,Taux de réachat à 90 jours,2011-12-10
14506,18,5,1960.65,1,Acheteurs réguliers,1.2321323010982819,-0.060711328395718876,Entretenir la relation et développer les achats,Tester des recommandations adaptées à l'historique d'achat,Nombre de commandes par client sur 90 jours,2011-12-10
14507,24,6,1367.88,1,Acheteurs réguliers,1.0933944127168211,0.04601008592492703,Entretenir la relation et développer les achats,Tester des recommandations adaptées à l'historique d'achat,Nombre de commandes par client sur 90 jours,2011-12-10
14508,23,2,268.05,0,Occasionnels récents,-0.4283283381483353,-0.8977687495475034,Encourager un achat supplémentaire,Tester une relance après achat avec des produits complémentaires,Taux de nouvel achat à 60 jours,2011-12-10
14511,12,5,1314.81,1,Acheteurs réguliers,1.1915325824574572,-0.4526454680106278,Entretenir la relation et développer les achats,Tester des recommandations adaptées à l'historique d'achat,Nombre de commandes par client sur 90 jours,2011-12-10
14512,188,2,275.28,2,Occasionnels en sommeil,-1.2246332090874021,0.453303457493346,Réactiver les clients,Tester une campagne de retour avec une offre ciblée,Taux de réactivation à 60 jours,2011-12-10
14513,101,3,455.59000000000003,2,Occasionnels en sommeil,-0.48448663135262204,0.3456384006146798,Réactiver les clients,Tester une campagne de retour avec une offre ciblée,Taux de réactivation à 60 jours,2011-12-10
14514,62,3,990.2,1,Acheteurs réguliers,0.07189953940232126,0.31439838947514454,Entretenir la relation et développer les achats,Tester des recommandations adaptées à l'historique d'achat,Nombre de commandes par client sur 90 jours,2011-12-10
14515,18,6,2076.89,1,Acheteurs réguliers,1.3988521750812475,0.0194412279001221,Entretenir la relation et développer les achats,Tester des recommandations adaptées à l'historique d'achat,Nombre de commandes par client sur 90 jours,2011-12-10
14517,34,2,330.45,0,Occasionnels récents,-0.4773136395439203,-0.5766500522522585,Encourager un achat supplémentaire,Tester une relance après achat avec des produits complémentaires,Taux de nouvel achat à 60 jours,2011-12-10
14518,65,1,174.37,2,Occasionnels en sommeil,-1.3944977873613182,-0.5516505981223311,Réactiver les clients,Tester une campagne de retour avec une offre ciblée,Taux de réactivation à 60 jours,2011-12-10
14520,2,2,270.6,0,Occasionnels récents,0.3911951890282342,-2.246000167197209,Encourager un achat supplémentaire,Tester une relance après achat avec des produits complémentaires,Taux de nouvel achat à 60 jours,2011-12-10
14522,25,4,974.54,1,Acheteurs réguliers,0.6130717527360473,-0.18096690410663602,Entretenir la relation et développer les achats,Tester des recommandations adaptées à l'historique d'achat,Nombre de commandes par client sur 90 jours,2011-12-10
14523,109,1,241.09,2,Occasionnels en sommeil,-1.441848481388496,-0.10232749257724795,Réactiver les clients,Tester une campagne de retour avec une offre ciblée,Taux de réactivation à 60 jours,2011-12-10
14524,32,9,1843.83,1,Acheteurs réguliers,1.448659481325786,0.47202300563654415,Entretenir la relation et développer les achats,Tester des recommandations adaptées à l'historique d'achat,Nombre de commandes par client sur 90 jours,2011-12-10
14525,20,9,4215.9,3,Champions,2.0178023867176664,0.4789514395656552,Maintenir une relation durable,Tester des avantages de fidélité et un accès anticipé,Taux de réachat à 90 jours,2011-12-10
14527,3,55,8507.13,3,Champions,4.558760608980963,0.31815858328370633,Maintenir une relation durable,Tester des avantages de fidélité et un accès anticipé,Taux de réachat à 90 jours,2011-12-10
14528,38,1,364.21999999999997,0,Occasionnels récents,-0.8404562822993858,-0.6267633230608489,Encourager un achat supplémentaire,Tester une relance après achat avec des produits complémentaires,Taux de nouvel achat à 60 jours,2011-12-10
14529,61,3,578.61,1,Acheteurs réguliers,-0.17623827123973426,0.10881910257234283,Entretenir la relation et développer les achats,Tester des recommandations adaptées à l'historique d'achat,Nombre de commandes par client sur 90 jours,2011-12-10
14530,26,6,2862.11,1,Acheteurs réguliers,1.4131101957158458,0.36445917433981234,Entretenir la relation et développer les achats,Tester des recommandations adaptées à l'historique d'achat,Nombre de commandes par client sur 90 jours,2011-12-10
14532,237,4,932.85,1,Acheteurs réguliers,-0.2754969619953639,1.2423864701424416,Entretenir la relation et développer les achats,Tester des recommandations adaptées à l'historique d'achat,Nombre de commandes par client sur 90 jours,2011-12-10
14533,25,7,1949.72,1,Acheteurs réguliers,1.3667425672137523,0.2516413449468887,Entretenir la relation et développer les achats,Tester des recommandations adaptées à l'historique d'achat,Nombre de commandes par client sur 90 jours,2011-12-10
14534,3,18,4397.3,3,Champions,3.268263198051616,-0.33704906431059184,Maintenir une relation durable,Tester des avantages de fidélité et un accès anticipé,Taux de réachat à 90 jours,2011-12-10
14535,61,3,2854.84,1,Acheteurs réguliers,0.5799167247022768,0.6889295939213496,Entretenir la relation et développer les achats,Tester des recommandations adaptées à l'historique d'achat,Nombre de commandes par client sur 90 jours,2011-12-10
14536,260,1,170.95,2,Occasionnels en sommeil,-1.9427234519251233,0.3348651745825647,Réactiver les clients,Tester une campagne de retour avec une offre ciblée,Taux de réactivation à 60 jours,2011-12-10
14537,58,1,355.56,2,Occasionnels en sommeil,-1.014095134559743,-0.366403180771565,Réactiver les clients,Tester une campagne de retour avec une offre ciblée,Taux de réactivation à 60 jours,2011-12-10
14538,65,2,388.25,2,Occasionnels en sommeil,-0.6497174806165784,-0.1058704464651577,Réactiver les clients,Tester une campagne de retour avec une offre ciblée,Taux de réactivation à 60 jours,2011-12-10
14539,16,2,537.48,0,Occasionnels récents,0.03582321611724993,-0.8695240006861747,Encourager un achat supplémentaire,Tester une relance après achat avec des produits complémentaires,Taux de nouvel achat à 60 jours,2011-12-10
14540,10,3,952.66,0,Occasionnels récents,0.737651207983352,-0.834073334723002,Encourager un achat supplémentaire,Tester une relance après achat avec des produits complémentaires,Taux de nouvel achat à 60 jours,2011-12-10
14541,59,8,1453.35,1,Acheteurs réguliers,1.0062722536924245,0.7336415047930013,Entretenir la relation et développer les achats,Tester des recommandations adaptées à l'historique d'achat,Nombre de commandes par client sur 90 jours,2011-12-10
14542,186,1,103.25,2,Occasionnels en sommeil,-2.0493097829227436,-0.06388597223076244,Réactiver les clients,Tester une campagne de retour avec une offre ciblée,Taux de réactivation à 60 jours,2011-12-10
14543,29,16,3599.73,3,Champions,2.283040243399453,0.8571576956340827,Maintenir une relation durable,Tester des avantages de fidélité et un accès anticipé,Taux de réachat à 90 jours,2011-12-10
14544,25,2,2004.3,1,Acheteurs réguliers,0.4926965453635678,-0.11507477279668477,Entretenir la relation et développer les achats,Tester des recommandations adaptées à l'historique d'achat,Nombre de commandes par client sur 90 jours,2011-12-10
14546,6,5,2573.93,3,Champions,1.7524977611028005,-0.6108117653497487,Maintenir une relation durable,Tester des avantages de fidélité et un accès anticipé,Taux de réachat à 90 jours,2011-12-10
14547,4,8,3974.75,3,Champions,2.4570767614593008,-0.5157628034602705,Maintenir une relation durable,Tester des avantages de fidélité et un accès anticipé,Taux de réachat à 90 jours,2011-12-10
14548,151,2,652.8,2,Occasionnels en sommeil,-0.7308142630560892,0.6250247137156112,Réactiver les clients,Tester une campagne de retour avec une offre ciblée,Taux de réactivation à 60 jours,2011-12-10
14549,312,1,289.24,2,Occasionnels en sommeil,-1.7657166490969702,0.6433907084735304,Réactiver les clients,Tester une campagne de retour avec une offre ciblée,Taux de réactivation à 60 jours,2011-12-10
14550,11,2,757.37,0,Occasionnels récents,0.33470256234182344,-0.9713689273182947,Encourager un achat supplémentaire,Tester une relance après achat avec des produits complémentaires,Taux de nouvel achat à 60 jours,2011-12-10
14551,19,2,186.23,0,Occasionnels récents,-0.5287730223803156,-1.1481642946841772,Encourager un achat supplémentaire,Tester une relance après achat avec des produits complémentaires,Taux de nouvel achat à 60 jours,2011-12-10
14552,152,1,164.22,2,Occasionnels en sommeil,-1.7523170482718886,-0.02681844817112089,Réactiver les clients,Tester une campagne de retour avec une offre ciblée,Taux de réactivation à 60 jours,2011-12-10
14553,20,5,859.27,1,Acheteurs réguliers,0.802066150633882,-0.2955005754705475,Entretenir la relation et développer les achats,Tester des recommandations adaptées à l'historique d'achat,Nombre de commandes par client sur 90 jours,2011-12-10
14554,11,4,2279.4900000000002,1,Acheteurs réguliers,1.3187534878372742,-0.37466232173522607,Entretenir la relation et développer les achats,Tester des recommandations adaptées à l'historique d'achat,Nombre de commandes par client sur 90 jours,2011-12-10
14555,58,2,312.54,2,Occasionnels en sommeil,-0.7083281406870975,-0.25742729544303283,Réactiver les clients,Tester une campagne de retour avec une offre ciblée,Taux de réactivation à 60 jours,2011-12-10
14557,86,1,788.38,2,Occasionnels en sommeil,-0.7894927033996316,0.17513836654903395,Réactiver les clients,Tester une campagne de retour avec une offre ciblée,Taux de réactivation à 60 jours,2011-12-10
14560,8,22,2237.77,3,Champions,2.8030293058054667,0.017809997423612993,Maintenir une relation durable,Tester des avantages de fidélité et un accès anticipé,Taux de réachat à 90 jours,2011-12-10
14561,76,3,1080.76,1,Acheteurs réguliers,0.034699286440100875,0.47663966455055434,Entretenir la relation et développer les achats,Tester des recommandations adaptées à l'historique d'achat,Nombre de commandes par client sur 90 jours,2011-12-10
14562,4,18,5006.77,3,Champions,3.242332030387444,-0.14479702815843126,Maintenir une relation durable,Tester des avantages de fidélité et un accès anticipé,Taux de réachat à 90 jours,2011-12-10
14565,96,4,3099.12,1,Acheteurs réguliers,0.6452282796708799,1.095428824468447,Entretenir la relation et développer les achats,Tester des recommandations adaptées à l'historique d'achat,Nombre de commandes par client sur 90 jours,2011-12-10
14566,111,1,1432.0,2,Occasionnels en sommeil,-0.605773494740672,0.5562268595148281,Réactiver les clients,Tester une campagne de retour avec une offre ciblée,Taux de réactivation à 60 jours,2011-12-10
14567,57,2,1530.3600000000001,1,Acheteurs réguliers,0.050363509111619166,0.3083773352694659,Entretenir la relation et développer les achats,Tester des recommandations adaptées à l'historique d'achat,Nombre de commandes par client sur 90 jours,2011-12-10
14569,2,1,227.39,0,Occasionnels récents,-0.05769398198667207,-2.464777187148283,Encourager un achat supplémentaire,Tester une relance après achat avec des produits complémentaires,Taux de nouvel achat à 60 jours,2011-12-10
14570,281,2,218.06,2,Occasionnels en sommeil,-1.4915137116711743,0.6289951989608193,Réactiver les clients,Tester une campagne de retour avec une offre ciblée,Taux de réactivation à 60 jours,2011-12-10
14572,4,7,2804.54,3,Champions,2.1852493674693703,-0.6878181012975787,Maintenir une relation durable,Tester des avantages de fidélité et un accès anticipé,Taux de réachat à 90 jours,2011-12-10
14573,180,9,1639.82,1,Acheteurs réguliers,0.725987611371419,1.5357079968764038,Entretenir la relation et développer les achats,Tester des recommandations adaptées à l'historique d'achat,Nombre de commandes par client sur 90 jours,2011-12-10
14576,373,1,35.400000000000006,2,Occasionnels en sommeil,-2.819902835737595,0.00391263850115961,Réactiver les clients,Tester une campagne de retour avec une offre ciblée,Taux de réactivation à 60 jours,2011-12-10
14577,13,4,859.71,1,Acheteurs réguliers,0.7963290224918055,-0.6289049040573033,Entretenir la relation et développer les achats,Tester des recommandations adaptées à l'historique d'achat,Nombre de commandes par client sur 90 jours,2011-12-10
14578,4,1,168.63,0,Occasionnels récents,-0.39894370192065154,-2.24092889727031,Encourager un achat supplémentaire,Tester une relance après achat avec des produits complémentaires,Taux de nouvel achat à 60 jours,2011-12-10
14581,17,1,138.6,0,Occasionnels récents,-0.9933963979473192,-1.4791802282074393,Encourager un achat supplémentaire,Tester une relance après achat avec des produits complémentaires,Taux de nouvel achat à 60 jours,2011-12-10
14582,41,1,114.11,0,Occasionnels récents,-1.4169602017366982,-0.9985926729866199,Encourager un achat supplémentaire,Tester une relance après achat avec des produits complémentaires,Taux de nouvel achat à 60 jours,2011-12-10
14583,6,5,986.96,3,Champions,1.2982946203218795,-0.9592694341937286,Maintenir une relation durable,Tester des avantages de fidélité et un accès anticipé,Taux de réachat à 90 jours,2011-12-10
14584,170,4,1033.06,1,Acheteurs réguliers,-0.09758235164662997,1.0645665192968472,Entretenir la relation et développer les achats,Tester des recommandations adaptées à l'historique d'achat,Nombre de commandes par client sur 90 jours,2011-12-10
14585,51,1,157.05,2,Occasionnels en sommeil,-1.3503560467360318,-0.7444467847414882,Réactiver les clients,Tester une campagne de retour avec une offre ciblée,Taux de réactivation à 60 jours,2011-12-10
14586,277,1,237.36,2,Occasionnels en sommeil,-1.8126097021174468,0.4946772622939484,Réactiver les clients,Tester une campagne de retour avec une offre ciblée,Taux de réactivation à 60 jours,2011-12-10
14587,19,9,1580.29,3,Champions,1.5718535636836577,0.0904407918801978,Maintenir une relation durable,Tester des avantages de fidélité et un accès anticipé,Taux de réachat à 90 jours,2011-12-10
14589,372,1,39.75,2,Occasionnels en sommeil,-2.7653282462841964,0.043236000255351265,Réactiver les clients,Tester une campagne de retour avec une offre ciblée,Taux de réactivation à 60 jours,2011-12-10
14591,16,4,1320.21,1,Acheteurs réguliers,0.9234223382554791,-0.3468137362465646,Entretenir la relation et développer les achats,Tester des recommandations adaptées à l'historique d'achat,Nombre de commandes par client sur 90 jours,2011-12-10
14592,36,3,557.94,0,Occasionnels récents,0.008878284115415715,-0.23993731479068497,Encourager un achat supplémentaire,Tester une relance après achat avec des produits complémentaires,Taux de nouvel achat à 60 jours,2011-12-10
14593,22,3,617.15,0,Occasionnels récents,0.24296522674097273,-0.5123420801887697,Encourager un achat supplémentaire,Tester une relance après achat avec des produits complémentaires,Taux de nouvel achat à 60 jours,2011-12-10
14594,8,2,363.33,0,Occasionnels récents,0.09985818553682649,-1.425041724636856,Encourager un achat supplémentaire,Tester une relance après achat avec des produits complémentaires,Taux de nouvel achat à 60 jours,2011-12-10
14595,20,6,1740.6,1,Acheteurs réguliers,1.275913583222959,0.020275523466642992,Entretenir la relation et développer les achats,Tester des recommandations adaptées à l'historique d'achat,Nombre de commandes par client sur 90 jours,2011-12-10
14597,12,2,866.24,0,Occasionnels récents,0.36693357357678946,-0.8705439492801439,Encourager un achat supplémentaire,Tester une relance après achat avec des produits complémentaires,Taux de nouvel achat à 60 jours,2011-12-10
14598,45,1,221.97,0,Occasionnels récents,-1.139134709201803,-0.6989609469157263,Encourager un achat supplémentaire,Tester une relance après achat avec des produits complémentaires,Taux de nouvel achat à 60 jours,2011-12-10
14600,306,1,393.33000000000004,2,Occasionnels en sommeil,-1.6128133047176887,0.7422942849514901,Réactiver les clients,Tester une campagne de retour avec une offre ciblée,Taux de réactivation à 60 jours,2011-12-10
14601,11,1,213.96,0,Occasionnels récents,-0.6297958527439109,-1.5857134347914068,Encourager un achat supplémentaire,Tester une relance après achat avec des produits complémentaires,Taux de nouvel achat à 60 jours,2011-12-10
14603,275,1,660.0,2,Occasionnels en sommeil,-1.326162157637369,0.8610079405351067,Réactiver les clients,Tester une campagne de retour avec une offre ciblée,Taux de réactivation à 60 jours,2011-12-10
14606,2,93,12076.15,3,Champions,5.306073998581858,0.4575351596304629,Maintenir une relation durable,Tester des avantages de fidélité et un accès anticipé,Taux de réachat à 90 jours,2011-12-10
14607,16,14,16209.5,3,Champions,3.105825414237701,0.9871673039083905,Maintenir une relation durable,Tester des avantages de fidélité et un accès anticipé,Taux de réachat à 90 jours,2011-12-10
14608,5,4,1785.15,3,Champions,1.4745895284897304,-0.9140930638418698,Maintenir une relation durable,Tester des avantages de fidélité et un accès anticipé,Taux de réachat à 90 jours,2011-12-10
14609,73,4,601.56,1,Acheteurs réguliers,-0.025348867806722925,0.3236651092954659,Entretenir la relation et développer les achats,Tester des recommandations adaptées à l'historique d'achat,Nombre de commandes par client sur 90 jours,2011-12-10
14616,243,3,406.08000000000004,2,Occasionnels en sommeil,-0.880770228717853,0.8708253987739984,Réactiver les clients,Tester une campagne de retour avec une offre ciblée,Taux de réactivation à 60 jours,2011-12-10
14618,10,3,553.44,0,Occasionnels récents,0.48049770735663133,-1.0313575481465214,Encourager un achat supplémentaire,Tester une relance après achat avec des produits complémentaires,Taux de nouvel achat à 60 jours,2011-12-10
14619,246,1,394.44,2,Occasionnels en sommeil,-1.5262458510220778,0.6019654757582577,Réactiver les clients,Tester une campagne de retour avec une offre ciblée,Taux de réactivation à 60 jours,2011-12-10
14620,206,2,412.78000000000003,2,Occasionnels en sommeil,-1.0687725414598273,0.6593656444036365,Réactiver les clients,Tester une campagne de retour avec une offre ciblée,Taux de réactivation à 60 jours,2011-12-10
14621,2,5,1788.3600000000001,3,Champions,1.9120287867633705,-1.2939612099643307,Maintenir une relation durable,Tester des avantages de fidélité et un accès anticipé,Taux de réachat à 90 jours,2011-12-10
14622,185,1,320.58000000000004,2,Occasionnels en sommeil,-1.5131020176836272,0.34238670177759756,Réactiver les clients,Tester une campagne de retour avec une offre ciblée,Taux de réactivation à 60 jours,2011-12-10
14623,33,5,886.7,1,Acheteurs réguliers,0.6280888832211216,0.029117668973792674,Entretenir la relation et développer les achats,Tester des recommandations adaptées à l'historique d'achat,Nombre de commandes par client sur 90 jours,2011-12-10
14624,58,2,225.85,2,Occasionnels en sommeil,-0.861780414262457,-0.3751535212831789,Réactiver les clients,Tester une campagne de retour avec une offre ciblée,Taux de réactivation à 60 jours,2011-12-10
14625,197,2,899.63,2,Occasionnels en sommeil,-0.6825760079557707,0.9133887103779891,Réactiver les clients,Tester une campagne de retour avec une offre ciblée,Taux de réactivation à 60 jours,2011-12-10
14626,24,4,2791.27,1,Acheteurs réguliers,1.1270675919168174,0.17607506468304518,Entretenir la relation et développer les achats,Tester des recommandations adaptées à l'historique d'achat,Nombre de commandes par client sur 90 jours,2011-12-10
14628,92,2,671.96,2,Occasionnels en sommeil,-0.5245579482308913,0.316192908305701,Réactiver les clients,Tester une campagne de retour avec une offre ciblée,Taux de réactivation à 60 jours,2011-12-10
14629,5,2,955.26,0,Occasionnels récents,0.7163213817514889,-1.337582591675136,Encourager un achat supplémentaire,Tester une relance après achat avec des produits complémentaires,Taux de nouvel achat à 60 jours,2011-12-10
14631,51,3,1006.98,1,Acheteurs réguliers,0.15507213763889846,0.19577337613114013,Entretenir la relation et développer les achats,Tester des recommandations adaptées à l'historique d'achat,Nombre de commandes par client sur 90 jours,2011-12-10
14632,263,1,114.56,2,Occasionnels en sommeil,-2.1356359831777083,0.19773108361126898,Réactiver les clients,Tester une campagne de retour avec une offre ciblée,Taux de réactivation à 60 jours,2011-12-10
14633,267,1,344.90000000000003,2,Occasionnels en sommeil,-1.6216933772027424,0.6063166948616283,Réactiver les clients,Tester une campagne de retour avec une offre ciblée,Taux de réactivation à 60 jours,2011-12-10
14636,37,2,609.85,0,Occasionnels récents,-0.21966543965343455,-0.3008012797688744,Encourager un achat supplémentaire,Tester une relance après achat avec des produits complémentaires,Taux de nouvel achat à 60 jours,2011-12-10
14638,51,1,443.6,0,Occasionnels récents,-0.859962070030491,-0.3682240628022663,Encourager un achat supplémentaire,Tester une relance après achat avec des produits complémentaires,Taux de nouvel achat à 60 jours,2011-12-10
14639,53,6,2984.49,1,Acheteurs réguliers,1.1612722638353918,0.8302387409737243,Entretenir la relation et développer les achats,Tester des recommandations adaptées à l'historique d'achat,Nombre de commandes par client sur 90 jours,2011-12-10
14640,25,6,2107.38,1,Acheteurs réguliers,1.2828189059303292,0.22862138510283625,Entretenir la relation et développer les achats,Tester des recommandations adaptées à l'historique d'achat,Nombre de commandes par client sur 90 jours,2011-12-10
14641,22,1,110.46,0,Occasionnels récents,-1.1962117760011375,-1.401735352743894,Encourager un achat supplémentaire,Tester une relance après achat avec des produits complémentaires,Taux de nouvel achat à 60 jours,2011-12-10
14642,59,1,96.12,2,Occasionnels en sommeil,-1.6373384138743061,-0.8285670582491002,Réactiver les clients,Tester une campagne de retour avec une offre ciblée,Taux de réactivation à 60 jours,2011-12-10
14643,171,2,693.8100000000001,2,Occasionnels en sommeil,-0.7504198590196933,0.7275053038211444,Réactiver les clients,Tester une campagne de retour avec une offre ciblée,Taux de réactivation à 60 jours,2011-12-10
14644,68,2,830.76,1,Acheteurs réguliers,-0.30710959095437035,0.19923403983382715,Entretenir la relation et développer les achats,Tester des recommandations adaptées à l'historique d'achat,Nombre de commandes par client sur 90 jours,2011-12-10
14645,157,2,597.09,2,Occasionnels en sommeil,-0.7882164086162663,0.6177931560647172,Réactiver les clients,Tester une campagne de retour avec une offre ciblée,Taux de réactivation à 60 jours,2011-12-10
14646,2,73,280206.02,3,Champions,6.58052047571174,1.5093788170024043,Maintenir une relation durable,Tester des avantages de fidélité et un accès anticipé,Taux de réachat à 90 jours,2011-12-10
14647,202,1,236.04000000000002,2,Occasionnels en sommeil,-1.6920056724453307,0.28828348327626674,Réactiver les clients,Tester une campagne de retour avec une offre ciblée,Taux de réactivation à 60 jours,2011-12-10
14649,5,4,1402.59,3,Champions,1.360306008743917,-1.0017696237384892,Maintenir une relation durable,Tester des avantages de fidélité et un accès anticipé,Taux de réachat à 90 jours,2011-12-10
14651,68,2,653.75,1,Acheteurs réguliers,-0.4205686759264051,0.11218997362470375,Entretenir la relation et développer les achats,Tester des recommandations adaptées à l'historique d'achat,Nombre de commandes par client sur 90 jours,2011-12-10
14652,78,1,114.18,2,Occasionnels en sommeil,-1.6643015949904914,-0.5877078385978544,Réactiver les clients,Tester une campagne de retour avec une offre ciblée,Taux de réactivation à 60 jours,2011-12-10
14653,2,7,1926.65,3,Champions,2.20752576074798,-1.1563778250036822,Maintenir une relation durable,Tester des avantages de fidélité et un accès anticipé,Taux de réachat à 90 jours,2011-12-10
14655,9,4,1932.23,1,Acheteurs réguliers,1.311887253179124,-0.5532659185897564,Entretenir la relation et développer les achats,Tester des recommandations adaptées à l'historique d'achat,Nombre de commandes par client sur 90 jours,2011-12-10
14656,170,2,291.05,2,Occasionnels en sommeil,-1.1590848002469005,0.4084402955598417,Réactiver les clients,Tester une campagne de retour avec une offre ciblée,Taux de réactivation à 60 jours,2011-12-10
14657,18,4,848.22,1,Acheteurs réguliers,0.6702604327055631,-0.4352917257319226,Entretenir la relation et développer les achats,Tester des recommandations adaptées à l'historique d'achat,Nombre de commandes par client sur 90 jours,2011-12-10
14658,6,2,247.15,0,Occasionnels récents,0.0162770729334146,-1.7280923880250214,Encourager un achat supplémentaire,Tester une relance après achat avec des produits complémentaires,Taux de nouvel achat à 60 jours,2011-12-10
14659,9,9,2529.93,3,Champions,2.0665507039224194,-0.18902092266592133,Maintenir une relation durable,Tester des avantages de fidélité et un accès anticipé,Taux de réachat à 90 jours,2011-12-10
14660,87,2,285.74,2,Occasionnels en sommeil,-0.907397763498656,-0.030054998322243332,Réactiver les clients,Tester une campagne de retour avec une offre ciblée,Taux de réactivation à 60 jours,2011-12-10
14661,27,1,107.95,0,Occasionnels récents,-1.2841132080232518,-1.2821564577638922,Encourager un achat supplémentaire,Tester une relance après achat avec des produits complémentaires,Taux de nouvel achat à 60 jours,2011-12-10
14662,29,4,741.37,1,Acheteurs réguliers,0.4274720469461712,-0.18730795800356398,Entretenir la relation et développer les achats,Tester des recommandations adaptées à l'historique d'achat,Nombre de commandes par client sur 90 jours,2011-12-10
14664,20,2,636.24,0,Occasionnels récents,0.0328438450303302,-0.6709149010844425,Encourager un achat supplémentaire,Tester une relance après achat avec des produits complémentaires,Taux de nouvel achat à 60 jours,2011-12-10
14665,61,5,1835.7,1,Acheteurs réguliers,0.7373607707958258,0.6841143933267207,Entretenir la relation et développer les achats,Tester des recommandations adaptées à l'historique d'achat,Nombre de commandes par client sur 90 jours,2011-12-10
14666,25,1,195.25,0,Occasionnels récents,-0.9760298751875031,-1.116255256454841,Encourager un achat supplémentaire,Tester une relance après achat avec des produits complémentaires,Taux de nouvel achat à 60 jours,2011-12-10
14667,11,25,9175.04,3,Champions,3.470026405839272,0.7650443159487549,Maintenir une relation durable,Tester des avantages de fidélité et un accès anticipé,Taux de réachat à 90 jours,2011-12-10
14669,242,3,1259.24,1,Acheteurs réguliers,-0.3433507018353144,1.2792210188686568,Entretenir la relation et développer les achats,Tester des recommandations adaptées à l'historique d'achat,Nombre de commandes par client sur 90 jours,2011-12-10
14670,281,2,392.86,2,Occasionnels en sommeil,-1.213354871076447,0.8423943863714015,Réactiver les clients,Tester une campagne de retour avec une offre ciblée,Taux de réactivation à 60 jours,2011-12-10
14672,235,2,765.55,2,Occasionnels en sommeil,-0.8278198672213322,0.9688720032817569,Réactiver les clients,Tester une campagne de retour avec une offre ciblée,Taux de réactivation à 60 jours,2011-12-10
14673,4,5,1736.4,3,Champions,1.6978349965499853,-0.972637563559492,Maintenir une relation durable,Tester des avantages de fidélité et un accès anticipé,Taux de réachat à 90 jours,2011-12-10
14675,17,1,596.36,0,Occasionnels récents,-0.3041091065490225,-0.9503696120776782,Encourager un achat supplémentaire,Tester une relance après achat avec des produits complémentaires,Taux de nouvel achat à 60 jours,2011-12-10
14676,32,6,2548.2400000000002,1,Acheteurs réguliers,1.2794011691752787,0.45266040159370563,Entretenir la relation et développer les achats,Tester des recommandations adaptées à l'historique d'achat,Nombre de commandes par client sur 90 jours,2011-12-10
14680,26,16,28754.11,3,Champions,3.30946423465599,1.5444465326929369,Maintenir une relation durable,Tester des avantages de fidélité et un accès anticipé,Taux de réachat à 90 jours,2011-12-10
14681,72,3,498.95,1,Acheteurs réguliers,-0.31035613467839485,0.16120159883445023,Entretenir la relation et développer les achats,Tester des recommandations adaptées à l'historique d'achat,Nombre de commandes par client sur 90 jours,2011-12-10
14682,188,2,52.0,2,Occasionnels en sommeil,-2.0075098075384283,-0.14730743660949838,Réactiver les clients,Tester une campagne de retour avec une offre ciblée,Taux de réactivation à 60 jours,2011-12-10
14684,26,5,1201.51,1,Acheteurs réguliers,0.8623634568671786,-0.010312890474815397,Entretenir la relation et développer les achats,Tester des recommandations adaptées à l'historique d'achat,Nombre de commandes par client sur 90 jours,2011-12-10
14687,107,1,628.38,2,Occasionnels en sommeil,-0.9816432758375015,0.2332900578568629,Réactiver les clients,Tester une campagne de retour avec une offre ciblée,Taux de réactivation à 60 jours,2011-12-10
14688,8,21,5579.1,3,Champions,3.19585394718401,0.33294916818744735,Maintenir une relation durable,Tester des avantages de fidélité et un accès anticipé,Taux de réachat à 90 jours,2011-12-10
14689,209,1,112.8,2,Occasionnels en sommeil,-2.053216937859787,0.0433984821153826,Réactiver les clients,Tester une campagne de retour avec une offre ciblée,Taux de réactivation à 60 jours,2011-12-10
14690,45,2,355.05,0,Occasionnels récents,-0.5504865169401821,-0.3729629538559782,Encourager un achat supplémentaire,Tester une relance après achat avec des produits complémentaires,Taux de nouvel achat à 60 jours,2011-12-10
14691,31,5,2114.33,1,Acheteurs réguliers,1.0635690880249664,0.3055746224069788,Entretenir la relation et développer les achats,Tester des recommandations adaptées à l'historique d'achat,Nombre de commandes par client sur 90 jours,2011-12-10
14692,138,4,591.55,1,Acheteurs réguliers,-0.28038468748985923,0.7273449936609517,Entretenir la relation et développer les achats,Tester des recommandations adaptées à l'historique d'achat,Nombre de commandes par client sur 90 jours,2011-12-10
14693,265,1,172.9,2,Occasionnels en sommeil,-1.9448143643910125,0.3513017420188768,Réactiver les clients,Tester une campagne de retour avec une offre ciblée,Taux de réactivation à 60 jours,2011-12-10
14696,5,7,2078.95,3,Champions,1.9718974165653385,-0.6781625118172686,Maintenir une relation durable,Tester des avantages de fidélité et un accès anticipé,Taux de réachat à 90 jours,2011-12-10
14697,219,2,188.60999999999999,2,Occasionnels en sommeil,-1.462654662830359,0.4150922292474801,Réactiver les clients,Tester une campagne de retour avec une offre ciblée,Taux de réactivation à 60 jours,2011-12-10
14698,2,5,1217.27,3,Champions,1.729753884117355,-1.4337997138451959,Maintenir une relation durable,Tester des avantages de fidélité et un accès anticipé,Taux de réachat à 90 jours,2011-12-10
14699,215,1,109.13000000000001,2,Occasionnels en sommeil,-2.079801760398197,0.049785503789482544,Réactiver les clients,Tester une campagne de retour avec une offre ciblée,Taux de réactivation à 60 jours,2011-12-10
14700,33,3,2195.1,1,Acheteurs réguliers,0.6908434032444195,0.20286582520571667,Entretenir la relation et développer les achats,Tester des recommandations adaptées à l'historique d'achat,Nombre de commandes par client sur 90 jours,2011-12-10
14701,11,9,2526.09,3,Champions,1.994368631151445,-0.07106197235755181,Maintenir une relation durable,Tester des avantages de fidélité et un accès anticipé,Taux de réachat à 90 jours,2011-12-10
14702,2,17,3251.79,3,Champions,3.189067104320379,-0.6545620976928538,Maintenir une relation durable,Tester des avantages de fidélité et un accès anticipé,Taux de réachat à 90 jours,2011-12-10
14703,15,1,318.17,0,Occasionnels récents,-0.5551373589091717,-1.2549327849502085,Encourager un achat supplémentaire,Tester une relance après achat avec des produits complémentaires,Taux de nouvel achat à 60 jours,2011-12-10
14704,12,9,1493.96,3,Champions,1.7140823783555552,-0.20999543612686652,Maintenir une relation durable,Tester des avantages de fidélité et un accès anticipé,Taux de réachat à 90 jours,2011-12-10
14705,199,1,179.0,2,Occasionnels en sommeil,-1.8166896696194057,0.1784730025076859,Réactiver les clients,Tester une campagne de retour avec une offre ciblée,Taux de réactivation à 60 jours,2011-12-10
14708,3,3,1126.37,0,Occasionnels récents,1.2134966640667628,-1.4307566648033425,Encourager un achat supplémentaire,Tester une relance après achat avec des produits complémentaires,Taux de nouvel achat à 60 jours,2011-12-10
14709,16,13,4921.04,3,Champions,2.478269370064213,0.5270883716389879,Maintenir une relation durable,Tester des avantages de fidélité et un accès anticipé,Taux de réachat à 90 jours,2011-12-10
14710,15,4,599.48,0,Occasionnels récents,0.5732838255127657,-0.673071388541992,Encourager un achat supplémentaire,Tester une relance après achat avec des produits complémentaires,Taux de nouvel achat à 60 jours,2011-12-10
14711,11,11,2839.62,3,Champions,2.214726382033382,0.04151404284137504,Maintenir une relation durable,Tester des avantages de fidélité et un accès anticipé,Taux de réachat à 90 jours,2011-12-10
14712,30,3,917.07,1,Acheteurs réguliers,0.313514606729242,-0.1744357739975368,Entretenir la relation et développer les achats,Tester des recommandations adaptées à l'historique d'achat,Nombre de commandes par client sur 90 jours,2011-12-10
14713,10,11,2662.2,3,Champions,2.218251397635588,-0.03850468277405061,Maintenir une relation durable,Tester des avantages de fidélité et un accès anticipé,Taux de réachat à 90 jours,2011-12-10
14714,25,1,160.19,0,Occasionnels récents,-1.0693448349972383,-1.1878450594396113,Encourager un achat supplémentaire,Tester une relance après achat avec des produits complémentaires,Taux de nouvel achat à 60 jours,2011-12-10
14715,25,4,867.38,1,Acheteurs réguliers,0.557899060997017,-0.22329454524574271,Entretenir la relation et développer les achats,Tester des recommandations adaptées à l'historique d'achat,Nombre de commandes par client sur 90 jours,2011-12-10
14716,44,2,307.51,0,Occasionnels récents,-0.609825163954658,-0.4393823387988636,Encourager un achat supplémentaire,Tester une relance après achat avec des produits complémentaires,Taux de nouvel achat à 60 jours,2011-12-10
14719,2,5,1581.84,3,Champions,1.8538805532262377,-1.3385716410390862,Maintenir une relation durable,Tester des avantages de fidélité et un accès anticipé,Taux de réachat à 90 jours,2011-12-10
14720,6,3,663.81,0,Occasionnels récents,0.7437343541249937,-1.2591156942825839,Encourager un achat supplémentaire,Tester une relance après achat avec des produits complémentaires,Taux de nouvel achat à 60 jours,2011-12-10
14722,148,1,180.42000000000002,2,Occasionnels en sommeil,-1.6975831691702337,-0.010013446351004018,Réactiver les clients,Tester une campagne de retour avec une offre ciblée,Taux de réactivation à 60 jours,2011-12-10
14723,11,6,1122.3600000000001,1,Acheteurs réguliers,1.2873542559498898,-0.5029827630639812,Entretenir la relation et développer les achats,Tester des recommandations adaptées à l'historique d'achat,Nombre de commandes par client sur 90 jours,2011-12-10
14725,25,1,655.58,0,Occasionnels récents,-0.40342261008393965,-0.6769597632135141,Encourager un achat supplémentaire,Tester une relance après achat avec des produits complémentaires,Taux de nouvel achat à 60 jours,2011-12-10
14727,275,1,268.58,2,Occasionnels en sommeil,-1.7514200960589077,0.5347565860750965,Réactiver les clients,Tester une campagne de retour avec une offre ciblée,Taux de réactivation à 60 jours,2011-12-10
14729,374,1,313.49,2,Occasionnels en sommeil,-1.798504571692354,0.7900523161824954,Réactiver les clients,Tester une campagne de retour avec une offre ciblée,Taux de réactivation à 60 jours,2011-12-10
14730,2,8,1897.57,3,Champions,2.3068495625889462,-1.1166646318116478,Maintenir une relation durable,Tester des avantages de fidélité et un accès anticipé,Taux de réachat à 90 jours,2011-12-10
14731,48,3,380.02,0,Occasionnels récents,-0.28291214624780525,-0.19673620094306685,Encourager un achat supplémentaire,Tester une relance après achat avec des produits complémentaires,Taux de nouvel achat à 60 jours,2011-12-10
14732,9,8,2702.4900000000002,3,Champions,2.002528563941666,-0.20549943711777446,Maintenir une relation durable,Tester des avantages de fidélité et un accès anticipé,Taux de réachat à 90 jours,2011-12-10
14733,17,12,9585.91,3,Champions,2.7049402109268135,0.7782851074832586,Maintenir une relation durable,Tester des avantages de fidélité et un accès anticipé,Taux de réachat à 90 jours,2011-12-10
14735,4,32,6065.69,3,Champions,3.8326134820244238,0.13703956008940932,Maintenir une relation durable,Tester des avantages de fidélité et un accès anticipé,Taux de réachat à 90 jours,2011-12-10
14737,4,3,1164.55,0,Occasionnels récents,1.1418258580400826,-1.2735953762188077,Encourager un achat supplémentaire,Tester une relance après achat avec des produits complémentaires,Taux de nouvel achat à 60 jours,2011-12-10
14738,43,7,1314.45,1,Acheteurs réguliers,0.9737132571690773,0.4502801512654286,Entretenir la relation et développer les achats,Tester des recommandations adaptées à l'historique d'achat,Nombre de commandes par client sur 90 jours,2011-12-10
14739,5,7,3902.28,3,Champions,2.270360942110054,-0.44918588218090233,Maintenir une relation durable,Tester des avantages de fidélité et un accès anticipé,Taux de réachat à 90 jours,2011-12-10
14740,198,3,1448.21,1,Acheteurs réguliers,-0.19880852983566882,1.2001998413249741,Entretenir la relation et développer les achats,Tester des recommandations adaptées à l'historique d'achat,Nombre de commandes par client sur 90 jours,2011-12-10
14741,12,6,1400.34,1,Acheteurs réguliers,1.3608173486406188,-0.37052516583927486,Entretenir la relation et développer les achats,Tester des recommandations adaptées à l'historique d'achat,Nombre de commandes par client sur 90 jours,2011-12-10
14744,17,7,1099.98,1,Acheteurs réguliers,1.2396630972462708,-0.19545371369734946,Entretenir la relation et développer les achats,Tester des recommandations adaptées à l'historique d'achat,Nombre de commandes par client sur 90 jours,2011-12-10
14745,113,5,1220.26,1,Acheteurs réguliers,0.30514029666186965,0.9315681243939966,Entretenir la relation et développer les achats,Tester des recommandations adaptées à l'historique d'achat,Nombre de commandes par client sur 90 jours,2011-12-10
14747,250,1,328.2,2,Occasionnels en sommeil,-1.6194697335926789,0.5457184121799974,Réactiver les clients,Tester une campagne de retour avec une offre ciblée,Taux de réactivation à 60 jours,2011-12-10
14748,30,5,1415.75,1,Acheteurs réguliers,0.8859532051805998,0.13912646782033145,Entretenir la relation et développer les achats,Tester des recommandations adaptées à l'historique d'achat,Nombre de commandes par client sur 90 jours,2011-12-10
14752,44,1,389.64,0,Occasionnels récents,-0.8646418391444339,-0.5092699227022541,Encourager un achat supplémentaire,Tester une relance après achat avec des produits complémentaires,Taux de nouvel achat à 60 jours,2011-12-10
14753,88,1,563.15,2,Occasionnels en sommeil,-0.9576806087721934,0.06771529069872757,Réactiver les clients,Tester une campagne de retour avec une offre ciblée,Taux de réactivation à 60 jours,2011-12-10
14754,45,2,638.05,0,Occasionnels récents,-0.27315189875575524,-0.1601960972108954,Encourager un achat supplémentaire,Tester une relance après achat avec des produits complémentaires,Taux de nouvel achat à 60 jours,2011-12-10
14755,10,11,5010.28,3,Champions,2.5179901886689624,0.1914503109453362,Maintenir une relation durable,Tester des avantages de fidélité et un accès anticipé,Taux de réachat à 90 jours,2011-12-10
14756,16,1,738.96,0,Occasionnels récents,-0.1802016999429827,-0.9096511431857536,Encourager un achat supplémentaire,Tester une relance après achat avec des produits complémentaires,Taux de nouvel achat à 60 jours,2011-12-10
14757,76,1,420.5,2,Occasionnels en sommeil,-1.0391274877893022,-0.13246252784984383,Réactiver les clients,Tester une campagne de retour avec une offre ciblée,Taux de réactivation à 60 jours,2011-12-10
14758,145,4,1484.06,1,Acheteurs réguliers,0.13599283299327597,1.0934946357768354,Entretenir la relation et développer les achats,Tester des recommandations adaptées à l'historique d'achat,Nombre de commandes par client sur 90 jours,2011-12-10
14759,5,3,1625.97,0,Occasionnels récents,1.2285045482220491,-1.0337608901442552,Encourager un achat supplémentaire,Tester une relance après achat avec des produits complémentaires,Taux de nouvel achat à 60 jours,2011-12-10
14760,298,1,89.2,2,Occasionnels en sommeil,-2.3019075266908233,0.18852893146034133,Réactiver les clients,Tester une campagne de retour avec une offre ciblée,Taux de réactivation à 60 jours,2011-12-10
14761,59,2,255.9,2,Occasionnels en sommeil,-0.8093850632623869,-0.31897782564460975,Réactiver les clients,Tester une campagne de retour avec une offre ciblée,Taux de réactivation à 60 jours,2011-12-10
14762,264,1,300.52,2,Occasionnels en sommeil,-1.682387916575995,0.5490504259692344,Réactiver les clients,Tester une campagne de retour avec une offre ciblée,Taux de réactivation à 60 jours,2011-12-10
14764,47,1,278.3,0,Occasionnels récents,-1.0490147590268197,-0.5893602217868387,Encourager un achat supplémentaire,Tester une relance après achat avec des produits complémentaires,Taux de nouvel achat à 60 jours,2011-12-10
14765,30,3,254.11,0,Occasionnels récents,-0.29366924899483965,-0.6402578961465438,Encourager un achat supplémentaire,Tester une relance après achat avec des produits complémentaires,Taux de nouvel achat à 60 jours,2011-12-10
14766,9,6,2473.37,3,Champions,1.7332328534395856,-0.33424748304471197,Maintenir une relation durable,Tester des avantages de fidélité et un accès anticipé,Taux de réachat à 90 jours,2011-12-10
14768,18,2,192.60000000000002,0,Occasionnels récents,-0.49280500881579625,-1.1693355166906183,Encourager un achat supplémentaire,Tester une relance après achat avec des produits complémentaires,Taux de nouvel achat à 60 jours,2011-12-10
14769,3,8,10416.98,3,Champions,3.0012954579867532,-0.31039261316086125,Maintenir une relation durable,Tester des avantages de fidélité et un accès anticipé,Taux de réachat à 90 jours,2011-12-10
14770,233,2,876.42,2,Occasionnels en sommeil,-0.7604333612109304,1.0124786505638612,Réactiver les clients,Tester une campagne de retour avec une offre ciblée,Taux de réactivation à 60 jours,2011-12-10
14772,113,1,139.26,2,Occasionnels en sommeil,-1.7146439399358941,-0.2776542415153441,Réactiver les clients,Tester une campagne de retour avec une offre ciblée,Taux de réactivation à 60 jours,2011-12-10
14775,59,3,1011.9,1,Acheteurs réguliers,0.10129152882187963,0.2905619074706901,Entretenir la relation et développer les achats,Tester des recommandations adaptées à l'historique d'achat,Nombre de commandes par client sur 90 jours,2011-12-10
14776,52,11,2538.3,1,Acheteurs réguliers,1.5793517856633261,0.9662431880532608,Entretenir la relation et développer les achats,Tester des recommandations adaptées à l'historique d'achat,Nombre de commandes par client sur 90 jours,2011-12-10
14778,128,2,730.86,2,Occasionnels en sommeil,-0.6130286027833969,0.5594059631881133,Réactiver les clients,Tester une campagne de retour avec une offre ciblée,Taux de réactivation à 60 jours,2011-12-10
14779,281,3,386.15,2,Occasionnels en sommeil,-0.9613026214998811,0.9466476464791757,Réactiver les clients,Tester une campagne de retour avec une offre ciblée,Taux de réactivation à 60 jours,2011-12-10
14780,55,2,447.68,0,Occasionnels récents,-0.5179470185103913,-0.1609836281204485,Encourager un achat supplémentaire,Tester une relance après achat avec des produits complémentaires,Taux de nouvel achat à 60 jours,2011-12-10
14782,320,1,200.10000000000002,2,Occasionnels en sommeil,-1.9495764993903313,0.5263303504203249,Réactiver les clients,Tester une campagne de retour avec une offre ciblée,Taux de réactivation à 60 jours,2011-12-10
14784,27,2,289.99,0,Occasionnels récents,-0.45157946271296384,-0.7690532167440598,Encourager un achat supplémentaire,Tester une relance après achat avec des produits complémentaires,Taux de nouvel achat à 60 jours,2011-12-10
14785,11,2,77.4,0,Occasionnels récents,-0.7413039492029136,-1.7968645855587355,Encourager un achat supplémentaire,Tester une relance après achat avec des produits complémentaires,Taux de nouvel achat à 60 jours,2011-12-10
14788,8,2,679.4399999999999,0,Occasionnels récents,0.3960487533346073,-1.197808873250275,Encourager un achat supplémentaire,Tester une relance après achat avec des produits complémentaires,Taux de nouvel achat à 60 jours,2011-12-10
14789,29,1,197.64,0,Occasionnels récents,-1.0263797346256076,-1.0188347069198438,Encourager un achat supplémentaire,Tester une relance après achat avec des produits complémentaires,Taux de nouvel achat à 60 jours,2011-12-10
14790,17,4,745.06,1,Acheteurs réguliers,0.630044462439138,-0.517547344482056,Entretenir la relation et développer les achats,Tester des recommandations adaptées à l'historique d'achat,Nombre de commandes par client sur 90 jours,2011-12-10
14792,64,1,6.2,2,Occasionnels en sommeil,-2.9023813254509445,-1.7229906956604288,Réactiver les clients,Tester une campagne de retour avec une offre ciblée,Taux de réactivation à 60 jours,2011-12-10
14793,22,1,228.99,0,Occasionnels récents,-0.8527531828628057,-1.1382391987902984,Encourager un achat supplémentaire,Tester une relance après achat avec des produits complémentaires,Taux de nouvel achat à 60 jours,2011-12-10
14794,3,7,1319.91,3,Champions,1.915548068049429,-1.106874822546386,Maintenir une relation durable,Tester des avantages de fidélité et un accès anticipé,Taux de réachat à 90 jours,2011-12-10
14795,167,1,131.45000000000002,2,Occasionnels en sommeil,-1.8937963781875071,-0.04644254412044275,Réactiver les clients,Tester une campagne de retour avec une offre ciblée,Taux de réactivation à 60 jours,2011-12-10
14796,2,17,7975.49,3,Champions,3.614370906090103,-0.3282755575770014,Maintenir une relation durable,Tester des avantages de fidélité et un accès anticipé,Taux de réachat à 90 jours,2011-12-10
14798,53,3,173.74,0,Occasionnels récents,-0.6906194596871332,-0.4171479054956067,Encourager un achat supplémentaire,Tester une relance après achat avec des produits complémentaires,Taux de nouvel achat à 60 jours,2011-12-10
14799,52,1,157.7,2,Occasionnels en sommeil,-1.3558761194090303,-0.7305722857514659,Réactiver les clients,Tester une campagne de retour avec une offre ciblée,Taux de réactivation à 60 jours,2011-12-10
14800,48,12,4331.79,3,Champions,1.9358537208745124,1.1403464064458702,Maintenir une relation durable,Tester des avantages de fidélité et un accès anticipé,Taux de réachat à 90 jours,2011-12-10
14801,62,1,189.34,2,Occasionnels en sommeil,-1.3374246416972133,-0.5520922571313743,Réactiver les clients,Tester une campagne de retour avec une offre ciblée,Taux de réactivation à 60 jours,2011-12-10
14803,163,3,845.55,1,Acheteurs réguliers,-0.3778932060685826,0.8789039509382928,Entretenir la relation et développer les achats,Tester des recommandations adaptées à l'historique d'achat,Nombre de commandes par client sur 90 jours,2011-12-10
14804,9,1,353.27,0,Occasionnels récents,-0.3214458931551562,-1.5224880120572608,Encourager un achat supplémentaire,Tester une relance après achat avec des produits complémentaires,Taux de nouvel achat à 60 jours,2011-12-10
14805,16,4,546.4,0,Occasionnels récents,0.5056394288940295,-0.6673303632972897,Encourager un achat supplémentaire,Tester une relance après achat avec des produits complémentaires,Taux de nouvel achat à 60 jours,2011-12-10
14806,76,1,193.39000000000001,2,Occasionnels en sommeil,-1.4060958926247857,-0.41399504800924164,Réactiver les clients,Tester une campagne de retour avec une offre ciblée,Taux de réactivation à 60 jours,2011-12-10
14808,40,8,2718.6,1,Acheteurs réguliers,1.4522999684761715,0.7138208050028805,Entretenir la relation et développer les achats,Tester des recommandations adaptées à l'historique d'achat,Nombre de commandes par client sur 90 jours,2011-12-10
14810,41,11,2085.33,3,Champions,1.5773681263143584,0.7435637369979925,Maintenir une relation durable,Tester des avantages de fidélité et un accès anticipé,Taux de réachat à 90 jours,2011-12-10
14813,370,2,152.88,2,Occasionnels en sommeil,-1.7664815088646098,0.6788206268316677,Réactiver les clients,Tester une campagne de retour avec une offre ciblée,Taux de réactivation à 60 jours,2011-12-10
14815,37,2,778.5,0,Occasionnels récents,-0.1040675659136856,-0.21211636768874717,Encourager un achat supplémentaire,Tester une relance après achat avec des produits complémentaires,Taux de nouvel achat à 60 jours,2011-12-10
14816,198,1,271.85,2,Occasionnels en sommeil,-1.6174958447849719,0.32652594233328935,Réactiver les clients,Tester une campagne de retour avec une offre ciblée,Taux de réactivation à 60 jours,2011-12-10
14817,201,2,1110.34,2,Occasionnels en sommeil,-0.5907365732528828,1.0028614567115437,Réactiver les clients,Tester une campagne de retour avec une offre ciblée,Taux de réactivation à 60 jours,2011-12-10
14818,74,3,657.8,1,Acheteurs réguliers,-0.19012712919788427,0.2791360213665409,Entretenir la relation et développer les achats,Tester des recommandations adaptées à l'historique d'achat,Nombre de commandes par client sur 90 jours,2011-12-10
14819,65,2,272.07,2,Occasionnels en sommeil,-0.8177999222354853,-0.23482071237355423,Réactiver les clients,Tester une campagne de retour avec une offre ciblée,Taux de réactivation à 60 jours,2011-12-10
14820,22,4,507.29,0,Occasionnels récents,0.352010976125484,-0.49780864562929394,Encourager un achat supplémentaire,Tester une relance après achat avec des produits complémentaires,Taux de nouvel achat à 60 jours,2011-12-10
14821,367,1,48.800000000000004,2,Occasionnels en sommeil,-2.6649438907067333,0.10741897181641923,Réactiver les clients,Tester une campagne de retour avec une offre ciblée,Taux de réactivation à 60 jours,2011-12-10
14823,181,3,321.43,2,Occasionnels en sommeil,-0.8763987478784072,0.595465917923371,Réactiver les clients,Tester une campagne de retour avec une offre ciblée,Taux de réactivation à 60 jours,2011-12-10
14824,11,4,1127.71,1,Acheteurs réguliers,0.9852781292577519,-0.6304994915701637,Entretenir la relation et développer les achats,Tester des recommandations adaptées à l'historique d'achat,Nombre de commandes par client sur 90 jours,2011-12-10
14825,4,12,2221.01,3,Champions,2.513812760264573,-0.5861485763390414,Maintenir une relation durable,Tester des avantages de fidélité et un accès anticipé,Taux de réachat à 90 jours,2011-12-10
14828,197,3,2139.76,1,Acheteurs réguliers,-0.011848738493012729,1.3388430110199978,Entretenir la relation et développer les achats,Tester des recommandations adaptées à l'historique d'achat,Nombre de commandes par client sur 90 jours,2011-12-10
14829,30,4,697.55,1,Acheteurs réguliers,0.385772216531688,-0.18812563471918395,Entretenir la relation et développer les achats,Tester des recommandations adaptées à l'historique d'achat,Nombre de commandes par client sur 90 jours,2011-12-10
14830,54,1,188.88,2,Occasionnels en sommeil,-1.2853436064110597,-0.641245115269251,Réactiver les clients,Tester une campagne de retour avec une offre ciblée,Taux de réactivation à 60 jours,2011-12-10
14834,18,6,1720.3,1,Acheteurs réguliers,1.3095828481776162,-0.049044827697442374,Entretenir la relation et développer les achats,Tester des recommandations adaptées à l'historique d'achat,Nombre de commandes par client sur 90 jours,2011-12-10
14836,11,3,102.44999999999999,0,Occasionnels récents,-0.3496398810621045,-1.585503283977884,Encourager un achat supplémentaire,Tester une relance après achat avec des produits complémentaires,Taux de nouvel achat à 60 jours,2011-12-10
14837,90,4,1649.5,1,Acheteurs réguliers,0.37137015744838625,0.8246244989854689,Entretenir la relation et développer les achats,Tester des recommandations adaptées à l'historique d'achat,Nombre de commandes par client sur 90 jours,2011-12-10
14840,268,1,62.85,2,Occasionnels en sommeil,-2.4242798302328494,-0.0058744528632734706,Réactiver les clients,Tester une campagne de retour avec une offre ciblée,Taux de réactivation à 60 jours,2011-12-10
14841,54,6,3295.76,1,Acheteurs réguliers,1.2011044308715126,0.8782421775873845,Entretenir la relation et développer les achats,Tester des recommandations adaptées à l'historique d'achat,Nombre de commandes par client sur 90 jours,2011-12-10
14842,44,4,2824.69,1,Acheteurs réguliers,0.9023220049153133,0.5624715882561799,Entretenir la relation et développer les achats,Tester des recommandations adaptées à l'historique d'achat,Nombre de commandes par client sur 90 jours,2011-12-10
14844,64,4,3189.81,1,Acheteurs réguliers,0.8158093695222095,0.845702066418957,Entretenir la relation et développer les achats,Tester des recommandations adaptées à l'historique d'achat,Nombre de commandes par client sur 90 jours,2011-12-10
14847,149,1,309.4,2,Occasionnels en sommeil,-1.445565211708342,0.18969018189474343,Réactiver les clients,Tester une campagne de retour avec une offre ciblée,Taux de réactivation à 60 jours,2011-12-10
14849,22,25,7930.54,3,Champions,3.145917955195308,1.134916966900228,Maintenir une relation durable,Tester des avantages de fidélité et un accès anticipé,Taux de réachat à 90 jours,2011-12-10
14850,312,1,325.75,2,Occasionnels en sommeil,-1.7095361896762837,0.686491493489367,Réactiver les clients,Tester une campagne de retour avec une offre ciblée,Taux de réactivation à 60 jours,2011-12-10
14851,24,2,511.35,0,Occasionnels récents,-0.1389249786968055,-0.6369328378021116,Encourager un achat supplémentaire,Tester une relance après achat avec des produits complémentaires,Taux de nouvel achat à 60 jours,2011-12-10
14852,59,6,2836.69,1,Acheteurs réguliers,1.0959013410906318,0.8802550474090123,Entretenir la relation et développer les achats,Tester des recommandations adaptées à l'historique d'achat,Nombre de commandes par client sur 90 jours,2011-12-10
14853,25,2,475.8,0,Occasionnels récents,-0.18839418898272314,-0.637597116331109,Encourager un achat supplémentaire,Tester une relance après achat avec des produits complémentaires,Taux de nouvel achat à 60 jours,2011-12-10
14854,79,7,2740.03,1,Acheteurs réguliers,1.087485190335459,1.1059371234675122,Entretenir la relation et développer les achats,Tester des recommandations adaptées à l'historique d'achat,Nombre de commandes par client sur 90 jours,2011-12-10
14855,120,2,645.65,2,Occasionnels en sommeil,-0.6466267698946112,0.4727633933018575,Réactiver les clients,Tester une campagne de retour avec une offre ciblée,Taux de réactivation à 60 jours,2011-12-10
14856,37,3,1290.53,1,Acheteurs réguliers,0.39554372196121423,0.08206038180393016,Entretenir la relation et développer les achats,Tester des recommandations adaptées à l'historique d'achat,Nombre de commandes par client sur 90 jours,2011-12-10
14857,60,2,1173.12,1,Acheteurs réguliers,-0.09535458419149265,0.24453004709184697,Entretenir la relation et développer les achats,Tester des recommandations adaptées à l'historique d'achat,Nombre de commandes par client sur 90 jours,2011-12-10
14859,13,4,1353.74,1,Acheteurs réguliers,1.011405960422076,-0.46390118284914833,Entretenir la relation et développer les achats,Tester des recommandations adaptées à l'historique d'achat,Nombre de commandes par client sur 90 jours,2011-12-10
14860,20,1,170.32,0,Occasionnels récents,-0.9567340436901934,-1.3044999952773806,Encourager un achat supplémentaire,Tester une relance après achat avec des produits complémentaires,Taux de nouvel achat à 60 jours,2011-12-10
14861,53,1,125.79,2,Occasionnels en sommeil,-1.4696409993597261,-0.8000800528803589,Réactiver les clients,Tester une campagne de retour avec une offre ciblée,Taux de réactivation à 60 jours,2011-12-10
14862,26,2,841.1999999999999,0,Occasionnels récents,0.06656569789665853,-0.4061154954669728,Encourager un achat supplémentaire,Tester une relance après achat avec des produits complémentaires,Taux de nouvel achat à 60 jours,2011-12-10
14863,30,1,266.76,0,Occasionnels récents,-0.897652798013634,-0.8889035873049259,Encourager un achat supplémentaire,Tester une relance après achat avec des produits complémentaires,Taux de nouvel achat à 60 jours,2011-12-10
14865,8,2,52.2,0,Occasionnels récents,-0.8124033077236436,-2.1249147214882775,Encourager un achat supplémentaire,Tester une relance après achat avec des produits complémentaires,Taux de nouvel achat à 60 jours,2011-12-10
14866,11,12,14389.9,3,Champions,3.056462624461255,0.6624857439147257,Maintenir une relation durable,Tester des avantages de fidélité et un accès anticipé,Taux de réachat à 90 jours,2011-12-10
14867,186,3,710.28,2,Occasionnels en sommeil,-0.5118850808840971,0.9008814252308828,Réactiver les clients,Tester une campagne de retour avec une offre ciblée,Taux de réactivation à 60 jours,2011-12-10
14868,4,8,2953.59,3,Champions,2.316324267087266,-0.62374595388175,Maintenir une relation durable,Tester des avantages de fidélité et un accès anticipé,Taux de réachat à 90 jours,2011-12-10
14869,9,2,721.45,0,Occasionnels récents,0.38315753027990407,-1.107530947786575,Encourager un achat supplémentaire,Tester une relance après achat avec des produits complémentaires,Taux de nouvel achat à 60 jours,2011-12-10
14870,262,1,327.25,2,Occasionnels en sommeil,-1.6391448013351038,0.5750234548885866,Réactiver les clients,Tester une campagne de retour avec une offre ciblée,Taux de réactivation à 60 jours,2011-12-10
14871,4,4,501.28000000000003,0,Occasionnels récents,0.9445190852540974,-1.4940908882590096,Encourager un achat supplémentaire,Tester une relance après achat avec des produits complémentaires,Taux de nouvel achat à 60 jours,2011-12-10
14873,211,1,519.68,2,Occasionnels en sommeil,-1.3358986227635332,0.6027256574589879,Réactiver les clients,Tester une campagne de retour avec une offre ciblée,Taux de réactivation à 60 jours,2011-12-10
14875,108,2,1465.3200000000002,1,Acheteurs réguliers,-0.2175020094219856,0.7026860569310585,Entretenir la relation et développer les achats,Tester des recommandations adaptées à l'historique d'achat,Nombre de commandes par client sur 90 jours,2011-12-10
14878,13,9,1476.09,3,Champions,1.6793333969435968,-0.1661987239684818,Maintenir une relation durable,Tester des avantages de fidélité et un accès anticipé,Taux de réachat à 90 jours,2011-12-10
14880,78,3,690.59,1,Acheteurs réguliers,-0.18746216108053745,0.3305794723057929,Entretenir la relation et développer les achats,Tester des recommandations adaptées à l'historique d'achat,Nombre de commandes par client sur 90 jours,2011-12-10
14881,20,1,255.4,0,Occasionnels récents,-0.7655549370016452,-1.157830322906052,Encourager un achat supplémentaire,Tester une relance après achat avec des produits complémentaires,Taux de nouvel achat à 60 jours,2011-12-10
14882,27,2,589.7,0,Occasionnels récents,-0.11587350933546414,-0.5115047688626904,Encourager un achat supplémentaire,Tester une relance après achat avec des produits complémentaires,Taux de nouvel achat à 60 jours,2011-12-10
14883,19,6,761.59,1,Acheteurs réguliers,0.9034673293792777,-0.3118450828156026,Entretenir la relation et développer les achats,Tester des recommandations adaptées à l'historique d'achat,Nombre de commandes par client sur 90 jours,2011-12-10
14885,132,1,765.3199999999999,2,Occasionnels en sommeil,-0.9699126882764546,0.44024556701149636,Réactiver les clients,Tester une campagne de retour avec une offre ciblée,Taux de réactivation à 60 jours,2011-12-10
14886,253,1,364.8,2,Occasionnels en sommeil,-1.574141417719379,0.591789361850822,Réactiver les clients,Tester une campagne de retour avec une offre ciblée,Taux de réactivation à 60 jours,2011-12-10
14887,80,1,1862.0,1,Acheteurs réguliers,-0.3543351363004166,0.4410474204354973,Entretenir la relation et développer les achats,Tester des recommandations adaptées à l'historique d'achat,Nombre de commandes par client sur 90 jours,2011-12-10
14888,208,1,369.2,2,Occasionnels en sommeil,-1.4920406488355984,0.46938627617346285,Réactiver les clients,Tester une campagne de retour avec une offre ciblée,Taux de réactivation à 60 jours,2011-12-10
14889,337,1,135.9,2,Occasionnels en sommeil,-2.152137676542055,0.4199899846599541,Réactiver les clients,Tester une campagne de retour avec une offre ciblée,Taux de réactivation à 60 jours,2011-12-10
14890,254,1,125.65,2,Occasionnels en sommeil,-2.0785910144775666,0.20851900980105095,Réactiver les clients,Tester une campagne de retour avec une offre ciblée,Taux de réactivation à 60 jours,2011-12-10
14891,149,2,554.38,2,Occasionnels en sommeil,-0.8029794444475244,0.55706825351362,Réactiver les clients,Tester une campagne de retour avec une offre ciblée,Taux de réactivation à 60 jours,2011-12-10
14893,10,2,1237.8500000000001,0,Occasionnels récents,0.6015036225358601,-0.8494063178790981,Encourager un achat supplémentaire,Tester une relance après achat avec des produits complémentaires,Taux de nouvel achat à 60 jours,2011-12-10
14894,86,1,655.75,2,Occasionnels en sommeil,-0.8767095680193543,0.10822692847087138,Réactiver les clients,Tester une campagne de retour avec une offre ciblée,Taux de réactivation à 60 jours,2011-12-10
14895,8,20,11138.710000000001,3,Champions,3.481561012644885,0.566550078703562,Maintenir une relation durable,Tester des avantages de fidélité et un accès anticipé,Taux de réachat à 90 jours,2011-12-10
14896,205,2,468.77000000000004,2,Occasionnels en sommeil,-1.006700900740717,0.7023820950951032,Réactiver les clients,Tester une campagne de retour avec une offre ciblée,Taux de réactivation à 60 jours,2011-12-10
14897,8,4,1366.38,1,Acheteurs réguliers,1.1889886055913155,-0.7477197458214673,Entretenir la relation et développer les achats,Tester des recommandations adaptées à l'historique d'achat,Nombre de commandes par client sur 90 jours,2011-12-10
14898,24,6,1269.31,1,Acheteurs réguliers,1.057960423000821,0.018825673608776863,Entretenir la relation et développer les achats,Tester des recommandations adaptées à l'historique d'achat,Nombre de commandes par client sur 90 jours,2011-12-10
14901,12,9,1421.29,3,Champions,1.6904550147368167,-0.2281219863602252,Maintenir une relation durable,Tester des avantages de fidélité et un accès anticipé,Taux de réachat à 90 jours,2011-12-10
14902,26,1,332.66,0,Occasionnels récents,-0.739176393871941,-0.8986645916573327,Encourager un achat supplémentaire,Tester une relance après achat avec des produits complémentaires,Taux de nouvel achat à 60 jours,2011-12-10
14903,22,5,2795.33,1,Acheteurs réguliers,1.3253427781129414,0.19243748892883084,Entretenir la relation et développer les achats,Tester des recommandations adaptées à l'historique d'achat,Nombre de commandes par client sur 90 jours,2011-12-10
14904,3,2,1025.44,0,Occasionnels récents,0.908826182603436,-1.5753778237117027,Encourager un achat supplémentaire,Tester une relance après achat avec des produits complémentaires,Taux de nouvel achat à 60 jours,2011-12-10
14905,158,2,616.15,2,Occasionnels en sommeil,-0.7758148983289119,0.6333056289999118,Réactiver les clients,Tester une campagne de retour avec une offre ciblée,Taux de réactivation à 60 jours,2011-12-10
14907,4,7,3501.1,3,Champions,2.290399625748122,-0.6071484392270796,Maintenir une relation durable,Tester des avantages de fidélité et un accès anticipé,Taux de réachat à 90 jours,2011-12-10
14908,75,1,277.8,2,Occasionnels en sommeil,-1.2299810588857734,-0.29131028467542464,Réactiver les clients,Tester une campagne de retour avec une offre ciblée,Taux de réactivation à 60 jours,2011-12-10
14910,3,4,434.35,0,Occasionnels récents,0.9641749877650345,-1.691157211390592,Encourager un achat supplémentaire,Tester une relance après achat avec des produits complémentaires,Taux de nouvel achat à 60 jours,2011-12-10
14911,2,201,143711.17,3,Champions,7.1721948728242975,1.652223232395795,Maintenir une relation durable,Tester des avantages de fidélité et un accès anticipé,Taux de réachat à 90 jours,2011-12-10
14912,17,2,867.85,0,Occasionnels récents,0.2402615422236641,-0.658340669869857,Encourager un achat supplémentaire,Tester une relance après achat avec des produits complémentaires,Taux de nouvel achat à 60 jours,2011-12-10
14913,36,4,1227.43,1,Acheteurs réguliers,0.5840726952583757,0.13221820871299156,Entretenir la relation et développer les achats,Tester des recommandations adaptées à l'historique d'achat,Nombre de commandes par client sur 90 jours,2011-12-10
14915,92,2,307.48,2,Occasionnels en sommeil,-0.8944070647201683,0.03245035043990007,Réactiver les clients,Tester une campagne de retour avec une offre ciblée,Taux de réactivation à 60 jours,2011-12-10
14916,71,4,1268.98,1,Acheteurs réguliers,0.3389004623252939,0.577062968119738,Entretenir la relation et développer les achats,Tester des recommandations adaptées à l'historique d'achat,Nombre de commandes par client sur 90 jours,2011-12-10
14918,116,2,1610.15,1,Acheteurs réguliers,-0.20060163558144384,0.7829871888595605,Entretenir la relation et développer les achats,Tester des recommandations adaptées à l'historique d'achat,Nombre de commandes par client sur 90 jours,2011-12-10
14920,213,2,977.77,2,Occasionnels en sommeil,-0.6735844191128318,0.9941660538083766,Réactiver les clients,Tester une campagne de retour avec une offre ciblée,Taux de réactivation à 60 jours,2011-12-10
14921,31,2,1316.07,1,Acheteurs réguliers,0.21198665591348512,-0.1330251264501495,Entretenir la relation et développer les achats,Tester des recommandations adaptées à l'historique d'achat,Nombre de commandes par client sur 90 jours,2011-12-10
14923,51,1,749.1,0,Occasionnels récents,-0.6119677280894549,-0.17796661515297393,Encourager un achat supplémentaire,Tester une relance après achat avec des produits complémentaires,Taux de nouvel achat à 60 jours,2011-12-10
14924,246,1,310.05,2,Occasionnels en sommeil,-1.6400628910491664,0.5146467919323989,Réactiver les clients,Tester une campagne de retour avec une offre ciblée,Taux de réactivation à 60 jours,2011-12-10
14929,33,1,223.88,0,Occasionnels récents,-1.0166093929179998,-0.8923445128628318,Encourager un achat supplémentaire,Tester une relance après achat avec des produits complémentaires,Taux de nouvel achat à 60 jours,2011-12-10
14930,109,3,2362.96,1,Acheteurs réguliers,0.26556282100757483,0.9928510121114862,Entretenir la relation et développer les achats,Tester des recommandations adaptées à l'historique d'achat,Nombre de commandes par client sur 90 jours,2011-12-10
14931,5,5,1257.68,3,Champions,1.4735425498933115,-0.9713753542733577,Maintenir une relation durable,Tester des avantages de fidélité et un accès anticipé,Taux de réachat à 90 jours,2011-12-10
14932,366,1,363.53,2,Occasionnels en sommeil,-1.7200412843803956,0.8297467464367186,Réactiver les clients,Tester une campagne de retour avec une offre ciblée,Taux de réactivation à 60 jours,2011-12-10
14934,82,2,1890.94,1,Acheteurs réguliers,0.010144153136619791,0.6182558087249953,Entretenir la relation et développer les achats,Tester des recommandations adaptées à l'historique d'achat,Nombre de commandes par client sur 90 jours,2011-12-10
14935,298,1,1784.71,2,Occasionnels en sommeil,-0.886318850212461,1.2745468075135336,Réactiver les clients,Tester une campagne de retour avec une offre ciblée,Taux de réactivation à 60 jours,2011-12-10
14936,34,8,8137.02,3,Champions,2.034012536302726,1.0096757348162286,Maintenir une relation durable,Tester des avantages de fidélité et un accès anticipé,Taux de réachat à 90 jours,2011-12-10
14937,57,3,1621.88,1,Acheteurs réguliers,0.338085636303461,0.43999597726429374,Entretenir la relation et développer les achats,Tester des recommandations adaptées à l'historique d'achat,Nombre de commandes par client sur 90 jours,2011-12-10
14944,30,12,5900.25,3,Champions,2.2617936294736136,0.9551334835654792,Maintenir une relation durable,Tester des avantages de fidélité et un accès anticipé,Taux de réachat à 90 jours,2011-12-10
14946,15,1,100.9,0,Occasionnels récents,-1.0964872473825442,-1.6702480992433935,Encourager un achat supplémentaire,Tester une relance après achat avec des produits complémentaires,Taux de nouvel achat à 60 jours,2011-12-10
14947,73,2,290.82,2,Occasionnels en sommeil,-0.8311561195744731,-0.13629568927589036,Réactiver les clients,Tester une campagne de retour avec une offre ciblée,Taux de réactivation à 60 jours,2011-12-10
14948,24,6,1101.97,1,Acheteurs réguliers,0.9909849236102953,-0.03255690016021626,Entretenir la relation et développer les achats,Tester des recommandations adaptées à l'historique d'achat,Nombre de commandes par client sur 90 jours,2011-12-10
14950,20,1,371.2,0,Occasionnels récents,-0.5888434853358951,-1.022260013111159,Encourager un achat supplémentaire,Tester une relance après achat avec des produits complémentaires,Taux de nouvel achat à 60 jours,2011-12-10
14951,80,1,311.69,2,Occasionnels en sommeil,-1.2005617714876187,-0.20816464820857689,Réactiver les clients,Tester une campagne de retour avec une offre ciblée,Taux de réactivation à 60 jours,2011-12-10
14952,60,11,8099.49,3,Champions,2.074278535223533,1.4795968209206607,Maintenir une relation durable,Tester des avantages de fidélité et un accès anticipé,Taux de réachat à 90 jours,2011-12-10
14953,26,1,285.67,0,Occasionnels récents,-0.8111476861893924,-0.9538798609782557,Encourager un achat supplémentaire,Tester une relance après achat avec des produits complémentaires,Taux de nouvel achat à 60 jours,2011-12-10
14954,13,1,294.85,0,Occasionnels récents,-0.5387730765525409,-1.369328721632493,Encourager un achat supplémentaire,Tester une relance après achat avec des produits complémentaires,Taux de nouvel achat à 60 jours,2011-12-10
14957,254,1,58.49,2,Occasionnels en sommeil,-2.436866304080966,-0.06634428595898227,Réactiver les clients,Tester une campagne de retour avec une offre ciblée,Taux de réactivation à 60 jours,2011-12-10
14958,148,3,483.72999999999996,2,Occasionnels en sommeil,-0.6046707990811739,0.6137309218615645,Réactiver les clients,Tester une campagne de retour avec une offre ciblée,Taux de réactivation à 60 jours,2011-12-10
14959,65,4,695.42,1,Acheteurs réguliers,0.08813537812689234,0.301956786186254,Entretenir la relation et développer les achats,Tester des recommandations adaptées à l'historique d'achat,Nombre de commandes par client sur 90 jours,2011-12-10
14960,9,2,221.27,0,Occasionnels récents,-0.1757469371422929,-1.5363138652485266,Encourager un achat supplémentaire,Tester une relance après achat avec des produits complémentaires,Taux de nouvel achat à 60 jours,2011-12-10
14961,11,9,7044.68,3,Champions,2.480534467733219,0.3019169854620726,Maintenir une relation durable,Tester des avantages de fidélité et un accès anticipé,Taux de réachat à 90 jours,2011-12-10
14962,271,1,126.7,2,Occasionnels en sommeil,-2.0999725640724662,0.2534731849453628,Réactiver les clients,Tester une campagne de retour avec une offre ciblée,Taux de réactivation à 60 jours,2011-12-10
14963,10,5,1472.34,1,Acheteurs réguliers,1.3106269415916838,-0.5200990110680699,Entretenir la relation et développer les achats,Tester des recommandations adaptées à l'historique d'achat,Nombre de commandes par client sur 90 jours,2011-12-10
14964,248,1,206.21,2,Occasionnels en sommeil,-1.8358326662507163,0.3721223311433552,Réactiver les clients,Tester une campagne de retour avec une offre ciblée,Taux de réactivation à 60 jours,2011-12-10
14965,97,2,596.09,2,Occasionnels en sommeil,-0.6018005754040429,0.3067206066094302,Réactiver les clients,Tester une campagne de retour avec une offre ciblée,Taux de réactivation à 60 jours,2011-12-10
14966,15,1,183.02,0,Occasionnels récents,-0.8162408964357959,-1.455247405974216,Encourager un achat supplémentaire,Tester une relance après achat avec des produits complémentaires,Taux de nouvel achat à 60 jours,2011-12-10
14967,50,1,463.8,0,Occasionnels récents,-0.8312835836610135,-0.3646834437250618,Encourager un achat supplémentaire,Tester une relance après achat avec des produits complémentaires,Taux de nouvel achat à 60 jours,2011-12-10
14968,31,1,147.59,0,Occasionnels récents,-1.1893227586419886,-1.0824843192575286,Encourager un achat supplémentaire,Tester une relance après achat avec des produits complémentaires,Taux de nouvel achat à 60 jours,2011-12-10
14970,69,4,1592.06,1,Acheteurs réguliers,0.4574104903597302,0.641199551280418,Entretenir la relation et développer les achats,Tester des recommandations adaptées à l'historique d'achat,Nombre de commandes par client sur 90 jours,2011-12-10
14971,36,3,1097.98,1,Acheteurs réguliers,0.3294476564718268,0.005998580769253734,Entretenir la relation et développer les achats,Tester des recommandations adaptées à l'historique d'achat,Nombre de commandes par client sur 90 jours,2011-12-10
14972,129,1,114.77,2,Occasionnels en sommeil,-1.857107334687953,-0.2620867976162271,Réactiver les clients,Tester une campagne de retour avec une offre ciblée,Taux de réactivation à 60 jours,2011-12-10
14973,108,3,1314.45,1,Acheteurs réguliers,-0.008783920107333028,0.7736940152995806,Entretenir la relation et développer les achats,Tester des recommandations adaptées à l'historique d'achat,Nombre de commandes par client sur 90 jours,2011-12-10
14974,38,1,89.94,0,Occasionnels récents,-1.4996641982618253,-1.132497504653762,Encourager un achat supplémentaire,Tester une relance après achat avec des produits complémentaires,Taux de nouvel achat à 60 jours,2011-12-10
14975,58,1,279.94,2,Occasionnels en sommeil,-1.1271137128052975,-0.45310929699039204,Réactiver les clients,Tester une campagne de retour avec une offre ciblée,Taux de réactivation à 60 jours,2011-12-10
14976,58,7,790.86,1,Acheteurs réguliers,0.6180800893222802,0.45633415593089055,Entretenir la relation et développer les achats,Tester des recommandations adaptées à l'historique d'achat,Nombre de commandes par client sur 90 jours,2011-12-10
14978,73,5,1921.3700000000001,1,Acheteurs réguliers,0.6896272221041637,0.8157047122828388,Entretenir la relation et développer les achats,Tester des recommandations adaptées à l'historique d'achat,Nombre de commandes par client sur 90 jours,2011-12-10
14981,247,1,102.12,2,Occasionnels en sommeil,-2.1651345204994605,0.11566118768651062,Réactiver les clients,Tester une campagne de retour avec une offre ciblée,Taux de réactivation à 60 jours,2011-12-10
14984,20,2,202.37,0,Occasionnels récents,-0.5086897447874399,-1.0863711482256966,Encourager un achat supplémentaire,Tester une relance après achat avec des produits complémentaires,Taux de nouvel achat à 60 jours,2011-12-10
14985,199,2,292.01,2,Occasionnels en sommeil,-1.2189302734925258,0.5114609711404602,Réactiver les clients,Tester une campagne de retour avec une offre ciblée,Taux de réactivation à 60 jours,2011-12-10
14987,16,2,326.4,0,Occasionnels récents,-0.20009749821007067,-1.050518746792866,Encourager un achat supplémentaire,Tester une relance après achat avec des produits complémentaires,Taux de nouvel achat à 60 jours,2011-12-10
14988,212,1,334.54,2,Occasionnels en sommeil,-1.5460811296017631,0.4459508320372829,Réactiver les clients,Tester une campagne de retour avec une offre ciblée,Taux de réactivation à 60 jours,2011-12-10
14995,39,2,231.98000000000002,0,Occasionnels récents,-0.6968008590521537,-0.6180869111048015,Encourager un achat supplémentaire,Tester une relance après achat avec des produits complémentaires,Taux de nouvel achat à 60 jours,2011-12-10
14997,47,3,546.1999999999999,1,Acheteurs réguliers,-0.10320649382121315,-0.07847186196059838,Entretenir la relation et développer les achats,Tester des recommandations adaptées à l'historique d'achat,Nombre de commandes par client sur 90 jours,2011-12-10
14998,171,2,414.87,2,Occasionnels en sommeil,-0.9937837600146642,0.5408002592992532,Réactiver les clients,Tester une campagne de retour avec une offre ciblée,Taux de réactivation à 60 jours,2011-12-10
15000,48,1,490.52,0,Occasionnels récents,-0.7891005264511123,-0.370354941624933,Encourager un achat supplémentaire,Tester une relance après achat avec des produits complémentaires,Taux de nouvel achat à 60 jours,2011-12-10
15002,116,4,1641.76,1,Acheteurs réguliers,0.27063707020107153,0.9862721410197905,Entretenir la relation et développer les achats,Tester des recommandations adaptées à l'historique d'achat,Nombre de commandes par client sur 90 jours,2011-12-10
15004,148,1,1220.77,2,Occasionnels en sommeil,-0.793268648829947,0.683762755015093,Réactiver les clients,Tester une campagne de retour avec une offre ciblée,Taux de réactivation à 60 jours,2011-12-10
15005,16,28,6295.37,3,Champions,3.2536979587129014,0.8963935708116206,Maintenir une relation durable,Tester des avantages de fidélité et un accès anticipé,Taux de réachat à 90 jours,2011-12-10
15006,52,1,480.38,0,Occasionnels récents,-0.8297419166814427,-0.32693021170871833,Encourager un achat supplémentaire,Tester une relance après achat avec des produits complémentaires,Taux de nouvel achat à 60 jours,2011-12-10
15007,160,1,156.91,2,Occasionnels en sommeil,-1.793750142979217,-0.01015069453556402,Réactiver les clients,Tester une campagne de retour avec une offre ciblée,Taux de réactivation à 60 jours,2011-12-10
15009,13,3,1259.43,1,Acheteurs réguliers,0.7753664948761356,-0.5758622446490752,Entretenir la relation et développer les achats,Tester des recommandations adaptées à l'historique d'achat,Nombre de commandes par client sur 90 jours,2011-12-10
15010,36,1,308.94,0,Occasionnels récents,-0.8976399503344628,-0.7206829668795676,Encourager un achat supplémentaire,Tester une relance après achat avec des produits complémentaires,Taux de nouvel achat à 60 jours,2011-12-10
15012,54,2,405.04,0,Occasionnels récents,-0.5582321394702511,-0.2090202259527782,Encourager un achat supplémentaire,Tester une relance après achat avec des produits complémentaires,Taux de nouvel achat à 60 jours,2011-12-10
15014,44,2,257.67,0,Occasionnels récents,-0.6933705780059296,-0.5034770964283646,Encourager un achat supplémentaire,Tester une relance après achat avec des produits complémentaires,Taux de nouvel achat à 60 jours,2011-12-10
15016,173,1,170.04,2,Occasionnels en sommeil,-1.786314697703919,0.0693776103401774,Réactiver les clients,Tester une campagne de retour avec une offre ciblée,Taux de réactivation à 60 jours,2011-12-10
15017,34,1,125.58,0,Occasionnels récents,-1.3004604916692688,-1.0825518130901448,Encourager un achat supplémentaire,Tester une relance après achat avec des produits complémentaires,Taux de nouvel achat à 60 jours,2011-12-10
15018,39,3,496.21000000000004,0,Occasionnels récents,-0.07716863274347394,-0.23183194227793827,Encourager un achat supplémentaire,Tester une relance après achat avec des produits complémentaires,Taux de nouvel achat à 60 jours,2011-12-10
15019,267,1,252.81,2,Occasionnels en sommeil,-1.7684724081239973,0.49371007822295426,Réactiver les clients,Tester une campagne de retour avec une offre ciblée,Taux de réactivation à 60 jours,2011-12-10
15021,9,9,1871.77,3,Champions,1.9237524081786113,-0.2985735804573859,Maintenir une relation durable,Tester des avantages de fidélité et un accès anticipé,Taux de réachat à 90 jours,2011-12-10
15022,12,4,852.39,0,Occasionnels récents,0.8213264434091351,-0.6801828635529633,Encourager un achat supplémentaire,Tester une relance après achat avec des produits complémentaires,Taux de nouvel achat à 60 jours,2011-12-10
15023,4,11,6720.41,3,Champions,2.966244213460639,-0.21425471172089733,Maintenir une relation durable,Tester des avantages de fidélité et un accès anticipé,Taux de réachat à 90 jours,2011-12-10
15024,10,10,1636.43,3,Champions,1.9089264577496328,-0.24885988031141415,Maintenir une relation durable,Tester des avantages de fidélité et un accès anticipé,Taux de réachat à 90 jours,2011-12-10
15025,34,1,361.96,0,Occasionnels récents,-0.8009844223293033,-0.699361449266775,Encourager un achat supplémentaire,Tester une relance après achat avec des produits complémentaires,Taux de nouvel achat à 60 jours,2011-12-10
15026,81,3,469.0,1,Acheteurs réguliers,-0.38521561208476834,0.21430055617097057,Entretenir la relation et développer les achats,Tester des recommandations adaptées à l'historique d'achat,Nombre de commandes par client sur 90 jours,2011-12-10
15027,31,4,1066.1499999999999,1,Acheteurs réguliers,0.5742435996244496,-0.013349307182901438,Entretenir la relation et développer les achats,Tester des recommandations adaptées à l'historique d'achat,Nombre de commandes par client sur 90 jours,2011-12-10
15028,9,4,627.13,0,Occasionnels récents,0.7788499512457284,-0.9622039442477193,Encourager un achat supplémentaire,Tester une relance après achat avec des produits complémentaires,Taux de nouvel achat à 60 jours,2011-12-10
15030,72,2,518.28,2,Occasionnels en sommeil,-0.5525689403700843,0.0644970088502474,Réactiver les clients,Tester une campagne de retour avec une offre ciblée,Taux de réactivation à 60 jours,2011-12-10
15031,5,4,653.19,0,Occasionnels récents,0.9983458569107765,-1.2794598891675988,Encourager un achat supplémentaire,Tester une relance après achat avec des produits complémentaires,Taux de nouvel achat à 60 jours,2011-12-10
15032,257,3,4959.1,1,Acheteurs réguliers,0.28281321922616104,1.8165504461130546,Entretenir la relation et développer les achats,Tester des recommandations adaptées à l'historique d'achat,Nombre de commandes par client sur 90 jours,2011-12-10
15033,5,10,2557.18,3,Champions,2.35805509563581,-0.480557986099999,Maintenir une relation durable,Tester des avantages de fidélité et un accès anticipé,Taux de réachat à 90 jours,2011-12-10
15034,16,8,4274.16,3,Champions,2.011836910465407,0.3061182779298208,Maintenir une relation durable,Tester des avantages de fidélité et un accès anticipé,Taux de réachat à 90 jours,2011-12-10
15035,90,1,252.73000000000002,2,Occasionnels en sommeil,-1.3452588011032864,-0.2085008614207781,Réactiver les clients,Tester une campagne de retour avec une offre ciblée,Taux de réactivation à 60 jours,2011-12-10
15036,73,3,429.56,1,Acheteurs réguliers,-0.38653681733313017,0.11569205402448156,Entretenir la relation et développer les achats,Tester des recommandations adaptées à l'historique d'achat,Nombre de commandes par client sur 90 jours,2011-12-10
15038,59,6,685.74,1,Acheteurs réguliers,0.423184999962455,0.3641574096433544,Entretenir la relation et développer les achats,Tester des recommandations adaptées à l'historique d'achat,Nombre de commandes par client sur 90 jours,2011-12-10
15039,10,47,19766.59,3,Champions,4.422549332390625,1.2231564046112908,Maintenir une relation durable,Tester des avantages de fidélité et un accès anticipé,Taux de réachat à 90 jours,2011-12-10
15041,171,1,179.93,2,Occasionnels en sommeil,-1.7551301865192137,0.08231083517124525,Réactiver les clients,Tester une campagne de retour avec une offre ciblée,Taux de réactivation à 60 jours,2011-12-10
15042,200,1,135.93,2,Occasionnels en sommeil,-1.9483178795001002,0.08223159585732887,Réactiver les clients,Tester une campagne de retour avec une offre ciblée,Taux de réactivation à 60 jours,2011-12-10
15043,32,1,537.0,0,Occasionnels récents,-0.5913130133250895,-0.5944453412436327,Encourager un achat supplémentaire,Tester une relance après achat avec des produits complémentaires,Taux de nouvel achat à 60 jours,2011-12-10
15044,20,17,7634.7300000000005,3,Champions,2.8309573395605327,0.9207085042984579,Maintenir une relation durable,Tester des avantages de fidélité et un accès anticipé,Taux de réachat à 90 jours,2011-12-10
15045,152,2,735.66,2,Occasionnels en sommeil,-0.6768067901131082,0.6726926391384909,Réactiver les clients,Tester une campagne de retour avec une offre ciblée,Taux de réactivation à 60 jours,2011-12-10
15046,10,15,5090.42,3,Champions,2.785712412481069,0.3077253344508132,Maintenir une relation durable,Tester des avantages de fidélité et un accès anticipé,Taux de réachat à 90 jours,2011-12-10
15047,270,1,343.62,2,Occasionnels en sommeil,-1.6278144103661594,0.6122039453010479,Réactiver les clients,Tester une campagne de retour avec une offre ciblée,Taux de réactivation à 60 jours,2011-12-10
15048,66,4,381.0,1,Acheteurs réguliers,-0.20250000109214333,0.09328253295866903,Entretenir la relation et développer les achats,Tester des recommandations adaptées à l'historique d'achat,Nombre de commandes par client sur 90 jours,2011-12-10
15049,274,1,121.17000000000002,2,Occasionnels en sommeil,-2.1252625956249593,0.2444994893982473,Réactiver les clients,Tester une campagne de retour avec une offre ciblée,Taux de réactivation à 60 jours,2011-12-10
15050,26,3,1737.69,1,Acheteurs réguliers,0.6704608865751615,-0.03193374004346288,Entretenir la relation et développer les achats,Tester des recommandations adaptées à l'historique d'achat,Nombre de commandes par client sur 90 jours,2011-12-10
15051,24,3,1383.3600000000001,1,Acheteurs réguliers,0.592570786393977,-0.16485788128068715,Entretenir la relation et développer les achats,Tester des recommandations adaptées à l'historique d'achat,Nombre de commandes par client sur 90 jours,2011-12-10
15052,320,1,207.73000000000002,2,Occasionnels en sommeil,-1.9319195824263773,0.5398764657414402,Réactiver les clients,Tester une campagne de retour avec une offre ciblée,Taux de réactivation à 60 jours,2011-12-10
15053,5,3,693.95,0,Occasionnels récents,0.8251777933989307,-1.3431869776134742,Encourager un achat supplémentaire,Tester une relance après achat avec des produits complémentaires,Taux de nouvel achat à 60 jours,2011-12-10
15054,13,2,302.1,0,Occasionnels récents,-0.16056300462307188,-1.2047756202147861,Encourager un achat supplémentaire,Tester une relance après achat avec des produits complémentaires,Taux de nouvel achat à 60 jours,2011-12-10
15057,276,2,1489.5,2,Occasionnels en sommeil,-0.5753129569217361,1.3148824504682968,Réactiver les clients,Tester une campagne de retour avec une offre ciblée,Taux de réactivation à 60 jours,2011-12-10
15058,26,11,2102.54,3,Champions,1.754442556982848,0.4593552796715756,Maintenir une relation durable,Tester des avantages de fidélité et un accès anticipé,Taux de réachat à 90 jours,2011-12-10
15059,41,9,1337.72,1,Acheteurs réguliers,1.202087875472824,0.512133560873214,Entretenir la relation et développer les achats,Tester des recommandations adaptées à l'historique d'achat,Nombre de commandes par client sur 90 jours,2011-12-10
15060,9,4,294.25,0,Occasionnels récents,0.4209039331888706,-1.2368146279379038,Encourager un achat supplémentaire,Tester une relance après achat avec des produits complémentaires,Taux de nouvel achat à 60 jours,2011-12-10
15061,4,48,54534.14,3,Champions,5.231406003813106,1.0877128048314448,Maintenir une relation durable,Tester des avantages de fidélité et un accès anticipé,Taux de réachat à 90 jours,2011-12-10
15062,72,4,987.86,1,Acheteurs réguliers,0.21486051620406024,0.4950149527871267,Entretenir la relation et développer les achats,Tester des recommandations adaptées à l'historique d'achat,Nombre de commandes par client sur 90 jours,2011-12-10
15063,214,1,370.79999999999995,2,Occasionnels en sommeil,-1.5010896541945402,0.4893528565988607,Réactiver les clients,Tester une campagne de retour avec une offre ciblée,Taux de réactivation à 60 jours,2011-12-10
15065,38,4,3158.13,1,Acheteurs réguliers,1.011299728475416,0.5100294350090826,Entretenir la relation et développer les achats,Tester des recommandations adaptées à l'historique d'achat,Nombre de commandes par client sur 90 jours,2011-12-10
15066,54,1,893.59,0,Occasionnels récents,-0.5504269391544154,-0.07742834327040324,Encourager un achat supplémentaire,Tester une relance après achat avec des produits complémentaires,Taux de nouvel achat à 60 jours,2011-12-10
15067,79,3,1744.76,1,Acheteurs réguliers,0.2466457589154386,0.6755792396289734,Entretenir la relation et développer les achats,Tester des recommandations adaptées à l'historique d'achat,Nombre de commandes par client sur 90 jours,2011-12-10
15068,47,2,553.36,0,Occasionnels récents,-0.35724228099853816,-0.18424686163018303,Encourager un achat supplémentaire,Tester une relance après achat avec des produits complémentaires,Taux de nouvel achat à 60 jours,2011-12-10
15069,180,1,1109.53,2,Occasionnels en sommeil,-0.9147877935519766,0.7754975218739413,Réactiver les clients,Tester une campagne de retour avec une offre ciblée,Taux de réactivation à 60 jours,2011-12-10
15070,373,1,106.2,2,Occasionnels en sommeil,-2.307762578324124,0.396818772775408,Réactiver les clients,Tester une campagne de retour avec une offre ciblée,Taux de réactivation à 60 jours,2011-12-10
15071,94,2,982.07,1,Acheteurs réguliers,-0.3531983195253395,0.4678861339471071,Entretenir la relation et développer les achats,Tester des recommandations adaptées à l'historique d'achat,Nombre de commandes par client sur 90 jours,2011-12-10
15073,10,3,1043.41,0,Occasionnels récents,0.7807513529678412,-0.8010075659079496,Encourager un achat supplémentaire,Tester une relance après achat avec des produits complémentaires,Taux de nouvel achat à 60 jours,2011-12-10
15074,106,1,735.67,2,Occasionnels en sommeil,-0.9033639632929478,0.2845008146019695,Réactiver les clients,Tester une campagne de retour avec une offre ciblée,Taux de réactivation à 60 jours,2011-12-10
15075,78,1,773.03,2,Occasionnels en sommeil,-0.7609954026424867,0.10529478902981251,Réactiver les clients,Tester une campagne de retour avec une offre ciblée,Taux de réactivation à 60 jours,2011-12-10
15076,173,1,880.85,2,Occasionnels en sommeil,-1.0086529704704381,0.6659877353935979,Réactiver les clients,Tester une campagne de retour avec une offre ciblée,Taux de réactivation à 60 jours,2011-12-10
15078,8,32,9743.11,3,Champions,3.826901573137448,0.6914753551279188,Maintenir une relation durable,Tester des avantages de fidélité et un accès anticipé,Taux de réachat à 90 jours,2011-12-10
15079,213,4,895.61,1,Acheteurs réguliers,-0.25312944666215226,1.158490506264486,Entretenir la relation et développer les achats,Tester des recommandations adaptées à l'historique d'achat,Nombre de commandes par client sur 90 jours,2011-12-10
15081,23,5,504.8,1,Acheteurs réguliers,0.49790529912081133,-0.40189774342669926,Entretenir la relation et développer les achats,Tester des recommandations adaptées à l'historique d'achat,Nombre de commandes par client sur 90 jours,2011-12-10
15083,257,1,88.2,2,Occasionnels en sommeil,-2.2493861910276216,0.08860718145327313,Réactiver les clients,Tester une campagne de retour avec une offre ciblée,Taux de réactivation à 60 jours,2011-12-10
15087,282,1,306.94,2,Occasionnels en sommeil,-1.6981565170680253,0.5994312356262175,Réactiver les clients,Tester une campagne de retour avec une offre ciblée,Taux de réactivation à 60 jours,2011-12-10
15088,22,2,1160.07,0,Occasionnels récents,0.28165237353233763,-0.3935445438505088,Encourager un achat supplémentaire,Tester une relance après achat avec des produits complémentaires,Taux de nouvel achat à 60 jours,2011-12-10
15089,11,6,2420.84,3,Champions,1.6515963385938581,-0.2235418353883773,Maintenir une relation durable,Tester des avantages de fidélité et un accès anticipé,Taux de réachat à 90 jours,2011-12-10
15090,309,1,381.32,2,Occasionnels en sommeil,-1.6312903826899732,0.7373642348695744,Réactiver les clients,Tester une campagne de retour avec une offre ciblée,Taux de réactivation à 60 jours,2011-12-10
15091,68,1,480.71,2,Occasionnels en sommeil,-0.9328208530216158,-0.15519817074908626,Réactiver les clients,Tester une campagne de retour avec une offre ciblée,Taux de réactivation à 60 jours,2011-12-10
15092,216,2,457.81,2,Occasionnels en sommeil,-1.038284173452752,0.7276092395326182,Réactiver les clients,Tester une campagne de retour avec une offre ciblée,Taux de réactivation à 60 jours,2011-12-10
15093,19,6,4597.02,3,Champions,1.7553502818309292,0.34170642550038405,Maintenir une relation durable,Tester des avantages de fidélité et un accès anticipé,Taux de réachat à 90 jours,2011-12-10
15095,104,4,1370.6,1,Acheteurs réguliers,0.22751589143336984,0.8503099048875734,Entretenir la relation et développer les achats,Tester des recommandations adaptées à l'historique d'achat,Nombre de commandes par client sur 90 jours,2011-12-10
15096,43,1,219.39000000000001,0,Occasionnels récents,-1.1272299329910878,-0.7320887645519814,Encourager un achat supplémentaire,Tester une relance après achat avec des produits complémentaires,Taux de nouvel achat à 60 jours,2011-12-10
15097,5,1,248.08,0,Occasionnels récents,-0.28825974129408954,-1.9826779366537468,Encourager un achat supplémentaire,Tester une relance après achat avec des produits complémentaires,Taux de nouvel achat à 60 jours,2011-12-10
15098,183,3,39916.5,1,Acheteurs réguliers,1.4040868257594192,2.355409837241012,Entretenir la relation et développer les achats,Tester des recommandations adaptées à l'historique d'achat,Nombre de commandes par client sur 90 jours,2011-12-10
15099,85,1,410.48,2,Occasionnels en sommeil,-1.0938628012600577,-0.06936074745552404,Réactiver les clients,Tester une campagne de retour avec une offre ciblée,Taux de réactivation à 60 jours,2011-12-10
15100,334,3,876.0,2,Occasionnels en sommeil,-0.6410984166463872,1.3560389021568566,Réactiver les clients,Tester une campagne de retour avec une offre ciblée,Taux de réactivation à 60 jours,2011-12-10
15101,9,2,317.53,0,Occasionnels récents,-0.005137208633295589,-1.4054247036805652,Encourager un achat supplémentaire,Tester une relance après achat avec des produits complémentaires,Taux de nouvel achat à 60 jours,2011-12-10
15103,32,2,703.36,0,Occasionnels récents,-0.09683198836129137,-0.3406909516557229,Encourager un achat supplémentaire,Tester une relance après achat avec des produits complémentaires,Taux de nouvel achat à 60 jours,2011-12-10
15104,197,2,993.54,2,Occasionnels en sommeil,-0.63554726134796,0.94946844197878,Réactiver les clients,Tester une campagne de retour avec une offre ciblée,Taux de réactivation à 60 jours,2011-12-10
15105,19,7,2298.93,3,Champions,1.547660730637971,0.14100521060989973,Maintenir une relation durable,Tester des avantages de fidélité et un accès anticipé,Taux de réachat à 90 jours,2011-12-10
15106,18,5,1422.52,1,Acheteurs réguliers,1.080095197652979,-0.17735185746219378,Entretenir la relation et développer les achats,Tester des recommandations adaptées à l'historique d'achat,Nombre de commandes par client sur 90 jours,2011-12-10
15107,312,6,319.5,2,Occasionnels en sommeil,-0.5856074761620208,1.1606749020556357,Réactiver les clients,Tester une campagne de retour avec une offre ciblée,Taux de réactivation à 60 jours,2011-12-10
15108,142,4,1300.25,1,Acheteurs réguliers,0.08148153850850025,1.0319356616924509,Entretenir la relation et développer les achats,Tester des recommandations adaptées à l'historique d'achat,Nombre de commandes par client sur 90 jours,2011-12-10
15109,246,1,484.95,2,Occasionnels en sommeil,-1.4285207907560251,0.6769386400331634,Réactiver les clients,Tester une campagne de retour avec une offre ciblée,Taux de réactivation à 60 jours,2011-12-10
15110,24,4,996.1,1,Acheteurs réguliers,0.6388093980039194,-0.1985091175230479,Entretenir la relation et développer les achats,Tester des recommandations adaptées à l'historique d'achat,Nombre de commandes par client sur 90 jours,2011-12-10
15111,30,3,1567.48,1,Acheteurs réguliers,0.5674628753847761,0.02038943471971035,Entretenir la relation et développer les achats,Tester des recommandations adaptées à l'historique d'achat,Nombre de commandes par client sur 90 jours,2011-12-10
15113,10,3,3509.43,1,Acheteurs réguliers,1.3555544999750941,-0.3600274258191777,Entretenir la relation et développer les achats,Tester des recommandations adaptées à l'historique d'achat,Nombre de commandes par client sur 90 jours,2011-12-10
15114,31,10,2760.56,3,Champions,1.7382011662675625,0.6353749216204903,Maintenir une relation durable,Tester des avantages de fidélité et un accès anticipé,Taux de réachat à 90 jours,2011-12-10
15115,19,1,340.11,0,Occasionnels récents,-0.6110780509174036,-1.0857035946508287,Encourager un achat supplémentaire,Tester une relance après achat avec des produits complémentaires,Taux de nouvel achat à 60 jours,2011-12-10
15116,18,4,1352.75,1,Acheteurs réguliers,0.8913629921323512,-0.26566524032094285,Entretenir la relation et développer les achats,Tester des recommandations adaptées à l'historique d'achat,Nombre de commandes par client sur 90 jours,2011-12-10
15117,15,5,1551.78,1,Acheteurs réguliers,1.1886632281045493,-0.2574408333391147,Entretenir la relation et développer les achats,Tester des recommandations adaptées à l'historique d'achat,Nombre de commandes par client sur 90 jours,2011-12-10
15118,135,1,244.8,2,Occasionnels en sommeil,-1.5178005369228629,0.04112085921354165,Réactiver les clients,Tester une campagne de retour avec une offre ciblée,Taux de réactivation à 60 jours,2011-12-10
15119,246,1,266.4,2,Occasionnels en sommeil,-1.7117578614396702,0.45964351254696817,Réactiver les clients,Tester une campagne de retour avec une offre ciblée,Taux de réactivation à 60 jours,2011-12-10
15120,134,1,358.82,2,Occasionnels en sommeil,-1.334216836870459,0.17494707006618967,Réactiver les clients,Tester une campagne de retour avec une offre ciblée,Taux de réactivation à 60 jours,2011-12-10
15121,51,2,457.72,0,Occasionnels récents,-0.4784069857456272,-0.20110471931584284,Encourager un achat supplémentaire,Tester une relance après achat avec des produits complémentaires,Taux de nouvel achat à 60 jours,2011-12-10
15122,115,3,1633.78,1,Acheteurs réguliers,0.06986610478813429,0.8932078324312862,Entretenir la relation et développer les achats,Tester des recommandations adaptées à l'historique d'achat,Nombre de commandes par client sur 90 jours,2011-12-10
15123,8,2,2199.31,0,Occasionnels récents,0.9525154062010714,-0.7708962096480921,Encourager un achat supplémentaire,Tester une relance après achat avec des produits complémentaires,Taux de nouvel achat à 60 jours,2011-12-10
15124,23,2,184.19,0,Occasionnels récents,-0.6054296777606332,-1.0336381753827013,Encourager un achat supplémentaire,Tester une relance après achat avec des produits complémentaires,Taux de nouvel achat à 60 jours,2011-12-10
15125,26,15,11528.48,3,Champions,2.8213033578503266,1.1887171373306815,Maintenir une relation durable,Tester des avantages de fidélité et un accès anticipé,Taux de réachat à 90 jours,2011-12-10
15127,66,1,406.53,2,Occasionnels en sommeil,-1.0005825738758702,-0.23514815765852592,Réactiver les clients,Tester une campagne de retour avec une offre ciblée,Taux de réactivation à 60 jours,2011-12-10
15128,61,4,1471.0,1,Acheteurs réguliers,0.467504546728757,0.5335639102547358,Entretenir la relation et développer les achats,Tester des recommandations adaptées à l'historique d'achat,Nombre de commandes par client sur 90 jours,2011-12-10
15129,51,11,3447.4,3,Champions,1.7319175175495654,1.065179858829647,Maintenir une relation durable,Tester des avantages de fidélité et un accès anticipé,Taux de réachat à 90 jours,2011-12-10
15130,170,1,330.11,2,Occasionnels en sommeil,-1.46629792602621,0.2983549600584847,Réactiver les clients,Tester une campagne de retour avec une offre ciblée,Taux de réactivation à 60 jours,2011-12-10
15132,19,5,977.9300000000001,1,Acheteurs réguliers,0.8824562602381569,-0.28021208347231685,Entretenir la relation et développer les achats,Tester des recommandations adaptées à l'historique d'achat,Nombre de commandes par client sur 90 jours,2011-12-10
15133,128,3,982.42,1,Acheteurs réguliers,-0.2127433026709563,0.777381341435702,Entretenir la relation et développer les achats,Tester des recommandations adaptées à l'historique d'achat,Nombre de commandes par client sur 90 jours,2011-12-10
15134,15,8,1387.99,3,Champions,1.5025407964763378,-0.14224263990831465,Maintenir une relation durable,Tester des avantages de fidélité et un accès anticipé,Taux de réachat à 90 jours,2011-12-10
15135,240,1,139.05,2,Occasionnels en sommeil,-2.0087724841791212,0.20839903113254837,Réactiver les clients,Tester une campagne de retour avec une offre ciblée,Taux de réactivation à 60 jours,2011-12-10
15136,3,4,1286.7,3,Champions,1.478370762487729,-1.2966741158284738,Maintenir une relation durable,Tester des avantages de fidélité et un accès anticipé,Taux de réachat à 90 jours,2011-12-10
15139,240,2,178.96,2,Occasionnels en sommeil,-1.523156095033582,0.4553526083635235,Réactiver les clients,Tester une campagne de retour avec une offre ciblée,Taux de réactivation à 60 jours,2011-12-10
15140,53,7,2354.25,1,Acheteurs réguliers,1.1696187935564235,0.7952770870471925,Entretenir la relation et développer les achats,Tester des recommandations adaptées à l'historique d'achat,Nombre de commandes par client sur 90 jours,2011-12-10
15142,47,1,498.74,0,Occasionnels récents,-0.7731547590351869,-0.3777246695554869,Encourager un achat supplémentaire,Tester une relance après achat avec des produits complémentaires,Taux de nouvel achat à 60 jours,2011-12-10
15143,226,1,259.45,2,Occasionnels en sommeil,-1.6911482793141626,0.3951780497244111,Réactiver les clients,Tester une campagne de retour avec une offre ciblée,Taux de réactivation à 60 jours,2011-12-10
15144,9,17,6580.44,3,Champions,3.0513133026075088,0.38439089047564967,Maintenir une relation durable,Tester des avantages de fidélité et un accès anticipé,Taux de réachat à 90 jours,2011-12-10
15145,5,4,1194.73,0,Occasionnels récents,1.284311295535344,-1.060071599730106,Encourager un achat supplémentaire,Tester une relance après achat avec des produits complémentaires,Taux de nouvel achat à 60 jours,2011-12-10
15146,165,2,1327.16,1,Acheteurs réguliers,-0.4292969090327156,0.9401091371213159,Entretenir la relation et développer les achats,Tester des recommandations adaptées à l'historique d'achat,Nombre de commandes par client sur 90 jours,2011-12-10
15147,241,1,623.5,2,Occasionnels en sommeil,-1.301567109263436,0.7548928412538849,Réactiver les clients,Tester une campagne de retour avec une offre ciblée,Taux de réactivation à 60 jours,2011-12-10
15148,11,1,301.29,0,Occasionnels récents,-0.46814227968318173,-1.4616952980339344,Encourager un achat supplémentaire,Tester une relance après achat avec des produits complémentaires,Taux de nouvel achat à 60 jours,2011-12-10
15149,134,1,520.8000000000001,2,Occasionnels en sommeil,-1.1579852954399112,0.31014920010449737,Réactiver les clients,Tester une campagne de retour avec une offre ciblée,Taux de réactivation à 60 jours,2011-12-10
15150,18,10,5291.33,3,Champions,2.2509425823267497,0.5331371983865543,Maintenir une relation durable,Tester des avantages de fidélité et un accès anticipé,Taux de réachat à 90 jours,2011-12-10
15152,10,13,4745.69,3,Champions,2.6316951797518864,0.2309306638794315,Maintenir une relation durable,Tester des avantages de fidélité et un accès anticipé,Taux de réachat à 90 jours,2011-12-10
15153,32,1,329.25,0,Occasionnels récents,-0.8227013120440907,-0.7719628877554654,Encourager un achat supplémentaire,Tester une relance après achat avec des produits complémentaires,Taux de nouvel achat à 60 jours,2011-12-10
15154,76,1,254.28,2,Occasionnels en sommeil,-1.2768931615440873,-0.31487269847363725,Réactiver les clients,Tester une campagne de retour avec une offre ciblée,Taux de réactivation à 60 jours,2011-12-10
15156,2,3,961.49,0,Occasionnels récents,1.251283701651051,-1.6752708311437232,Encourager un achat supplémentaire,Tester une relance après achat avec des produits complémentaires,Taux de nouvel achat à 60 jours,2011-12-10
15157,4,3,1936.07,0,Occasionnels récents,1.382685180468882,-1.088811805879381,Encourager un achat supplémentaire,Tester une relance après achat avec des produits complémentaires,Taux de nouvel achat à 60 jours,2011-12-10
15158,46,1,401.40000000000003,0,Occasionnels récents,-0.8676227919014321,-0.47021489458763793,Encourager un achat supplémentaire,Tester une relance après achat avec des produits complémentaires,Taux de nouvel achat à 60 jours,2011-12-10
15159,2,30,18641.010000000002,3,Champions,4.508567837396244,0.1893389045782594,Maintenir une relation durable,Tester des avantages de fidélité et un accès anticipé,Taux de réachat à 90 jours,2011-12-10
15160,358,1,158.16,2,Occasionnels en sommeil,-2.1043286648814963,0.5139741188525568,Réactiver les clients,Tester une campagne de retour avec une offre ciblée,Taux de réactivation à 60 jours,2011-12-10
15163,19,2,304.47,0,Occasionnels récents,-0.2966710599542729,-0.9700992363447806,Encourager un achat supplémentaire,Tester une relance après achat avec des produits complémentaires,Taux de nouvel achat à 60 jours,2011-12-10
15164,69,3,824.58,1,Acheteurs réguliers,-0.05608575986877695,0.31637790857564324,Entretenir la relation et développer les achats,Tester des recommandations adaptées à l'historique d'achat,Nombre de commandes par client sur 90 jours,2011-12-10
15165,374,1,487.75,2,Occasionnels en sommeil,-1.5894532820660048,0.9504332526215975,Réactiver les clients,Tester une campagne de retour avec une offre ciblée,Taux de réactivation à 60 jours,2011-12-10
15167,321,1,158.8,2,Occasionnels en sommeil,-2.0597924378200037,0.44473150314563364,Réactiver les clients,Tester une campagne de retour avec une offre ciblée,Taux de réactivation à 60 jours,2011-12-10
15168,26,1,106.56,0,Occasionnels récents,-1.2759468393490552,-1.3104666276664074,Encourager un achat supplémentaire,Tester une relance après achat avec des produits complémentaires,Taux de nouvel achat à 60 jours,2011-12-10
15171,332,1,1289.5,2,Occasionnels en sommeil,-1.0825289436215046,1.2264084670898803,Réactiver les clients,Tester une campagne de retour avec une offre ciblée,Taux de réactivation à 60 jours,2011-12-10
15172,9,5,1624.05,3,Champions,1.3944540505158654,-0.5464010052066295,Maintenir une relation durable,Tester des avantages de fidélité et un accès anticipé,Taux de réachat à 90 jours,2011-12-10
15174,323,1,135.75,2,Occasionnels en sommeil,-2.1360767842517587,0.3920941269892538,Réactiver les clients,Tester une campagne de retour avec une offre ciblée,Taux de réactivation à 60 jours,2011-12-10
15175,72,1,224.14,2,Occasionnels en sommeil,-1.3155551178074714,-0.3952504069916857,Réactiver les clients,Tester une campagne de retour avec une offre ciblée,Taux de réactivation à 60 jours,2011-12-10
15178,261,1,40.5,2,Occasionnels en sommeil,-2.618228570265819,-0.17973634250191908,Réactiver les clients,Tester une campagne de retour avec une offre ciblée,Taux de réactivation à 60 jours,2011-12-10
15179,19,5,2206.95,1,Acheteurs réguliers,1.268109080962678,0.01565483339162917,Entretenir la relation et développer les achats,Tester des recommandations adaptées à l'historique d'achat,Nombre de commandes par client sur 90 jours,2011-12-10
15180,368,1,87.5,2,Occasionnels en sommeil,-2.3933783530623742,0.31833984072940563,Réactiver les clients,Tester une campagne de retour avec une offre ciblée,Taux de réactivation à 60 jours,2011-12-10
15181,67,3,689.4799999999999,1,Acheteurs réguliers,-0.12945374993242398,0.2325322140548294,Entretenir la relation et développer les achats,Tester des recommandations adaptées à l'historique d'achat,Nombre de commandes par client sur 90 jours,2011-12-10
15182,155,2,622.85,2,Occasionnels en sommeil,-0.7632290546942803,0.6248518808960308,Réactiver les clients,Tester une campagne de retour avec une offre ciblée,Taux de réactivation à 60 jours,2011-12-10
15184,30,2,402.2,0,Occasionnels récents,-0.33683343034387536,-0.584255440763799,Encourager un achat supplémentaire,Tester une relance après achat avec des produits complémentaires,Taux de nouvel achat à 60 jours,2011-12-10
15185,71,1,310.62,2,Occasionnels en sommeil,-1.1560212131704757,-0.2859719722014227,Réactiver les clients,Tester une campagne de retour avec une offre ciblée,Taux de réactivation à 60 jours,2011-12-10
15186,15,2,411.41,0,Occasionnels récents,-0.06688517087238294,-1.0059570633201278,Encourager un achat supplémentaire,Tester une relance après achat avec des produits complémentaires,Taux de nouvel achat à 60 jours,2011-12-10
15187,2,16,4777.18,3,Champions,3.3197010664911826,-0.5366353552690519,Maintenir une relation durable,Tester des avantages de fidélité et un accès anticipé,Taux de réachat à 90 jours,2011-12-10
15189,2,41,16225.39,3,Champions,4.717437693037682,0.2555067545197093,Maintenir une relation durable,Tester des avantages de fidélité et un accès anticipé,Taux de réachat à 90 jours,2011-12-10
15192,120,3,1044.32,1,Acheteurs réguliers,-0.15870655098773137,0.7579709343652709,Entretenir la relation et développer les achats,Tester des recommandations adaptées à l'historique d'achat,Nombre de commandes par client sur 90 jours,2011-12-10
15193,61,1,499.32,2,Occasionnels en sommeil,-0.8729195526386079,-0.2109428641731023,Réactiver les clients,Tester une campagne de retour avec une offre ciblée,Taux de réactivation à 60 jours,2011-12-10
15194,4,15,7616.53,3,Champions,3.2857855091468102,-0.05822489269408187,Maintenir une relation durable,Tester des avantages de fidélité et un accès anticipé,Taux de réachat à 90 jours,2011-12-10
15195,3,1,3861.0,0,Occasionnels récents,1.1703834526354047,-1.249111253122958,Encourager un achat supplémentaire,Tester une relance après achat avec des produits complémentaires,Taux de nouvel achat à 60 jours,2011-12-10
15197,11,3,1079.6100000000001,0,Occasionnels récents,0.7628025818268493,-0.7320545238595274,Encourager un achat supplémentaire,Tester une relance après achat avec des produits complémentaires,Taux de nouvel achat à 60 jours,2011-12-10
15198,93,2,193.64,2,Occasionnels en sommeil,-1.1169468165972598,-0.12811054995872403,Réactiver les clients,Tester une campagne de retour avec une offre ciblée,Taux de réactivation à 60 jours,2011-12-10
15199,60,4,1268.7,1,Acheteurs réguliers,0.40377927927061036,0.4692157354961111,Entretenir la relation et développer les achats,Tester des recommandations adaptées à l'historique d'achat,Nombre de commandes par client sur 90 jours,2011-12-10
15201,88,5,1236.54,1,Acheteurs réguliers,0.4084527538321638,0.7754667522062114,Entretenir la relation et développer les achats,Tester des recommandations adaptées à l'historique d'achat,Nombre de commandes par client sur 90 jours,2011-12-10
15203,26,6,1827.8,1,Acheteurs réguliers,1.200574107928427,0.20140475431028376,Entretenir la relation et développer les achats,Tester des recommandations adaptées à l'historique d'achat,Nombre de commandes par client sur 90 jours,2011-12-10
15204,358,1,316.58,2,Occasionnels en sommeil,-1.7767778682242346,0.7652660558368294,Réactiver les clients,Tester une campagne de retour avec une offre ciblée,Taux de réactivation à 60 jours,2011-12-10
15205,86,2,653.24,2,Occasionnels en sommeil,-0.5117943146788906,0.26258044939852854,Réactiver les clients,Tester une campagne de retour avec une offre ciblée,Taux de réactivation à 60 jours,2011-12-10
15206,11,4,420.29999999999995,0,Occasionnels récents,0.518012173512117,-0.9889787512893593,Encourager un achat supplémentaire,Tester une relance après achat avec des produits complémentaires,Taux de nouvel achat à 60 jours,2011-12-10
15208,2,5,870.12,3,Champions,1.5707211633707738,-1.5558071729877971,Maintenir une relation durable,Tester des avantages de fidélité et un accès anticipé,Taux de réachat à 90 jours,2011-12-10
15210,226,1,331.18,2,Occasionnels en sommeil,-1.5758041563756249,0.48366828808980933,Réactiver les clients,Tester une campagne de retour avec une offre ciblée,Taux de réactivation à 60 jours,2011-12-10
15211,61,2,894.4100000000001,1,Acheteurs réguliers,-0.2302185463691706,0.1565236170420498,Entretenir la relation et développer les achats,Tester des recommandations adaptées à l'historique d'achat,Nombre de commandes par client sur 90 jours,2011-12-10
15212,242,1,101.8,2,Occasionnels en sommeil,-2.1586250765331543,0.10129162288489076,Réactiver les clients,Tester une campagne de retour avec une offre ciblée,Taux de réactivation à 60 jours,2011-12-10
15213,319,2,328.35,2,Occasionnels en sommeil,-1.3477166248166976,0.8594977897248075,Réactiver les clients,Tester une campagne de retour avec une offre ciblée,Taux de réactivation à 60 jours,2011-12-10
15214,2,8,1661.44,3,Champions,2.2438758035052055,-1.164977131921036,Maintenir une relation durable,Tester des avantages de fidélité et un accès anticipé,Taux de réachat à 90 jours,2011-12-10
15215,47,3,734.94,1,Acheteurs réguliers,0.037299780793331176,0.029322392447148262,Entretenir la relation et développer les achats,Tester des recommandations adaptées à l'historique d'achat,Nombre de commandes par client sur 90 jours,2011-12-10
15216,88,1,96.6,2,Occasionnels en sommeil,-1.7895460574998476,-0.5704790964142946,Réactiver les clients,Tester une campagne de retour avec une offre ciblée,Taux de réactivation à 60 jours,2011-12-10
15218,11,11,5756.89,3,Champions,2.549735042941165,0.29852753865684206,Maintenir une relation durable,Tester des avantages de fidélité et un accès anticipé,Taux de réachat à 90 jours,2011-12-10
15219,177,1,305.75,2,Occasionnels en sommeil,-1.5182564548288167,0.2966358746479039,Réactiver les clients,Tester une campagne de retour avec une offre ciblée,Taux de réactivation à 60 jours,2011-12-10
15220,52,6,1778.96,1,Acheteurs réguliers,0.9233822386901066,0.6299622695863085,Entretenir la relation et développer les achats,Tester des recommandations adaptées à l'historique d'achat,Nombre de commandes par client sur 90 jours,2011-12-10
15221,367,1,403.25,2,Occasionnels en sommeil,-1.6720692469006004,0.8691371388025395,Réactiver les clients,Tester une campagne de retour avec une offre ciblée,Taux de réactivation à 60 jours,2011-12-10
15222,319,1,585.0,2,Occasionnels en sommeil,-1.4412439886360615,0.9133488866085079,Réactiver les clients,Tester une campagne de retour avec une offre ciblée,Taux de réactivation à 60 jours,2011-12-10
15223,226,2,755.75,2,Occasionnels en sommeil,-0.8186807468806766,0.9389178784726693,Réactiver les clients,Tester une campagne de retour avec une offre ciblée,Taux de réactivation à 60 jours,2011-12-10
15224,359,2,322.08,2,Occasionnels en sommeil,-1.4029960810907691,0.9290663962539412,Réactiver les clients,Tester une campagne de retour avec une offre ciblée,Taux de réactivation à 60 jours,2011-12-10
15225,235,1,409.40000000000003,2,Occasionnels en sommeil,-1.4907830248211889,0.5858607109800441,Réactiver les clients,Tester une campagne de retour avec une offre ciblée,Taux de réactivation à 60 jours,2011-12-10
15226,311,1,154.41,2,Occasionnels en sommeil,-2.0606348345080643,0.4140917171528075,Réactiver les clients,Tester une campagne de retour avec une offre ciblée,Taux de réactivation à 60 jours,2011-12-10
15227,37,5,1219.4,1,Acheteurs réguliers,0.7354146136476859,0.21720025338378385,Entretenir la relation et développer les achats,Tester des recommandations adaptées à l'historique d'achat,Nombre de commandes par client sur 90 jours,2011-12-10
15228,67,4,3386.71,1,Acheteurs réguliers,0.826515801630537,0.8968125730591283,Entretenir la relation et développer les achats,Tester des recommandations adaptées à l'historique d'achat,Nombre de commandes par client sur 90 jours,2011-12-10
15230,240,2,429.6,2,Occasionnels en sommeil,-1.1094880716896658,0.7727123581043226,Réactiver les clients,Tester une campagne de retour avec une offre ciblée,Taux de réactivation à 60 jours,2011-12-10
15232,114,2,612.06,2,Occasionnels en sommeil,-0.6519846594891244,0.4203010179841864,Réactiver les clients,Tester une campagne de retour avec une offre ciblée,Taux de réactivation à 60 jours,2011-12-10
15234,277,1,197.0,2,Occasionnels en sommeil,-1.9005713140666607,0.4271944655108107,Réactiver les clients,Tester une campagne de retour avec une offre ciblée,Taux de réactivation à 60 jours,2011-12-10
15235,218,12,2247.51,1,Acheteurs réguliers,1.0379816824841832,1.874972898130241,Entretenir la relation et développer les achats,Tester des recommandations adaptées à l'historique d'achat,Nombre de commandes par client sur 90 jours,2011-12-10
15236,299,1,321.05,2,Occasionnels en sommeil,-1.699778822287041,0.6536471643437697,Réactiver les clients,Tester une campagne de retour avec une offre ciblée,Taux de réactivation à 60 jours,2011-12-10
15237,2,4,1412.32,3,Champions,1.6352651727741399,-1.4498109364231728,Maintenir une relation durable,Tester des avantages de fidélité et un accès anticipé,Taux de réachat à 90 jours,2011-12-10
15238,30,3,1071.99,1,Acheteurs réguliers,0.3874488719005599,-0.11771454207255432,Entretenir la relation et développer les achats,Tester des recommandations adaptées à l'historique d'achat,Nombre de commandes par client sur 90 jours,2011-12-10
15239,11,2,780.59,0,Occasionnels récents,0.3490023500356896,-0.9603983499766205,Encourager un achat supplémentaire,Tester une relance après achat avec des produits complémentaires,Taux de nouvel achat à 60 jours,2011-12-10
15240,45,5,1706.57,1,Acheteurs réguliers,0.8197920675732083,0.4635725111513171,Entretenir la relation et développer les achats,Tester des recommandations adaptées à l'historique d'achat,Nombre de commandes par client sur 90 jours,2011-12-10
15241,67,8,1756.44,1,Acheteurs réguliers,1.0469695391952902,0.8838583748057011,Entretenir la relation et développer les achats,Tester des recommandations adaptées à l'historique d'achat,Nombre de commandes par client sur 90 jours,2011-12-10
15243,75,1,316.68,2,Occasionnels en sommeil,-1.1680810840534133,-0.24382157534043372,Réactiver les clients,Tester une campagne de retour avec une offre ciblée,Taux de réactivation à 60 jours,2011-12-10
15244,66,2,631.57,1,Acheteurs réguliers,-0.425380080473563,0.08053450188670885,Entretenir la relation et développer les achats,Tester des recommandations adaptées à l'historique d'achat,Nombre de commandes par client sur 90 jours,2011-12-10
15245,135,3,2515.84,1,Acheteurs réguliers,0.21211256165489364,1.1535623960970587,Entretenir la relation et développer les achats,Tester des recommandations adaptées à l'historique d'achat,Nombre de commandes par client sur 90 jours,2011-12-10
15246,239,2,514.15,2,Occasionnels en sommeil,-1.0228537571877645,0.8352237880535158,Réactiver les clients,Tester une campagne de retour avec une offre ciblée,Taux de réactivation à 60 jours,2011-12-10
15247,123,1,356.0,2,Occasionnels en sommeil,-1.304633842466753,0.11683832520865786,Réactiver les clients,Tester une campagne de retour avec une offre ciblée,Taux de réactivation à 60 jours,2011-12-10
15249,32,13,6688.46,3,Champions,2.3637602075867363,1.0698427852015397,Maintenir une relation durable,Tester des avantages de fidélité et un accès anticipé,Taux de réachat à 90 jours,2011-12-10
15251,10,11,10484.99,3,Champions,2.8680767358570067,0.46003132937916547,Maintenir une relation durable,Tester des avantages de fidélité et un accès anticipé,Taux de réachat à 90 jours,2011-12-10
15252,37,2,740.78,0,Occasionnels récents,-0.12758529861257836,-0.2301588107653456,Encourager un achat supplémentaire,Tester une relance après achat avec des produits complémentaires,Taux de nouvel achat à 60 jours,2011-12-10
15253,17,5,918.1999999999999,1,Acheteurs réguliers,0.8939023531765407,-0.37159869055068634,Entretenir la relation et développer les achats,Tester des recommandations adaptées à l'historique d'achat,Nombre de commandes par client sur 90 jours,2011-12-10
15254,128,1,300.36,2,Occasionnels en sommeil,-1.4004632105909365,0.08090208732031945,Réactiver les clients,Tester une campagne de retour avec une offre ciblée,Taux de réactivation à 60 jours,2011-12-10
15255,67,1,890.85,2,Occasionnels en sommeil,-0.6350446156056976,0.059371877337052716,Réactiver les clients,Tester une campagne de retour avec une offre ciblée,Taux de réactivation à 60 jours,2011-12-10
15256,149,1,98.45,2,Occasionnels en sommeil,-1.9852436560354279,-0.22434282613825873,Réactiver les clients,Tester une campagne de retour avec une offre ciblée,Taux de réactivation à 60 jours,2011-12-10
15257,284,1,317.15,2,Occasionnels en sommeil,-1.6854510222514096,0.6158739031118906,Réactiver les clients,Tester une campagne de retour avec une offre ciblée,Taux de réactivation à 60 jours,2011-12-10
15258,169,2,623.16,2,Occasionnels en sommeil,-0.7966792039222459,0.6808962392764135,Réactiver les clients,Tester une campagne de retour avec une offre ciblée,Taux de réactivation à 60 jours,2011-12-10
15260,101,7,1810.77,1,Acheteurs réguliers,0.7959495875174746,1.113248183510519,Entretenir la relation et développer les achats,Tester des recommandations adaptées à l'historique d'achat,Nombre de commandes par client sur 90 jours,2011-12-10
15261,136,1,254.82,2,Occasionnels en sommeil,-1.5017270292620437,0.06041718700676505,Réactiver les clients,Tester une campagne de retour avec une offre ciblée,Taux de réactivation à 60 jours,2011-12-10
15262,324,1,178.95000000000002,2,Occasionnels en sommeil,-2.0071193830603193,0.4939580512987162,Réactiver les clients,Tester une campagne de retour avec une offre ciblée,Taux de réactivation à 60 jours,2011-12-10
15263,107,1,156.51,2,Occasionnels en sommeil,-1.6384549883539175,-0.2706057932801187,Réactiver les clients,Tester une campagne de retour avec une offre ciblée,Taux de réactivation à 60 jours,2011-12-10
15264,65,1,393.74,2,Occasionnels en sommeil,-1.0098076440343253,-0.2565222325621361,Réactiver les clients,Tester une campagne de retour avec une offre ciblée,Taux de réactivation à 60 jours,2011-12-10
15265,152,2,1506.1200000000001,1,Acheteurs réguliers,-0.33739774300497233,0.9330820436162186,Entretenir la relation et développer les achats,Tester des recommandations adaptées à l'historique d'achat,Nombre de commandes par client sur 90 jours,2011-12-10
15266,339,1,119.3,2,Occasionnels en sommeil,-2.2157394792223633,0.376804616334838,Réactiver les clients,Tester une campagne de retour avec une offre ciblée,Taux de réactivation à 60 jours,2011-12-10
15267,23,5,1717.36,1,Acheteurs réguliers,1.0777808280486971,0.042973850112859424,Entretenir la relation et développer les achats,Tester des recommandations adaptées à l'historique d'achat,Nombre de commandes par client sur 90 jours,2011-12-10
15269,24,1,408.8,0,Occasionnels récents,-0.6115514425545644,-0.8739207439977547,Encourager un achat supplémentaire,Tester une relance après achat avec des produits complémentaires,Taux de nouvel achat à 60 jours,2011-12-10
15270,16,7,2379.49,3,Champions,1.6276849017935286,0.0478892620539827,Maintenir une relation durable,Tester des avantages de fidélité et un accès anticipé,Taux de réachat à 90 jours,2011-12-10
15271,8,15,2493.34,3,Champions,2.5260465721656753,-0.08226704477698346,Maintenir une relation durable,Tester des avantages de fidélité et un accès anticipé,Taux de réachat à 90 jours,2011-12-10
15272,58,2,721.94,1,Acheteurs réguliers,-0.31222525796627576,0.04645674837482454,Entretenir la relation et développer les achats,Tester des recommandations adaptées à l'historique d'achat,Nombre de commandes par client sur 90 jours,2011-12-10
15274,5,2,716.57,0,Occasionnels récents,0.5801653620150297,-1.4420393974005852,Encourager un achat supplémentaire,Tester une relance après achat avec des produits complémentaires,Taux de nouvel achat à 60 jours,2011-12-10
15275,38,1,615.14,0,Occasionnels récents,-0.5924890761985142,-0.4365266936110731,Encourager un achat supplémentaire,Tester une relance après achat avec des produits complémentaires,Taux de nouvel achat à 60 jours,2011-12-10
15276,67,1,128.63,2,Occasionnels en sommeil,-1.5494929098762829,-0.6421787996398308,Réactiver les clients,Tester une campagne de retour avec une offre ciblée,Taux de réactivation à 60 jours,2011-12-10
15277,47,1,255.89999999999998,0,Occasionnels récents,-1.0886533255236477,-0.6197703207880342,Encourager un achat supplémentaire,Tester une relance après achat avec des produits complémentaires,Taux de nouvel achat à 60 jours,2011-12-10
15279,355,1,290.51,2,Occasionnels en sommeil,-1.8141020585444478,0.7286534318149259,Réactiver les clients,Tester une campagne de retour avec une offre ciblée,Taux de réactivation à 60 jours,2011-12-10
15280,173,1,113.12,2,Occasionnels en sommeil,-1.978177216931482,-0.07781636562754245,Réactiver les clients,Tester une campagne de retour avec une offre ciblée,Taux de réactivation à 60 jours,2011-12-10
15281,59,9,2332.15,1,Acheteurs réguliers,1.3256785204670287,0.9460467962577506,Entretenir la relation et développer les achats,Tester des recommandations adaptées à l'historique d'achat,Nombre de commandes par client sur 90 jours,2011-12-10
15286,50,1,240.55,2,Occasionnels en sommeil,-1.1416279982777728,-0.6027749088571056,Réactiver les clients,Tester une campagne de retour avec une offre ciblée,Taux de réactivation à 60 jours,2011-12-10
15287,23,2,486.69,0,Occasionnels récents,-0.14631331328583752,-0.6814111568333607,Encourager un achat supplémentaire,Tester une relance après achat avec des produits complémentaires,Taux de nouvel achat à 60 jours,2011-12-10
15288,44,5,2306.52,1,Acheteurs réguliers,0.9711737717793681,0.5588145410504396,Entretenir la relation et développer les achats,Tester des recommandations adaptées à l'historique d'achat,Nombre de commandes par client sur 90 jours,2011-12-10
15289,30,3,939.78,1,Acheteurs réguliers,0.3251007340254923,-0.1655470752059793,Entretenir la relation et développer les achats,Tester des recommandations adaptées à l'historique d'achat,Nombre de commandes par client sur 90 jours,2011-12-10
15290,5,18,7943.22,3,Champions,3.389667335001713,0.14157228026170882,Maintenir une relation durable,Tester des avantages de fidélité et un accès anticipé,Taux de réachat à 90 jours,2011-12-10
15291,26,15,4668.3,3,Champions,2.392721917836422,0.8599160435287465,Maintenir une relation durable,Tester des avantages de fidélité et un accès anticipé,Taux de réachat à 90 jours,2011-12-10
15292,202,1,178.39,2,Occasionnels en sommeil,-1.8241349230588357,0.18691595293351324,Réactiver les clients,Tester une campagne de retour avec une offre ciblée,Taux de réactivation à 60 jours,2011-12-10
15296,51,6,3672.86,1,Acheteurs réguliers,1.2744405789874753,0.881179418852526,Entretenir la relation et développer les achats,Tester des recommandations adaptées à l'historique d'achat,Nombre de commandes par client sur 90 jours,2011-12-10
15297,11,3,641.94,0,Occasionnels récents,0.5166109321221368,-0.9209289737311461,Encourager un achat supplémentaire,Tester une relance après achat avec des produits complémentaires,Taux de nouvel achat à 60 jours,2011-12-10
15298,3,12,4799.9,3,Champions,2.966554779085605,-0.450957887247763,Maintenir une relation durable,Tester des avantages de fidélité et un accès anticipé,Taux de réachat à 90 jours,2011-12-10
15299,68,7,4507.01,1,Acheteurs réguliers,1.3813625348873932,1.1907653474386133,Entretenir la relation et développer les achats,Tester des recommandations adaptées à l'historique d'achat,Nombre de commandes par client sur 90 jours,2011-12-10
15300,65,1,496.44,2,Occasionnels en sommeil,-0.9001620498342061,-0.17240381786272058,Réactiver les clients,Tester une campagne de retour avec une offre ciblée,Taux de réactivation à 60 jours,2011-12-10
15301,51,12,5049.95,3,Champions,1.985279866904261,1.234760152004683,Maintenir une relation durable,Tester des avantages de fidélité et un accès anticipé,Taux de réachat à 90 jours,2011-12-10
15303,291,1,574.02,2,Occasionnels en sommeil,-1.4143221170481697,0.8469485839891203,Réactiver les clients,Tester une campagne de retour avec une offre ciblée,Taux de réactivation à 60 jours,2011-12-10
15304,61,8,694.4000000000001,1,Acheteurs réguliers,0.6435808274877864,0.48656400918833387,Entretenir la relation et développer les achats,Tester des recommandations adaptées à l'historique d'achat,Nombre de commandes par client sur 90 jours,2011-12-10
15306,65,3,1174.35,1,Acheteurs réguliers,0.1344628629734858,0.4066233089582811,Entretenir la relation et développer les achats,Tester des recommandations adaptées à l'historique d'achat,Nombre de commandes par client sur 90 jours,2011-12-10
15307,96,1,205.3,2,Occasionnels en sommeil,-1.4684056518478383,-0.2422726495281067,Réactiver les clients,Tester une campagne de retour avec une offre ciblée,Taux de réactivation à 60 jours,2011-12-10
15308,275,1,310.47,2,Occasionnels en sommeil,-1.6829351895995843,0.5872971537488114,Réactiver les clients,Tester une campagne de retour avec une offre ciblée,Taux de réactivation à 60 jours,2011-12-10
15311,1,91,60632.75,3,Champions,6.210602047087281,0.7726553523390788,Maintenir une relation durable,Tester des avantages de fidélité et un accès anticipé,Taux de réachat à 90 jours,2011-12-10
15312,76,4,924.85,1,Acheteurs réguliers,0.16273305343039857,0.5057404143855363,Entretenir la relation et développer les achats,Tester des recommandations adaptées à l'historique d'achat,Nombre de commandes par client sur 90 jours,2011-12-10
15313,111,1,52.0,2,Occasionnels en sommeil,-2.1691500974202835,-0.6431716421298823,Réactiver les clients,Tester une campagne de retour avec une offre ciblée,Taux de réactivation à 60 jours,2011-12-10
15314,200,1,327.97,2,Occasionnels en sommeil,-1.5327287347233816,0.4010652004351719,Réactiver les clients,Tester une campagne de retour avec une offre ciblée,Taux de réactivation à 60 jours,2011-12-10
15315,65,2,570.5,2,Occasionnels en sommeil,-0.4676244241042233,0.033828547856802414,Réactiver les clients,Tester une campagne de retour avec une offre ciblée,Taux de réactivation à 60 jours,2011-12-10
15316,327,1,165.0,2,Occasionnels en sommeil,-2.0489804383802226,0.47057847195611663,Réactiver les clients,Tester une campagne de retour avec une offre ciblée,Taux de réactivation à 60 jours,2011-12-10
15318,4,1,312.62,0,Occasionnels récents,-0.10755015083335005,-2.0173762433774436,Encourager un achat supplémentaire,Tester une relance après achat avec des produits complémentaires,Taux de nouvel achat à 60 jours,2011-12-10
15319,284,1,204.5,2,Occasionnels en sommeil,-1.892690167417254,0.45688321605158067,Réactiver les clients,Tester une campagne de retour avec une offre ciblée,Taux de réactivation à 60 jours,2011-12-10
15320,45,1,267.13,0,Occasionnels récents,-1.0516853671636197,-0.6318711557351252,Encourager un achat supplémentaire,Tester une relance après achat avec des produits complémentaires,Taux de nouvel achat à 60 jours,2011-12-10
15321,71,3,2748.31,1,Acheteurs réguliers,0.5032815433789132,0.7722983955061663,Entretenir la relation et développer les achats,Tester des recommandations adaptées à l'historique d'achat,Nombre de commandes par client sur 90 jours,2011-12-10
15322,86,1,679.68,2,Occasionnels en sommeil,-0.8597403477155717,0.12124545348368744,Réactiver les clients,Tester une campagne de retour avec une offre ciblée,Taux de réactivation à 60 jours,2011-12-10
15325,104,1,161.74,2,Occasionnels en sommeil,-1.6119252374205821,-0.2770350650432224,Réactiver les clients,Tester une campagne de retour avec une offre ciblée,Taux de réactivation à 60 jours,2011-12-10
15326,334,1,311.71,2,Occasionnels en sommeil,-1.7569849153835302,0.7146691355406821,Réactiver les clients,Tester une campagne de retour avec une offre ciblée,Taux de réactivation à 60 jours,2011-12-10
15327,53,1,208.75,2,Occasionnels en sommeil,-1.2309624127833518,-0.6169695095706309,Réactiver les clients,Tester une campagne de retour avec une offre ciblée,Taux de réactivation à 60 jours,2011-12-10
15329,40,3,1049.7,1,Acheteurs réguliers,0.26791017486393587,0.0563828644507096,Entretenir la relation et développer les achats,Tester des recommandations adaptées à l'historique d'achat,Nombre de commandes par client sur 90 jours,2011-12-10
15330,33,2,714.96,0,Occasionnels récents,-0.10078798407181194,-0.3153442564474589,Encourager un achat supplémentaire,Tester une relance après achat avec des produits complémentaires,Taux de nouvel achat à 60 jours,2011-12-10
15332,367,4,1661.06,1,Acheteurs réguliers,-0.17297144534451014,1.7353759388532388,Entretenir la relation et développer les achats,Tester des recommandations adaptées à l'historique d'achat,Nombre de commandes par client sur 90 jours,2011-12-10
15333,209,1,1028.56,2,Occasionnels en sommeil,-1.0089324347804318,0.8445575030047673,Réactiver les clients,Tester une campagne de retour avec une offre ciblée,Taux de réactivation à 60 jours,2011-12-10
15334,157,3,350.82,2,Occasionnels en sommeil,-0.7796098725068376,0.5352786063793508,Réactiver les clients,Tester une campagne de retour avec une offre ciblée,Taux de réactivation à 60 jours,2011-12-10
15335,54,1,170.22,2,Occasionnels en sommeil,-1.334390902477473,-0.6788734469910839,Réactiver les clients,Tester une campagne de retour avec une offre ciblée,Taux de réactivation à 60 jours,2011-12-10
15339,67,2,574.07,2,Occasionnels en sommeil,-0.4763728330898485,0.05549857725622033,Réactiver les clients,Tester une campagne de retour avec une offre ciblée,Taux de réactivation à 60 jours,2011-12-10
15341,81,1,2020.52,1,Acheteurs réguliers,-0.3204247917210881,0.4787282826401061,Entretenir la relation et développer les achats,Tester des recommandations adaptées à l'historique d'achat,Nombre de commandes par client sur 90 jours,2011-12-10
15342,130,1,406.09,2,Occasionnels en sommeil,-1.2639035127721927,0.20029526923064597,Réactiver les clients,Tester une campagne de retour avec une offre ciblée,Taux de réactivation à 60 jours,2011-12-10
15343,88,1,364.5,2,Occasionnels en sommeil,-1.1634863849965416,-0.09017573773947671,Réactiver les clients,Tester une campagne de retour avec une offre ciblée,Taux de réactivation à 60 jours,2011-12-10
15344,1,3,563.94,0,Occasionnels récents,1.157580414190396,-2.132640509729098,Encourager un achat supplémentaire,Tester une relance après achat avec des produits complémentaires,Taux de nouvel achat à 60 jours,2011-12-10
15345,46,1,393.54,0,Occasionnels récents,-0.8769758773307582,-0.4773904379790773,Encourager un achat supplémentaire,Tester une relance après achat avec des produits complémentaires,Taux de nouvel achat à 60 jours,2011-12-10
15346,333,1,252.42000000000002,2,Occasionnels en sommeil,-1.8554923516924993,0.6362535435163256,Réactiver les clients,Tester une campagne de retour avec une offre ciblée,Taux de réactivation à 60 jours,2011-12-10
15347,367,1,201.60000000000002,2,Occasionnels en sommeil,-1.9996106256056132,0.6178524271264854,Réactiver les clients,Tester une campagne de retour avec une offre ciblée,Taux de réactivation à 60 jours,2011-12-10
15348,73,1,158.04,2,Occasionnels en sommeil,-1.4856859850046984,-0.5128370894384656,Réactiver les clients,Tester une campagne de retour avec une offre ciblée,Taux de réactivation à 60 jours,2011-12-10
15349,159,2,463.90999999999997,2,Occasionnels en sommeil,-0.9125833907366576,0.5343395618264807,Réactiver les clients,Tester une campagne de retour avec une offre ciblée,Taux de réactivation à 60 jours,2011-12-10
15350,374,1,115.65,2,Occasionnels en sommeil,-2.2687523411688018,0.42928545479727115,Réactiver les clients,Tester une campagne de retour avec une offre ciblée,Taux de réactivation à 60 jours,2011-12-10
15351,13,7,1934.66,3,Champions,1.6057043308234675,-0.1535610234555016,Maintenir une relation durable,Tester des avantages de fidélité et un accès anticipé,Taux de réachat à 90 jours,2011-12-10
15353,255,2,770.12,2,Occasionnels en sommeil,-0.8568854551047621,1.0239098899777772,Réactiver les clients,Tester une campagne de retour avec une offre ciblée,Taux de réactivation à 60 jours,2011-12-10
15355,30,2,277.05,0,Occasionnels récents,-0.5130418792645921,-0.7194398545834791,Encourager un achat supplémentaire,Tester une relance après achat avec des produits complémentaires,Taux de nouvel achat à 60 jours,2011-12-10
15356,32,10,2718.03,3,Champions,1.718780980012088,0.649731145569105,Maintenir une relation durable,Tester des avantages de fidélité et un accès anticipé,Taux de réachat à 90 jours,2011-12-10
15358,5,22,8347.2,3,Champions,3.585989349391459,0.23300295275638808,Maintenir une relation durable,Tester des avantages de fidélité et un accès anticipé,Taux de réachat à 90 jours,2011-12-10
15360,40,1,427.93,0,Occasionnels récents,-0.7838181298224588,-0.5357657217532698,Encourager un achat supplémentaire,Tester une relance après achat avec des produits complémentaires,Taux de nouvel achat à 60 jours,2011-12-10
15361,362,1,418.92,2,Occasionnels en sommeil,-1.6486750517784987,0.8740789191413619,Réactiver les clients,Tester une campagne de retour avec une offre ciblée,Taux de réactivation à 60 jours,2011-12-10
15363,373,1,326.0,2,Occasionnels en sommeil,-1.7789624450227786,0.8025061077809804,Réactiver les clients,Tester une campagne de retour avec une offre ciblée,Taux de réactivation à 60 jours,2011-12-10
15364,96,2,913.19,1,Acheteurs réguliers,-0.3958073875568727,0.45500440084128907,Entretenir la relation et développer les achats,Tester des recommandations adaptées à l'historique d'achat,Nombre de commandes par client sur 90 jours,2011-12-10
15365,26,7,2314.32,1,Acheteurs réguliers,1.433194955072763,0.33850290978210684,Entretenir la relation et développer les achats,Tester des recommandations adaptées à l'historique d'achat,Nombre de commandes par client sur 90 jours,2011-12-10
15366,76,2,602.51,2,Occasionnels en sommeil,-0.502204621964841,0.15385258974696187,Réactiver les clients,Tester une campagne de retour avec une offre ciblée,Taux de réactivation à 60 jours,2011-12-10
15367,58,4,1877.59,1,Acheteurs réguliers,0.6025888374921998,0.5900459220719078,Entretenir la relation et développer les achats,Tester des recommandations adaptées à l'historique d'achat,Nombre de commandes par client sur 90 jours,2011-12-10
15368,22,1,446.94000000000005,0,Occasionnels récents,-0.5366750149952176,-0.8957488862877253,Encourager un achat supplémentaire,Tester une relance après achat avec des produits complémentaires,Taux de nouvel achat à 60 jours,2011-12-10
15370,41,7,2386.05,1,Acheteurs réguliers,1.2744821349077222,0.6367981124825259,Entretenir la relation et développer les achats,Tester des recommandations adaptées à l'historique d'achat,Nombre de commandes par client sur 90 jours,2011-12-10
15372,138,1,2007.3999999999999,1,Acheteurs réguliers,-0.5303690466913796,0.8194068286437205,Entretenir la relation et développer les achats,Tester des recommandations adaptées à l'historique d'achat,Nombre de commandes par client sur 90 jours,2011-12-10
15373,9,12,2415.91,3,Champions,2.2819944144251125,-0.105010290980569,Maintenir une relation durable,Tester des avantages de fidélité et un accès anticipé,Taux de réachat à 90 jours,2011-12-10
15374,129,1,168.0,2,Occasionnels en sommeil,-1.677740354902069,-0.12447920746105195,Réactiver les clients,Tester une campagne de retour avec une offre ciblée,Taux de réactivation à 60 jours,2011-12-10
15376,41,3,1221.56,1,Acheteurs réguliers,0.3302938533276617,0.12715257919586587,Entretenir la relation et développer les achats,Tester des recommandations adaptées à l'historique d'achat,Nombre de commandes par client sur 90 jours,2011-12-10
15379,170,7,3703.29,1,Acheteurs réguliers,0.9325338769284494,1.7092594412862707,Entretenir la relation et développer les achats,Tester des recommandations adaptées à l'historique d'achat,Nombre de commandes par client sur 90 jours,2011-12-10
15380,9,5,1690.2600000000002,3,Champions,1.413389258457008,-0.5318742046941929,Maintenir une relation durable,Tester des avantages de fidélité et un accès anticipé,Taux de réachat à 90 jours,2011-12-10
15381,214,2,596.85,2,Occasionnels en sommeil,-0.90914619327234,0.8178789291291864,Réactiver les clients,Tester une campagne de retour avec une offre ciblée,Taux de réactivation à 60 jours,2011-12-10
15382,15,6,5955.71,3,Champions,1.9655662409353036,0.29083484902149914,Maintenir une relation durable,Tester des avantages de fidélité et un accès anticipé,Taux de réachat à 90 jours,2011-12-10
15384,170,2,642.41,2,Occasionnels en sommeil,-0.7845756362710248,0.6957579702359107,Réactiver les clients,Tester une campagne de retour avec une offre ciblée,Taux de réactivation à 60 jours,2011-12-10
15385,41,1,316.88,0,Occasionnels récents,-0.935327437824159,-0.6290914188488896,Encourager un achat supplémentaire,Tester une relance après achat avec des produits complémentaires,Taux de nouvel achat à 60 jours,2011-12-10
15386,187,1,394.14,2,Occasionnels en sommeil,-1.4196225696001026,0.4242708746096105,Réactiver les clients,Tester une campagne de retour avec une offre ciblée,Taux de réactivation à 60 jours,2011-12-10
15388,271,1,140.54,2,Occasionnels en sommeil,-2.0511834011633434,0.29090348087623663,Réactiver les clients,Tester une campagne de retour avec une offre ciblée,Taux de réactivation à 60 jours,2011-12-10
15389,173,1,500.0,2,Occasionnels en sommeil,-1.276743762922906,0.46031259977937455,Réactiver les clients,Tester une campagne de retour avec une offre ciblée,Taux de réactivation à 60 jours,2011-12-10
15392,5,4,1535.53,3,Champions,1.4032132652423281,-0.9688518360054039,Maintenir une relation durable,Tester des avantages de fidélité et un accès anticipé,Taux de réachat à 90 jours,2011-12-10
15393,17,2,231.86,0,Occasionnels récents,-0.38406478646916875,-1.1373142338134798,Encourager un achat supplémentaire,Tester une relance après achat avec des produits complémentaires,Taux de nouvel achat à 60 jours,2011-12-10
15394,10,4,2183.54,1,Acheteurs réguliers,1.3324768948426842,-0.44685699820777475,Entretenir la relation et développer les achats,Tester des recommandations adaptées à l'historique d'achat,Nombre de commandes par client sur 90 jours,2011-12-10
15395,326,1,107.45,2,Occasionnels en sommeil,-2.2496277305291144,0.31374200291962523,Réactiver les clients,Tester une campagne de retour avec une offre ciblée,Taux de réactivation à 60 jours,2011-12-10
15396,113,1,288.18,2,Occasionnels en sommeil,-1.371573464932082,-0.014455845829466716,Réactiver les clients,Tester une campagne de retour avec une offre ciblée,Taux de réactivation à 60 jours,2011-12-10
15397,290,1,94.0,2,Occasionnels en sommeil,-2.2666941735195496,0.18976037975063606,Réactiver les clients,Tester une campagne de retour avec une offre ciblée,Taux de réactivation à 60 jours,2011-12-10
15398,17,2,1345.53,0,Occasionnels récents,0.44799321243139373,-0.49897212516715495,Encourager un achat supplémentaire,Tester une relance après achat avec des produits complémentaires,Taux de nouvel achat à 60 jours,2011-12-10
15399,2,3,815.77,0,Occasionnels récents,1.173444658834306,-1.7349877484647604,Encourager un achat supplémentaire,Tester une relance après achat avec des produits complémentaires,Taux de nouvel achat à 60 jours,2011-12-10
15400,93,5,716.2,1,Acheteurs réguliers,0.12836894347325967,0.6125553567213088,Entretenir la relation et développer les achats,Tester des recommandations adaptées à l'historique d'achat,Nombre de commandes par client sur 90 jours,2011-12-10
15402,149,2,626.77,2,Occasionnels en sommeil,-0.7448862210533762,0.6016364816521425,Réactiver les clients,Tester une campagne de retour avec une offre ciblée,Taux de réactivation à 60 jours,2011-12-10
15405,190,1,349.1,2,Occasionnels en sommeil,-1.4832098234988191,0.390538929826744,Réactiver les clients,Tester une campagne de retour avec une offre ciblée,Taux de réactivation à 60 jours,2011-12-10
15406,32,2,510.71000000000004,0,Occasionnels récents,-0.24833721747653523,-0.45692343491068793,Encourager un achat supplémentaire,Tester une relance après achat avec des produits complémentaires,Taux de nouvel achat à 60 jours,2011-12-10
15407,34,4,1046.74,1,Acheteurs réguliers,0.5304160253718984,0.03822251828957126,Entretenir la relation et développer les achats,Tester des recommandations adaptées à l'historique d'achat,Nombre de commandes par client sur 90 jours,2011-12-10
15408,265,1,267.18,2,Occasionnels en sommeil,-1.7394239033432912,0.5088741470366571,Réactiver les clients,Tester une campagne de retour avec une offre ciblée,Taux de réactivation à 60 jours,2011-12-10
15410,85,8,3450.84,1,Acheteurs réguliers,1.2749958354259336,1.2820622802284456,Entretenir la relation et développer les achats,Tester des recommandations adaptées à l'historique d'achat,Nombre de commandes par client sur 90 jours,2011-12-10
15411,27,4,1348.93,1,Acheteurs réguliers,0.7380358993833344,-0.014640734772726725,Entretenir la relation et développer les achats,Tester des recommandations adaptées à l'historique d'achat,Nombre de commandes par client sur 90 jours,2011-12-10
15412,172,1,190.53,2,Occasionnels en sommeil,-1.7304071510978236,0.10678937751835837,Réactiver les clients,Tester une campagne de retour avec une offre ciblée,Taux de réactivation à 60 jours,2011-12-10
15414,10,3,774.9000000000001,0,Occasionnels récents,0.6398422714406816,-0.9091108475882133,Encourager un achat supplémentaire,Tester une relance après achat avec des produits complémentaires,Taux de nouvel achat à 60 jours,2011-12-10
15415,314,1,559.61,2,Occasionnels en sommeil,-1.4560733752765433,0.8869998022736733,Réactiver les clients,Tester une campagne de retour avec une offre ciblée,Taux de réactivation à 60 jours,2011-12-10
15416,65,4,3984.32,1,Acheteurs réguliers,0.9152485755527552,0.936505319139096,Entretenir la relation et développer les achats,Tester des recommandations adaptées à l'historique d'achat,Nombre de commandes par client sur 90 jours,2011-12-10
15417,86,1,508.8,2,Occasionnels en sommeil,-0.9968041084921788,0.016092242783538883,Réactiver les clients,Tester une campagne de retour avec une offre ciblée,Taux de réactivation à 60 jours,2011-12-10
15419,25,1,135.86,0,Occasionnels récents,-1.1469274343423408,-1.247365237270549,Encourager un achat supplémentaire,Tester une relance après achat avec des produits complémentaires,Taux de nouvel achat à 60 jours,2011-12-10
15421,59,4,950.36,1,Acheteurs réguliers,0.27339836784599103,0.3534748407998041,Entretenir la relation et développer les achats,Tester des recommandations adaptées à l'historique d'achat,Nombre de commandes par client sur 90 jours,2011-12-10
15422,324,2,97.7,2,Occasionnels en sommeil,-1.9251590078466403,0.43123293853271255,Réactiver les clients,Tester une campagne de retour avec une offre ciblée,Taux de réactivation à 60 jours,2011-12-10
15423,39,1,43.5,2,Occasionnels en sommeil,-1.8484663410195665,-1.3760231156714675,Réactiver les clients,Tester une campagne de retour avec une offre ciblée,Taux de réactivation à 60 jours,2011-12-10
15424,255,2,383.34,2,Occasionnels en sommeil,-1.1870424802932689,0.7706184945201202,Réactiver les clients,Tester une campagne de retour avec une offre ciblée,Taux de réactivation à 60 jours,2011-12-10
15426,20,5,1404.07,1,Acheteurs réguliers,1.0346813036266915,-0.11704180521568336,Entretenir la relation et développer les achats,Tester des recommandations adaptées à l'historique d'achat,Nombre de commandes par client sur 90 jours,2011-12-10
15427,34,3,1430.54,1,Acheteurs réguliers,0.47657832579188675,0.06604385103360316,Entretenir la relation et développer les achats,Tester des recommandations adaptées à l'historique d'achat,Nombre de commandes par client sur 90 jours,2011-12-10
15428,16,1,93.78,0,Occasionnels récents,-1.1545936761272764,-1.6571896916372,Encourager un achat supplémentaire,Tester une relance après achat avec des produits complémentaires,Taux de nouvel achat à 60 jours,2011-12-10
15429,27,2,397.35,0,Occasionnels récents,-0.3026770296925535,-0.6548175586500184,Encourager un achat supplémentaire,Tester une relance après achat avec des produits complémentaires,Taux de nouvel achat à 60 jours,2011-12-10
15432,24,1,171.19,0,Occasionnels récents,-1.022671269751952,-1.1893255568188092,Encourager un achat supplémentaire,Tester une relance après achat avec des produits complémentaires,Taux de nouvel achat à 60 jours,2011-12-10
15433,214,2,533.3,2,Occasionnels en sommeil,-0.9624320844669336,0.7769988123690557,Réactiver les clients,Tester une campagne de retour avec une offre ciblée,Taux de réactivation à 60 jours,2011-12-10
15434,9,5,1041.48,1,Acheteurs réguliers,1.1839626490091573,-0.7078867733468982,Entretenir la relation et développer les achats,Tester des recommandations adaptées à l'historique d'achat,Nombre de commandes par client sur 90 jours,2011-12-10
15435,23,1,149.29,0,Occasionnels récents,-1.0711700026729876,-1.2653431416142442,Encourager un achat supplémentaire,Tester une relance après achat avec des produits complémentaires,Taux de nouvel achat à 60 jours,2011-12-10
15436,13,3,1067.75,0,Occasionnels récents,0.6971495313244268,-0.6358690969496171,Encourager un achat supplémentaire,Tester une relance après achat avec des produits complémentaires,Taux de nouvel achat à 60 jours,2011-12-10
15437,263,1,200.16,2,Occasionnels en sommeil,-1.87281066884545,0.3993666253381348,Réactiver les clients,Tester une campagne de retour avec une offre ciblée,Taux de réactivation à 60 jours,2011-12-10
15438,132,1,156.57999999999998,2,Occasionnels en sommeil,-1.719856694376595,-0.1350999483891036,Réactiver les clients,Tester une campagne de retour avec une offre ciblée,Taux de réactivation à 60 jours,2011-12-10
15440,55,3,383.68,0,Occasionnels récents,-0.33071782319726334,-0.10646161896164007,Encourager un achat supplémentaire,Tester une relance après achat avec des produits complémentaires,Taux de nouvel achat à 60 jours,2011-12-10
15442,249,1,594.0,2,Occasionnels en sommeil,-1.3372587731588943,0.7584310472187066,Réactiver les clients,Tester une campagne de retour avec une offre ciblée,Taux de réactivation à 60 jours,2011-12-10
15443,2,7,3213.59,3,Champions,2.4500041725812145,-0.9703521141573681,Maintenir une relation durable,Tester des avantages de fidélité et un accès anticipé,Taux de réachat à 90 jours,2011-12-10
15444,10,2,1411.21,0,Occasionnels récents,0.6636038847501132,-0.8017639511429863,Encourager un achat supplémentaire,Tester une relance après achat avec des produits complémentaires,Taux de nouvel achat à 60 jours,2011-12-10
15445,265,1,113.5,2,Occasionnels en sommeil,-2.142963458710645,0.19928480226048648,Réactiver les clients,Tester une campagne de retour avec une offre ciblée,Taux de réactivation à 60 jours,2011-12-10
15447,331,1,155.17,2,Occasionnels en sommeil,-2.0826747254797153,0.45625269789750567,Réactiver les clients,Tester une campagne de retour avec une offre ciblée,Taux de réactivation à 60 jours,2011-12-10
15448,313,1,494.64,2,Occasionnels en sommeil,-1.5132305604163245,0.8401267430346488,Réactiver les clients,Tester une campagne de retour avec une offre ciblée,Taux de réactivation à 60 jours,2011-12-10
15449,27,3,974.52,1,Acheteurs réguliers,0.38218837450327336,-0.21851669833337362,Entretenir la relation et développer les achats,Tester des recommandations adaptées à l'historique d'achat,Nombre de commandes par client sur 90 jours,2011-12-10
15450,31,1,429.84,0,Occasionnels récents,-0.6845704463726927,-0.695246102950691,Encourager un achat supplémentaire,Tester une relance après achat avec des produits complémentaires,Taux de nouvel achat à 60 jours,2011-12-10
15452,30,3,528.48,0,Occasionnels récents,0.052553873683703366,-0.3746408376184535,Encourager un achat supplémentaire,Tester une relance après achat avec des produits complémentaires,Taux de nouvel achat à 60 jours,2011-12-10
15453,2,7,1371.77,3,Champions,2.0465662498286292,-1.2798634879535058,Maintenir une relation durable,Tester des avantages de fidélité et un accès anticipé,Taux de réachat à 90 jours,2011-12-10
15454,363,1,179.1,2,Occasionnels en sommeil,-2.051144239514344,0.5679261939856335,Réactiver les clients,Tester une campagne de retour avec une offre ciblée,Taux de réactivation à 60 jours,2011-12-10
15456,284,3,434.59000000000003,2,Occasionnels en sommeil,-0.9095534141419768,0.9964094182138818,Réactiver les clients,Tester une campagne de retour avec une offre ciblée,Taux de réactivation à 60 jours,2011-12-10
15457,263,1,237.07,2,Occasionnels en sommeil,-1.7929337390867506,0.46064697820023875,Réactiver les clients,Tester une campagne de retour avec une offre ciblée,Taux de réactivation à 60 jours,2011-12-10
15458,26,1,161.64,0,Occasionnels récents,-1.0798912318409977,-1.1600557788145283,Encourager un achat supplémentaire,Tester une relance après achat avec des produits complémentaires,Taux de nouvel achat à 60 jours,2011-12-10
15460,355,1,214.26,2,Occasionnels en sommeil,-1.9578768643365903,0.6183516105226098,Réactiver les clients,Tester une campagne de retour avec une offre ciblée,Taux de réactivation à 60 jours,2011-12-10
15462,95,3,234.6,2,Occasionnels en sommeil,-0.774444601485567,0.06555033567946157,Réactiver les clients,Tester une campagne de retour avec une offre ciblée,Taux de réactivation à 60 jours,2011-12-10
15463,30,1,126.14,0,Occasionnels récents,-1.2507992622026716,-1.159832127033278,Encourager un achat supplémentaire,Tester une relance après achat avec des produits complémentaires,Taux de nouvel achat à 60 jours,2011-12-10
15464,339,1,1044.65,2,Occasionnels en sommeil,-1.1904393520173202,1.1633991158291326,Réactiver les clients,Tester une campagne de retour avec une offre ciblée,Taux de réactivation à 60 jours,2011-12-10
15465,20,18,7354.62,3,Champions,2.8621387364613144,0.927881599405942,Maintenir une relation durable,Tester des avantages de fidélité et un accès anticipé,Taux de réachat à 90 jours,2011-12-10
15466,86,1,334.53,2,Occasionnels en sommeil,-1.1951435838381779,-0.13607075437226585,Réactiver les clients,Tester une campagne de retour avec une offre ciblée,Taux de réactivation à 60 jours,2011-12-10
15467,10,3,524.88,0,Occasionnels récents,0.4554221329022129,-1.0505951434750944,Encourager un achat supplémentaire,Tester une relance après achat avec des produits complémentaires,Taux de nouvel achat à 60 jours,2011-12-10
15468,52,2,467.51,0,Occasionnels récents,-0.47586025789005115,-0.1810414949409994,Encourager un achat supplémentaire,Tester une relance après achat avec des produits complémentaires,Taux de nouvel achat à 60 jours,2011-12-10
15469,51,2,538.55,0,Occasionnels récents,-0.4014549231792876,-0.14206827961069246,Encourager un achat supplémentaire,Tester une relance après achat avec des produits complémentaires,Taux de nouvel achat à 60 jours,2011-12-10
15471,3,1,454.48,0,Occasionnels récents,0.15685011476802962,-2.0266784526841604,Encourager un achat supplémentaire,Tester une relance après achat avec des produits complémentaires,Taux de nouvel achat à 60 jours,2011-12-10
15472,114,1,371.56,2,Occasionnels en sommeil,-1.2548718827896055,0.08337905915470022,Réactiver les clients,Tester une campagne de retour avec une offre ciblée,Taux de réactivation à 60 jours,2011-12-10
15473,15,7,1771.2,3,Champions,1.511533338265197,-0.09885719900887406,Maintenir une relation durable,Tester des avantages de fidélité et un accès anticipé,Taux de réachat à 90 jours,2011-12-10
15475,78,1,454.10999999999996,2,Occasionnels en sommeil,-1.0128018730390218,-0.08788726498097066,Réactiver les clients,Tester une campagne de retour avec une offre ciblée,Taux de réactivation à 60 jours,2011-12-10
15478,41,2,1399.92,1,Acheteurs réguliers,0.1346646637291779,0.0661862235229728,Entretenir la relation et développer les achats,Tester des recommandations adaptées à l'historique d'achat,Nombre de commandes par client sur 90 jours,2011-12-10
15480,117,1,905.5,2,Occasionnels en sommeil,-0.8433567130847595,0.4235704694736044,Réactiver les clients,Tester une campagne de retour avec une offre ciblée,Taux de réactivation à 60 jours,2011-12-10
15482,16,12,10879.76,3,Champions,2.7873697601316305,0.7871824016606642,Maintenir une relation durable,Tester des avantages de fidélité et un accès anticipé,Taux de réachat à 90 jours,2011-12-10
15483,162,4,225.26,2,Occasionnels en sommeil,-0.7993002617949064,0.4806673543497195,Réactiver les clients,Tester une campagne de retour avec une offre ciblée,Taux de réactivation à 60 jours,2011-12-10
15484,2,4,3590.41,3,Champions,2.0774571587298074,-1.1105680409586463,Maintenir une relation durable,Tester des avantages de fidélité et un accès anticipé,Taux de réachat à 90 jours,2011-12-10
15485,31,3,2564.5,1,Acheteurs réguliers,0.788321566460001,0.2200128071713969,Entretenir la relation et développer les achats,Tester des recommandations adaptées à l'historique d'achat,Nombre de commandes par client sur 90 jours,2011-12-10
15488,93,1,91.32000000000001,2,Occasionnels en sommeil,-1.8373403238350257,-0.5551815238410472,Réactiver les clients,Tester une campagne de retour avec une offre ciblée,Taux de réactivation à 60 jours,2011-12-10
15489,23,3,1134.28,1,Acheteurs réguliers,0.5145198964401911,-0.2635474267570598,Entretenir la relation et développer les achats,Tester des recommandations adaptées à l'historique d'achat,Nombre de commandes par client sur 90 jours,2011-12-10
15491,96,6,3100.09,1,Acheteurs réguliers,0.9497055085907767,1.224787641700618,Entretenir la relation et développer les achats,Tester des recommandations adaptées à l'historique d'achat,Nombre de commandes par client sur 90 jours,2011-12-10
15492,29,2,659.4599999999999,0,Occasionnels récents,-0.08998739307246723,-0.4260527470915732,Encourager un achat supplémentaire,Tester une relance après achat avec des produits complémentaires,Taux de nouvel achat à 60 jours,2011-12-10
15493,33,5,1953.41,1,Acheteurs réguliers,1.0022911083985395,0.31619986492110513,Entretenir la relation et développer les achats,Tester des recommandations adaptées à l'historique d'achat,Nombre de commandes par client sur 90 jours,2011-12-10
15494,22,2,1280.58,1,Acheteurs réguliers,0.3284752914146712,-0.35762272088447,Entretenir la relation et développer les achats,Tester des recommandations adaptées à l'historique d'achat,Nombre de commandes par client sur 90 jours,2011-12-10
15497,18,2,1262.2,0,Occasionnels récents,0.3965113420239438,-0.48706568045467363,Encourager un achat supplémentaire,Tester une relance après achat avec des produits complémentaires,Taux de nouvel achat à 60 jours,2011-12-10
15498,3,27,13316.4,3,Champions,4.14427174144955,0.2148902993706751,Maintenir une relation durable,Tester des avantages de fidélité et un accès anticipé,Taux de réachat à 90 jours,2011-12-10
15500,9,4,1131.56,1,Acheteurs réguliers,1.0583548189384606,-0.7477721055349791,Entretenir la relation et développer les achats,Tester des recommandations adaptées à l'historique d'achat,Nombre de commandes par client sur 90 jours,2011-12-10
15502,16,12,10384.93,3,Champions,2.7653009757061087,0.7702515694301428,Maintenir une relation durable,Tester des avantages de fidélité et un accès anticipé,Taux de réachat à 90 jours,2011-12-10
15503,363,1,141.04,2,Occasionnels en sommeil,-2.1637086498429308,0.48156850841248244,Réactiver les clients,Tester une campagne de retour avec une offre ciblée,Taux de réactivation à 60 jours,2011-12-10
15504,82,1,52.83,2,Occasionnels en sommeil,-2.0443292721708164,-0.8323007744881293,Réactiver les clients,Tester une campagne de retour avec une offre ciblée,Taux de réactivation à 60 jours,2011-12-10
15505,53,5,3610.96,1,Acheteurs réguliers,1.1121665376127838,0.8403179511979952,Entretenir la relation et développer les achats,Tester des recommandations adaptées à l'historique d'achat,Nombre de commandes par client sur 90 jours,2011-12-10
15506,23,3,972.08,1,Acheteurs réguliers,0.44142131030120596,-0.31962753857219933,Entretenir la relation et développer les achats,Tester des recommandations adaptées à l'historique d'achat,Nombre de commandes par client sur 90 jours,2011-12-10
15507,172,1,475.86,2,Occasionnels en sommeil,-1.2978995636361972,0.4386025513002308,Réactiver les clients,Tester une campagne de retour avec une offre ciblée,Taux de réactivation à 60 jours,2011-12-10
15508,190,6,1000.27,1,Acheteurs réguliers,0.14811351762623245,1.25398769841943,Entretenir la relation et développer les achats,Tester des recommandations adaptées à l'historique d'achat,Nombre de commandes par client sur 90 jours,2011-12-10
15510,331,1,250.0,2,Occasionnels en sommeil,-1.8576878204331069,0.6288591935685196,Réactiver les clients,Tester une campagne de retour avec une offre ciblée,Taux de réactivation à 60 jours,2011-12-10
15511,12,5,900.53,1,Acheteurs réguliers,1.012250402189676,-0.59018800127882,Entretenir la relation et développer les achats,Tester des recommandations adaptées à l'historique d'achat,Nombre de commandes par client sur 90 jours,2011-12-10
15512,156,2,121.0,2,Occasionnels en sommeil,-1.5394904046683604,0.03539098374690111,Réactiver les clients,Tester une campagne de retour avec une offre ciblée,Taux de réactivation à 60 jours,2011-12-10
15513,34,19,14758.220000000001,3,Champions,3.0385087191331905,1.5329502756858941,Maintenir une relation durable,Tester des avantages de fidélité et un accès anticipé,Taux de réachat à 90 jours,2011-12-10
15514,13,11,4023.7200000000003,3,Champions,2.3195148120718856,0.2684595540639879,Maintenir une relation durable,Tester des avantages de fidélité et un accès anticipé,Taux de réachat à 90 jours,2011-12-10
15516,45,3,62.43,0,Occasionnels récents,-1.1082557483896112,-0.8899922876398376,Encourager un achat supplémentaire,Tester une relance après achat avec des produits complémentaires,Taux de nouvel achat à 60 jours,2011-12-10
15517,234,1,267.03,2,Occasionnels en sommeil,-1.691121528349807,0.42812707563454616,Réactiver les clients,Tester une campagne de retour avec une offre ciblée,Taux de réactivation à 60 jours,2011-12-10
15518,65,8,1921.55,1,Acheteurs réguliers,1.101246355059062,0.8971170394255774,Entretenir la relation et développer les achats,Tester des recommandations adaptées à l'historique d'achat,Nombre de commandes par client sur 90 jours,2011-12-10
15520,2,1,343.5,0,Occasionnels récents,0.13719951658857332,-2.31525789040891,Encourager un achat supplémentaire,Tester une relance après achat avec des produits complémentaires,Taux de nouvel achat à 60 jours,2011-12-10
15521,41,8,3000.2,1,Acheteurs réguliers,1.4895713408729734,0.7653247444908867,Entretenir la relation et développer les achats,Tester des recommandations adaptées à l'historique d'achat,Nombre de commandes par client sur 90 jours,2011-12-10
15522,33,2,397.99,0,Occasionnels récents,-0.37801659102314206,-0.5280297829038234,Encourager un achat supplémentaire,Tester une relance après achat avec des produits complémentaires,Taux de nouvel achat à 60 jours,2011-12-10
15523,85,1,412.01000000000005,2,Occasionnels en sommeil,-1.09210305344373,-0.06801069597684731,Réactiver les clients,Tester une campagne de retour avec une offre ciblée,Taux de réactivation à 60 jours,2011-12-10
15524,25,1,440.0,0,Occasionnels récents,-0.5921333483515007,-0.8217357412692406,Encourager un achat supplémentaire,Tester une relance après achat avec des produits complémentaires,Taux de nouvel achat à 60 jours,2011-12-10
15525,3,3,734.37,0,Occasionnels récents,1.0109079358356008,-1.5861796234648,Encourager un achat supplémentaire,Tester une relance après achat avec des produits complémentaires,Taux de nouvel achat à 60 jours,2011-12-10
15526,34,2,148.44,0,Occasionnels récents,-0.8550113811405803,-0.8664139546729358,Encourager un achat supplémentaire,Tester une relance après achat avec des produits complémentaires,Taux de nouvel achat à 60 jours,2011-12-10
15527,19,8,2428.53,3,Champions,1.6801842830912943,0.2061887422163561,Maintenir une relation durable,Tester des avantages de fidélité et un accès anticipé,Taux de réachat à 90 jours,2011-12-10
15528,255,1,229.33,2,Occasionnels en sommeil,-1.7965439742545413,0.42862216889607613,Réactiver les clients,Tester une campagne de retour avec une offre ciblée,Taux de réactivation à 60 jours,2011-12-10
15529,23,11,3962.6,3,Champions,2.1009958663753774,0.6132474965932803,Maintenir une relation durable,Tester des avantages de fidélité et un accès anticipé,Taux de réachat à 90 jours,2011-12-10
15530,22,4,1497.31,1,Acheteurs réguliers,0.8645843489523769,-0.10457023186652888,Entretenir la relation et développer les achats,Tester des recommandations adaptées à l'historique d'achat,Nombre de commandes par client sur 90 jours,2011-12-10
15531,9,2,1972.39,0,Occasionnels récents,0.8596098394127888,-0.7420040589360739,Encourager un achat supplémentaire,Tester une relance après achat avec des produits complémentaires,Taux de nouvel achat à 60 jours,2011-12-10
15532,26,4,1564.73,1,Acheteurs réguliers,0.8226063118003074,0.01566510341111063,Entretenir la relation et développer les achats,Tester des recommandations adaptées à l'historique d'achat,Nombre de commandes par client sur 90 jours,2011-12-10
15533,20,3,807.57,0,Occasionnels récents,0.40594806758156304,-0.4737924277889449,Encourager un achat supplémentaire,Tester une relance après achat avec des produits complémentaires,Taux de nouvel achat à 60 jours,2011-12-10
15535,174,4,502.9,2,Occasionnels en sommeil,-0.4474962082708086,0.8181008266844232,Réactiver les clients,Tester une campagne de retour avec une offre ciblée,Taux de réactivation à 60 jours,2011-12-10
15537,164,1,110.92,2,Occasionnels en sommeil,-1.9665903284232513,-0.11941941613679775,Réactiver les clients,Tester une campagne de retour avec une offre ciblée,Taux de réactivation à 60 jours,2011-12-10
15539,8,1,538.46,0,Occasionnels récents,-0.08076550830210703,-1.4380095935386077,Encourager un achat supplémentaire,Tester une relance après achat avec des produits complémentaires,Taux de nouvel achat à 60 jours,2011-12-10
15540,12,1,213.3,0,Occasionnels récents,-0.6626271537592406,-1.5348032627525223,Encourager un achat supplémentaire,Tester une relance après achat avec des produits complémentaires,Taux de nouvel achat à 60 jours,2011-12-10
15541,115,1,85.13000000000001,2,Occasionnels en sommeil,-1.9526742965075938,-0.4437328736343063,Réactiver les clients,Tester une campagne de retour avec une offre ciblée,Taux de réactivation à 60 jours,2011-12-10
15543,289,1,127.86,2,Occasionnels en sommeil,-2.120801077993051,0.29841463044619676,Réactiver les clients,Tester une campagne de retour avec une offre ciblée,Taux de réactivation à 60 jours,2011-12-10
15544,10,9,3546.71,3,Champions,2.1893203726809327,-0.004221055927415831,Maintenir une relation durable,Tester des avantages de fidélité et un accès anticipé,Taux de réachat à 90 jours,2011-12-10
15545,55,2,288.96999999999997,0,Occasionnels récents,-0.7249280060721739,-0.3197762606346117,Encourager un achat supplémentaire,Tester une relance après achat avec des produits complémentaires,Taux de nouvel achat à 60 jours,2011-12-10
15547,8,14,4910.6,3,Champions,2.7889445397321277,0.13941679889044437,Maintenir une relation durable,Tester des avantages de fidélité et un accès anticipé,Taux de réachat à 90 jours,2011-12-10
15549,78,3,1681.46,1,Acheteurs réguliers,0.23406439637078266,0.6539681686339907,Entretenir la relation et développer les achats,Tester des recommandations adaptées à l'historique d'achat,Nombre de commandes par client sur 90 jours,2011-12-10
15550,5,4,575.63,0,Occasionnels récents,0.9385097969136661,-1.3253651947618164,Encourager un achat supplémentaire,Tester une relance après achat avec des produits complémentaires,Taux de nouvel achat à 60 jours,2011-12-10
15551,37,1,436.06,0,Occasionnels récents,-0.7451319948812866,-0.5783272919509015,Encourager un achat supplémentaire,Tester une relance après achat avec des produits complémentaires,Taux de nouvel achat à 60 jours,2011-12-10
15552,218,1,90.12,2,Occasionnels en sommeil,-2.1750516784915765,-0.010175244521393513,Réactiver les clients,Tester une campagne de retour avec une offre ciblée,Taux de réactivation à 60 jours,2011-12-10
15553,61,1,428.93,2,Occasionnels en sommeil,-0.9448124715967162,-0.26609800665727745,Réactiver les clients,Tester une campagne de retour avec une offre ciblée,Taux de réactivation à 60 jours,2011-12-10
15554,278,1,217.2,2,Occasionnels en sommeil,-1.855917574560784,0.46486583195571335,Réactiver les clients,Tester une campagne de retour avec une offre ciblée,Taux de réactivation à 60 jours,2011-12-10
15555,13,16,4794.86,3,Champions,2.717664665331337,0.4660165236513287,Maintenir une relation durable,Tester des avantages de fidélité et un accès anticipé,Taux de réachat à 90 jours,2011-12-10
15556,25,1,279.77,0,Occasionnels récents,-0.8062154496983827,-0.9859762391405155,Encourager un achat supplémentaire,Tester une relance après achat avec des produits complémentaires,Taux de nouvel achat à 60 jours,2011-12-10
15557,29,1,468.91,0,Occasionnels récents,-0.618116019183191,-0.7056210591408977,Encourager un achat supplémentaire,Tester une relance après achat avec des produits complémentaires,Taux de nouvel achat à 60 jours,2011-12-10
15561,12,4,800.59,0,Occasionnels récents,0.7916355826518922,-0.7029612355995588,Encourager un achat supplémentaire,Tester une relance après achat avec des produits complémentaires,Taux de nouvel achat à 60 jours,2011-12-10
15562,352,1,134.55,2,Occasionnels en sommeil,-2.1738561594196804,0.444610019642802,Réactiver les clients,Tester une campagne de retour avec une offre ciblée,Taux de réactivation à 60 jours,2011-12-10
15563,23,4,1400.44,1,Acheteurs réguliers,0.816211949473971,-0.10121870886771264,Entretenir la relation et développer les achats,Tester des recommandations adaptées à l'historique d'achat,Nombre de commandes par client sur 90 jours,2011-12-10
15565,51,2,173.16,0,Occasionnels récents,-0.9376029844094464,-0.5533928319910845,Encourager un achat supplémentaire,Tester une relance après achat avec des produits complémentaires,Taux de nouvel achat à 60 jours,2011-12-10
15567,19,1,186.01,0,Occasionnels récents,-0.8960613333405473,-1.3043383889455964,Encourager un achat supplémentaire,Tester une relance après achat avec des produits complémentaires,Taux de nouvel achat à 60 jours,2011-12-10
15568,3,3,758.29,0,Occasionnels récents,1.026085418384287,-1.5745356921200224,Encourager un achat supplémentaire,Tester une relance après achat avec des produits complémentaires,Taux de nouvel achat à 60 jours,2011-12-10
15569,104,5,1375.71,1,Acheteurs réguliers,0.3941833813777519,0.9216955770744306,Entretenir la relation et développer les achats,Tester des recommandations adaptées à l'historique d'achat,Nombre de commandes par client sur 90 jours,2011-12-10
15570,8,12,4148.82,3,Champions,2.5796037508310947,0.02314314421401505,Maintenir une relation durable,Tester des avantages de fidélité et un accès anticipé,Taux de réachat à 90 jours,2011-12-10
15571,12,4,650.4300000000001,0,Occasionnels récents,0.6932843436864664,-0.7784147945487246,Encourager un achat supplémentaire,Tester une relance après achat avec des produits complémentaires,Taux de nouvel achat à 60 jours,2011-12-10
15572,5,7,2533.42,3,Champions,2.0655989946467908,-0.6062761012364712,Maintenir une relation durable,Tester des avantages de fidélité et un accès anticipé,Taux de réachat à 90 jours,2011-12-10
15573,32,2,591.1899999999999,0,Occasionnels récents,-0.1790786731954244,-0.40378934419033335,Encourager un achat supplémentaire,Tester une relance après achat avec des produits complémentaires,Taux de nouvel achat à 60 jours,2011-12-10
15574,178,4,675.64,1,Acheteurs réguliers,-0.3165937741458676,0.9400131724172145,Entretenir la relation et développer les achats,Tester des recommandations adaptées à l'historique d'achat,Nombre de commandes par client sur 90 jours,2011-12-10
15576,38,1,921.37,0,Occasionnels récents,-0.4011835323389905,-0.2897600205854173,Encourager un achat supplémentaire,Tester une relance après achat avec des produits complémentaires,Taux de nouvel achat à 60 jours,2011-12-10
15577,152,3,258.88,2,Occasionnels en sommeil,-0.9106249586150681,0.40419358196197036,Réactiver les clients,Tester une campagne de retour avec une offre ciblée,Taux de réactivation à 60 jours,2011-12-10
15578,163,1,127.1,2,Occasionnels en sommeil,-1.9001848848665976,-0.074253623676408,Réactiver les clients,Tester une campagne de retour avec une offre ciblée,Taux de réactivation à 60 jours,2011-12-10
15579,69,2,327.6,2,Occasionnels en sommeil,-0.7530918736654096,-0.12923711755309805,Réactiver les clients,Tester une campagne de retour avec une offre ciblée,Taux de réactivation à 60 jours,2011-12-10
15581,121,13,3675.77,1,Acheteurs réguliers,1.5674948273864344,1.702033537902947,Entretenir la relation et développer les achats,Tester des recommandations adaptées à l'historique d'achat,Nombre de commandes par client sur 90 jours,2011-12-10
15582,25,3,682.9100000000001,0,Occasionnels récents,0.24284451561751866,-0.3958747618911947,Encourager un achat supplémentaire,Tester une relance après achat avec des produits complémentaires,Taux de nouvel achat à 60 jours,2011-12-10
15584,24,4,720.86,1,Acheteurs réguliers,0.48565018864085635,-0.31601050900369837,Entretenir la relation et développer les achats,Tester des recommandations adaptées à l'historique d'achat,Nombre de commandes par client sur 90 jours,2011-12-10
15585,177,1,455.3,2,Occasionnels en sommeil,-1.3299640406647621,0.4410909208807494,Réactiver les clients,Tester une campagne de retour avec une offre ciblée,Taux de réactivation à 60 jours,2011-12-10
15587,51,4,913.6800000000001,1,Acheteurs réguliers,0.3108450117529587,0.2461551426221077,Entretenir la relation et développer les achats,Tester des recommandations adaptées à l'historique d'achat,Nombre de commandes par client sur 90 jours,2011-12-10
15589,256,3,478.53000000000003,2,Occasionnels en sommeil,-0.8234519674527716,0.9641486937547837,Réactiver les clients,Tester une campagne de retour avec une offre ciblée,Taux de réactivation à 60 jours,2011-12-10
15592,47,1,388.58,0,Occasionnels récents,-0.8912264850450664,-0.468307483075996,Encourager un achat supplémentaire,Tester une relance après achat avec des produits complémentaires,Taux de nouvel achat à 60 jours,2011-12-10
15593,71,1,199.8,2,Occasionnels en sommeil,-1.3643974473229967,-0.44583501645610224,Réactiver les clients,Tester une campagne de retour avec une offre ciblée,Taux de réactivation à 60 jours,2011-12-10
15594,16,5,1771.78,1,Acheteurs réguliers,1.2277265933815178,-0.16983525318665463,Entretenir la relation et développer les achats,Tester des recommandations adaptées à l'historique d'achat,Nombre de commandes par client sur 90 jours,2011-12-10
15596,101,5,1406.59,1,Acheteurs réguliers,0.4160629905160154,0.9109223767768394,Entretenir la relation et développer les achats,Tester des recommandations adaptées à l'historique d'achat,Nombre de commandes par client sur 90 jours,2011-12-10
15597,36,1,324.57,0,Occasionnels récents,-0.874312456860776,-0.7027864724127123,Encourager un achat supplémentaire,Tester une relance après achat avec des produits complémentaires,Taux de nouvel achat à 60 jours,2011-12-10
15598,54,1,240.68,2,Occasionnels en sommeil,-1.1709685675376307,-0.5534983433045054,Réactiver les clients,Tester une campagne de retour avec une offre ciblée,Taux de réactivation à 60 jours,2011-12-10
15599,27,2,761.74,0,Occasionnels récents,0.005322952041897439,-0.4185247063930986,Encourager un achat supplémentaire,Tester une relance après achat avec des produits complémentaires,Taux de nouvel achat à 60 jours,2011-12-10
15601,12,14,6776.56,3,Champions,2.797496288643428,0.49557921162295315,Maintenir une relation durable,Tester des avantages de fidélité et un accès anticipé,Taux de réachat à 90 jours,2011-12-10
15602,9,9,1297.8700000000001,3,Champions,1.7502503013459862,-0.43168173022153916,Maintenir une relation durable,Tester des avantages de fidélité et un accès anticipé,Taux de réachat à 90 jours,2011-12-10
15603,79,1,48.480000000000004,2,Occasionnels en sommeil,-2.069852632304553,-0.886881518391693,Réactiver les clients,Tester une campagne de retour avec une offre ciblée,Taux de réactivation à 60 jours,2011-12-10
15604,53,1,216.39,2,Occasionnels en sommeil,-1.2139989959634847,-0.6039554369014795,Réactiver les clients,Tester une campagne de retour avec une offre ciblée,Taux de réactivation à 60 jours,2011-12-10
15605,37,5,1198.23,1,Acheteurs réguliers,0.7271175030753647,0.21083483767309358,Entretenir la relation et développer les achats,Tester des recommandations adaptées à l'historique d'achat,Nombre de commandes par client sur 90 jours,2011-12-10
15606,62,9,2920.16,1,Acheteurs réguliers,1.4131251104202835,1.0595200406352998,Entretenir la relation et développer les achats,Tester des recommandations adaptées à l'historique d'achat,Nombre de commandes par client sur 90 jours,2011-12-10
15607,337,1,104.76,2,Occasionnels en sommeil,-2.274505007208853,0.3261116492668932,Réactiver les clients,Tester une campagne de retour avec une offre ciblée,Taux de réactivation à 60 jours,2011-12-10
15608,29,4,1093.68,1,Acheteurs réguliers,0.6116167030695329,-0.046035007991593845,Entretenir la relation et développer les achats,Tester des recommandations adaptées à l'historique d'achat,Nombre de commandes par client sur 90 jours,2011-12-10
15609,185,1,298.48,2,Occasionnels en sommeil,-1.5468607415463425,0.31648752767650196,Réactiver les clients,Tester une campagne de retour avec une offre ciblée,Taux de réactivation à 60 jours,2011-12-10
15610,52,1,112.46000000000001,2,Occasionnels en sommeil,-1.514983716225092,-0.8526371886637832,Réactiver les clients,Tester une campagne de retour avec une offre ciblée,Taux de réactivation à 60 jours,2011-12-10
15611,10,13,1591.45,3,Champions,2.1138431706807883,-0.16635743848118978,Maintenir une relation durable,Tester des avantages de fidélité et un accès anticipé,Taux de réachat à 90 jours,2011-12-10
15612,37,2,195.15,0,Occasionnels récents,-0.7582841510105132,-0.7140212769545914,Encourager un achat supplémentaire,Tester une relance après achat avec des produits complémentaires,Taux de nouvel achat à 60 jours,2011-12-10
15615,11,23,10399.74,3,Champions,3.4570320497030984,0.7798706528943844,Maintenir une relation durable,Tester des avantages de fidélité et un accès anticipé,Taux de réachat à 90 jours,2011-12-10
15618,33,4,776.851,1,Acheteurs réguliers,0.40055017834988116,-0.0889674637598264,Entretenir la relation et développer les achats,Tester des recommandations adaptées à l'historique d'achat,Nombre de commandes par client sur 90 jours,2011-12-10
15619,11,1,336.40000000000003,0,Occasionnels récents,-0.4160417863155562,-1.4217246002679742,Encourager un achat supplémentaire,Tester une relance après achat avec des produits complémentaires,Taux de nouvel achat à 60 jours,2011-12-10
15620,57,3,1553.18,1,Acheteurs réguliers,0.3175767100967129,0.4242618442853594,Entretenir la relation et développer les achats,Tester des recommandations adaptées à l'historique d'achat,Nombre de commandes par client sur 90 jours,2011-12-10
15621,5,4,1293.03,0,Occasionnels récents,1.3217711204805904,-1.031332997761653,Encourager un achat supplémentaire,Tester une relance après achat avec des produits complémentaires,Taux de nouvel achat à 60 jours,2011-12-10
15622,44,9,3709.56,3,Champions,1.6584247703050354,0.9278208042555619,Maintenir une relation durable,Tester des avantages de fidélité et un accès anticipé,Taux de réachat à 90 jours,2011-12-10
15623,142,1,301.03,2,Occasionnels en sommeil,-1.4397943888312177,0.14868214440178631,Réactiver les clients,Tester une campagne de retour avec une offre ciblée,Taux de réactivation à 60 jours,2011-12-10
15624,117,4,588.13,1,Acheteurs réguliers,-0.21893093992871213,0.6187743323917929,Entretenir la relation et développer les achats,Tester des recommandations adaptées à l'historique d'achat,Nombre de commandes par client sur 90 jours,2011-12-10
15625,104,4,1534.26,1,Acheteurs réguliers,0.28096270788013966,0.8913134810278724,Entretenir la relation et développer les achats,Tester des recommandations adaptées à l'historique d'achat,Nombre de commandes par client sur 90 jours,2011-12-10
15626,75,2,675.8,1,Acheteurs réguliers,-0.4427373174734546,0.18704716142742966,Entretenir la relation et développer les achats,Tester des recommandations adaptées à l'historique d'achat,Nombre de commandes par client sur 90 jours,2011-12-10
15628,5,9,2870.2400000000002,3,Champions,2.3265893390669445,-0.4751731086406267,Maintenir une relation durable,Tester des avantages de fidélité et un accès anticipé,Taux de réachat à 90 jours,2011-12-10
15630,46,2,1186.35,1,Acheteurs réguliers,0.012151621480756025,0.07913066092316026,Entretenir la relation et développer les achats,Tester des recommandations adaptées à l'historique d'achat,Nombre de commandes par client sur 90 jours,2011-12-10
15632,16,8,3285.31,3,Champions,1.887109357645696,0.2104292163758976,Maintenir une relation durable,Tester des avantages de fidélité et un accès anticipé,Taux de réachat à 90 jours,2011-12-10
15634,18,1,243.55,0,Occasionnels récents,-0.7487627447641155,-1.2400985048707114,Encourager un achat supplémentaire,Tester une relance après achat avec des produits complémentaires,Taux de nouvel achat à 60 jours,2011-12-10
15636,90,2,724.76,2,Occasionnels en sommeil,-0.48022276610150433,0.32953763671444397,Réactiver les clients,Tester une campagne de retour avec une offre ciblée,Taux de réactivation à 60 jours,2011-12-10
15637,53,1,223.36,2,Occasionnels en sommeil,-1.199035393519794,-0.592475591086077,Réactiver les clients,Tester une campagne de retour avec une offre ciblée,Taux de réactivation à 60 jours,2011-12-10
15639,135,1,425.32,2,Occasionnels en sommeil,-1.2567005023946591,0.24143279279099944,Réactiver les clients,Tester une campagne de retour avec une offre ciblée,Taux de réactivation à 60 jours,2011-12-10
15640,5,15,12416.11,3,Champions,3.4460030710582283,0.23802748553375572,Maintenir une relation durable,Tester des avantages de fidélité et un accès anticipé,Taux de réachat à 90 jours,2011-12-10
15641,106,4,1887.2,1,Acheteurs réguliers,0.37167979414765173,0.9788487955506323,Entretenir la relation et développer les achats,Tester des recommandations adaptées à l'historique d'achat,Nombre de commandes par client sur 90 jours,2011-12-10
15643,192,3,664.0,2,Occasionnels en sommeil,-0.5561639463219212,0.8969364497647621,Réactiver les clients,Tester une campagne de retour avec une offre ciblée,Taux de réactivation à 60 jours,2011-12-10
15644,167,4,803.54,1,Acheteurs réguliers,-0.20964531003354409,0.9617662779336071,Entretenir la relation et développer les achats,Tester des recommandations adaptées à l'historique d'achat,Nombre de commandes par client sur 90 jours,2011-12-10
15645,19,1,612.01,0,Occasionnels récents,-0.33314377069401296,-0.8724766865058107,Encourager un achat supplémentaire,Tester une relance après achat avec des produits complémentaires,Taux de nouvel achat à 60 jours,2011-12-10
15646,158,3,447.64000000000004,2,Occasionnels en sommeil,-0.6668168964758865,0.6278098688911617,Réactiver les clients,Tester une campagne de retour avec une offre ciblée,Taux de réactivation à 60 jours,2011-12-10
15648,205,2,639.5,2,Occasionnels en sommeil,-0.8597122263458716,0.8151495469846523,Réactiver les clients,Tester une campagne de retour avec une offre ciblée,Taux de réactivation à 60 jours,2011-12-10
15649,337,2,816.0,2,Occasionnels en sommeil,-0.938394399632897,1.2255513194165693,Réactiver les clients,Tester une campagne de retour avec une offre ciblée,Taux de réactivation à 60 jours,2011-12-10
15651,37,3,646.3,1,Acheteurs réguliers,0.06801511259431026,-0.16921453343218198,Entretenir la relation et développer les achats,Tester des recommandations adaptées à l'historique d'achat,Nombre de commandes par client sur 90 jours,2011-12-10
15652,92,1,337.74,2,Occasionnels en sommeil,-1.216769116882985,-0.08925700855519615,Réactiver les clients,Tester une campagne de retour avec une offre ciblée,Taux de réactivation à 60 jours,2011-12-10
15653,93,2,877.4399999999999,1,Acheteurs réguliers,-0.40240775419447294,0.4200728367848157,Entretenir la relation et développer les achats,Tester des recommandations adaptées à l'historique d'achat,Nombre de commandes par client sur 90 jours,2011-12-10
15654,10,2,922.53,0,Occasionnels récents,0.46222951753027774,-0.956255270700376,Encourager un achat supplémentaire,Tester une relance après achat avec des produits complémentaires,Taux de nouvel achat à 60 jours,2011-12-10
15655,244,1,560.67,2,Occasionnels en sommeil,-1.3566733578961108,0.7243294495257694,Réactiver les clients,Tester une campagne de retour avec une offre ciblée,Taux de réactivation à 60 jours,2011-12-10
15656,46,4,748.5,1,Acheteurs réguliers,0.25603521552700576,0.10799226563763996,Entretenir la relation et développer les achats,Tester des recommandations adaptées à l'historique d'achat,Nombre de commandes par client sur 90 jours,2011-12-10
15657,23,1,30.0,0,Occasionnels récents,-1.8196503069504735,-1.8395657274725077,Encourager un achat supplémentaire,Tester une relance après achat avec des produits complémentaires,Taux de nouvel achat à 60 jours,2011-12-10
15658,191,5,1024.1000000000001,1,Acheteurs réguliers,0.017794567417109244,1.2067259543885458,Entretenir la relation et développer les achats,Tester des recommandations adaptées à l'historique d'achat,Nombre de commandes par client sur 90 jours,2011-12-10
15659,44,1,306.45,0,Occasionnels récents,-0.9781879269854884,-0.5963807361753203,Encourager un achat supplémentaire,Tester une relance après achat avec des produits complémentaires,Taux de nouvel achat à 60 jours,2011-12-10
15660,26,9,1600.86,1,Acheteurs réguliers,1.46035370946828,0.29021390032799826,Entretenir la relation et développer les achats,Tester des recommandations adaptées à l'historique d'achat,Nombre de commandes par client sur 90 jours,2011-12-10
15661,318,2,309.8,2,Occasionnels en sommeil,-1.3739768630862212,0.8363757007771001,Réactiver les clients,Tester une campagne de retour avec une offre ciblée,Taux de réactivation à 60 jours,2011-12-10
15663,107,1,138.14,2,Occasionnels en sommeil,-1.6972532862023741,-0.31571494370351855,Réactiver les clients,Tester une campagne de retour avec une offre ciblée,Taux de réactivation à 60 jours,2011-12-10
15664,51,1,386.43,0,Occasionnels récents,-0.9252237095871779,-0.4182917896474842,Encourager un achat supplémentaire,Tester une relance après achat avec des produits complémentaires,Taux de nouvel achat à 60 jours,2011-12-10
15665,169,2,2222.21,1,Acheteurs réguliers,-0.19436872885981882,1.1429795786820214,Entretenir la relation et développer les achats,Tester des recommandations adaptées à l'historique d'achat,Nombre de commandes par client sur 90 jours,2011-12-10
15667,40,1,301.32,0,Occasionnels récents,-0.9496787321635263,-0.6630114267157186,Encourager un achat supplémentaire,Tester une relance après achat avec des produits complémentaires,Taux de nouvel achat à 60 jours,2011-12-10
15668,218,1,76.32000000000001,2,Occasionnels en sommeil,-2.2529184711884573,-0.0699134511239763,Réactiver les clients,Tester une campagne de retour avec une offre ciblée,Taux de réactivation à 60 jours,2011-12-10
15669,41,4,684.34,1,Acheteurs réguliers,0.2576896060595569,0.0023269281482741536,Entretenir la relation et développer les achats,Tester des recommandations adaptées à l'historique d'achat,Nombre de commandes par client sur 90 jours,2011-12-10
15670,297,1,173.05,2,Occasionnels en sommeil,-1.9889307196652322,0.4254549481151673,Réactiver les clients,Tester une campagne de retour avec une offre ciblée,Taux de réactivation à 60 jours,2011-12-10
15671,19,7,2657.13,3,Champions,1.6162908910341902,0.1936572148715563,Maintenir une relation durable,Tester des avantages de fidélité et un accès anticipé,Taux de réachat à 90 jours,2011-12-10
15673,89,4,2726.23,1,Acheteurs réguliers,0.6138222016078756,1.0001247305969,Entretenir la relation et développer les achats,Tester des recommandations adaptées à l'historique d'achat,Nombre de commandes par client sur 90 jours,2011-12-10
15674,74,5,2446.6,1,Acheteurs réguliers,0.798896023139176,0.91229553033197,Entretenir la relation et développer les achats,Tester des recommandations adaptées à l'historique d'achat,Nombre de commandes par client sur 90 jours,2011-12-10
15675,82,3,323.69,2,Occasionnels en sommeil,-0.5653358902069084,0.087639012257938,Réactiver les clients,Tester une campagne de retour avec une offre ciblée,Taux de réactivation à 60 jours,2011-12-10
15676,19,3,3435.76,1,Acheteurs réguliers,1.1111719685262347,0.020858945696797603,Entretenir la relation et développer les achats,Tester des recommandations adaptées à l'historique d'achat,Nombre de commandes par client sur 90 jours,2011-12-10
15677,50,1,657.23,0,Occasionnels récents,-0.6663051182821559,-0.23811450068223378,Encourager un achat supplémentaire,Tester une relance après achat avec des produits complémentaires,Taux de nouvel achat à 60 jours,2011-12-10
15678,53,1,352.7,2,Occasionnels en sommeil,-0.9832045656979772,-0.4268934971398526,Réactiver les clients,Tester une campagne de retour avec une offre ciblée,Taux de réactivation à 60 jours,2011-12-10
15679,25,4,781.28,1,Acheteurs réguliers,0.5083901061129253,-0.26127705451714717,Entretenir la relation et développer les achats,Tester des recommandations adaptées à l'historique d'achat,Nombre de commandes par client sur 90 jours,2011-12-10
15680,10,3,1333.68,0,Occasionnels récents,0.8970311327801304,-0.7117995059693568,Encourager un achat supplémentaire,Tester une relance après achat avec des produits complémentaires,Taux de nouvel achat à 60 jours,2011-12-10
15681,26,5,1426.16,1,Acheteurs réguliers,0.943573349259045,0.051990090832813765,Entretenir la relation et développer les achats,Tester des recommandations adaptées à l'historique d'achat,Nombre de commandes par client sur 90 jours,2011-12-10
15683,118,1,193.75,2,Occasionnels en sommeil,-1.575844394047114,-0.13035985848092826,Réactiver les clients,Tester une campagne de retour avec une offre ciblée,Taux de réactivation à 60 jours,2011-12-10
15687,9,9,2993.1,3,Champions,2.1462345249092456,-0.12788871988566103,Maintenir une relation durable,Tester des avantages de fidélité et un accès anticipé,Taux de réachat à 90 jours,2011-12-10
15689,120,2,254.1,2,Occasionnels en sommeil,-1.0876553049284647,0.13441307950317424,Réactiver les clients,Tester une campagne de retour avec une offre ciblée,Taux de réactivation à 60 jours,2011-12-10
15690,5,2,239.76,0,Occasionnels récents,0.062362619320795815,-1.839289703354064,Encourager un achat supplémentaire,Tester une relance après achat avec des produits complémentaires,Taux de nouvel achat à 60 jours,2011-12-10
15691,253,1,136.8,2,Occasionnels en sommeil,-2.037044206729661,0.23665745659237467,Réactiver les clients,Tester une campagne de retour avec une offre ciblée,Taux de réactivation à 60 jours,2011-12-10
15692,29,1,191.04,0,Occasionnels récents,-1.0424014117311953,-1.031126291354036,Encourager un achat supplémentaire,Tester une relance après achat avec des produits complémentaires,Taux de nouvel achat à 60 jours,2011-12-10
15694,1,14,6479.4,3,Champions,3.5099030992058875,-0.7374245454779114,Maintenir une relation durable,Tester des avantages de fidélité et un accès anticipé,Taux de réachat à 90 jours,2011-12-10
15695,267,2,409.98,2,Occasionnels en sommeil,-1.1732218670818302,0.8247732917939662,Réactiver les clients,Tester une campagne de retour avec une offre ciblée,Taux de réactivation à 60 jours,2011-12-10
15696,34,8,2711.11,1,Acheteurs réguliers,1.513009266175656,0.609970033405995,Entretenir la relation et développer les achats,Tester des recommandations adaptées à l'historique d'achat,Nombre de commandes par client sur 90 jours,2011-12-10
15699,18,1,309.65,0,Occasionnels récents,-0.6353242211041783,-1.1530702129842172,Encourager un achat supplémentaire,Tester une relance après achat avec des produits complémentaires,Taux de nouvel achat à 60 jours,2011-12-10
15700,173,2,696.68,2,Occasionnels en sommeil,-0.7529967056083062,0.7365194395897535,Réactiver les clients,Tester une campagne de retour avec une offre ciblée,Taux de réactivation à 60 jours,2011-12-10
15701,3,4,1529.0,3,Champions,1.560118640971364,-1.233958399859684,Maintenir une relation durable,Tester des avantages de fidélité et un accès anticipé,Taux de réachat à 90 jours,2011-12-10
15703,265,1,211.5,2,Occasionnels en sommeil,-1.8497659177966193,0.4242214494224393,Réactiver les clients,Tester une campagne de retour avec une offre ciblée,Taux de réactivation à 60 jours,2011-12-10
15704,141,4,2293.62,1,Acheteurs réguliers,0.35318872754091457,1.2337135261931809,Entretenir la relation et développer les achats,Tester des recommandations adaptées à l'historique d'achat,Nombre de commandes par client sur 90 jours,2011-12-10
15705,202,1,143.1,2,Occasionnels en sommeil,-1.9279992678185733,0.107232823951271,Réactiver les clients,Tester une campagne de retour avec une offre ciblée,Taux de réactivation à 60 jours,2011-12-10
15706,64,4,1060.56,1,Acheteurs réguliers,0.29399279277439955,0.44537240866920724,Entretenir la relation et développer les achats,Tester des recommandations adaptées à l'historique d'achat,Nombre de commandes par client sur 90 jours,2011-12-10
15707,36,4,916.98,1,Acheteurs réguliers,0.44594551547862776,0.026249159297589444,Entretenir la relation et développer les achats,Tester des recommandations adaptées à l'historique d'achat,Nombre de commandes par client sur 90 jours,2011-12-10
15708,41,7,3235.25,1,Acheteurs réguliers,1.418792371103029,0.7475107077509843,Entretenir la relation et développer les achats,Tester des recommandations adaptées à l'historique d'achat,Nombre de commandes par client sur 90 jours,2011-12-10
15709,284,1,133.25,2,Occasionnels en sommeil,-2.094555018227738,0.3020156050218115,Réactiver les clients,Tester une campagne de retour avec une offre ciblée,Taux de réactivation à 60 jours,2011-12-10
15712,10,5,1072.3600000000001,1,Acheteurs réguliers,1.1604462513827818,-0.6353153284312634,Entretenir la relation et développer les achats,Tester des recommandations adaptées à l'historique d'achat,Nombre de commandes par client sur 90 jours,2011-12-10
15713,144,2,356.7,2,Occasionnels en sommeil,-0.9982966649116248,0.37499315373577086,Réactiver les clients,Tester une campagne de retour avec une offre ciblée,Taux de réactivation à 60 jours,2011-12-10
15714,12,2,330.03000000000003,0,Occasionnels récents,-0.08972154391229482,-1.2208827369695752,Encourager un achat supplémentaire,Tester une relance après achat avec des produits complémentaires,Taux de nouvel achat à 60 jours,2011-12-10
15716,146,4,1101.1100000000001,1,Acheteurs réguliers,-0.008087160848261742,0.9894482295908065,Entretenir la relation et développer les achats,Tester des recommandations adaptées à l'historique d'achat,Nombre de commandes par client sur 90 jours,2011-12-10
15717,235,1,150.3,2,Occasionnels en sommeil,-1.9639199639798328,0.22287732301901947,Réactiver les clients,Tester une campagne de retour avec une offre ciblée,Taux de réactivation à 60 jours,2011-12-10
15719,33,13,5030.07,3,Champions,2.216974161126627,0.9856124606659553,Maintenir une relation durable,Tester des avantages de fidélité et un accès anticipé,Taux de réachat à 90 jours,2011-12-10
15720,25,1,598.73,0,Occasionnels récents,-0.4463638172822311,-0.7099035974017508,Encourager un achat supplémentaire,Tester une relance après achat avec des produits complémentaires,Taux de nouvel achat à 60 jours,2011-12-10
15721,12,1,471.40000000000003,0,Occasionnels récents,-0.2878372727419802,-1.2472702262767141,Encourager un achat supplémentaire,Tester une relance après achat avec des produits complémentaires,Taux de nouvel achat à 60 jours,2011-12-10
15722,36,5,2211.21,1,Acheteurs réguliers,1.0278969520047088,0.41623429269773904,Entretenir la relation et développer les achats,Tester des recommandations adaptées à l'historique d'achat,Nombre de commandes par client sur 90 jours,2011-12-10
15723,365,1,190.7,2,Occasionnels en sommeil,-2.0236959209577003,0.5941935350698889,Réactiver les clients,Tester une campagne de retour avec une offre ciblée,Taux de réactivation à 60 jours,2011-12-10
15724,202,2,218.25,2,Occasionnels en sommeil,-1.3622660825688193,0.41565077581806315,Réactiver les clients,Tester une campagne de retour avec une offre ciblée,Taux de réactivation à 60 jours,2011-12-10
15725,16,1,415.25,0,Occasionnels récents,-0.4529838153561919,-1.1189253896733264,Encourager un achat supplémentaire,Tester une relance après achat avec des produits complémentaires,Taux de nouvel achat à 60 jours,2011-12-10
15727,17,7,5159.06,3,Champions,1.972102007514039,0.3664621612209074,Maintenir une relation durable,Tester des avantages de fidélité et un accès anticipé,Taux de réachat à 90 jours,2011-12-10
15729,213,1,85.0,2,Occasionnels en sommeil,-2.1934191493011173,-0.046223939506891534,Réactiver les clients,Tester une campagne de retour avec une offre ciblée,Taux de réactivation à 60 jours,2011-12-10
15730,66,3,1120.88,1,Acheteurs réguliers,0.10649227823995741,0.39946144909820486,Entretenir la relation et développer les achats,Tester des recommandations adaptées à l'historique d'achat,Nombre de commandes par client sur 90 jours,2011-12-10
15732,213,2,294.12,2,Occasionnels en sommeil,-1.2420473653873598,0.5580500182775998,Réactiver les clients,Tester une campagne de retour avec une offre ciblée,Taux de réactivation à 60 jours,2011-12-10
15733,283,1,162.3,2,Occasionnels en sommeil,-2.0002987105024235,0.370985885771865,Réactiver les clients,Tester une campagne de retour avec une offre ciblée,Taux de réactivation à 60 jours,2011-12-10
15734,115,2,1339.45,1,Acheteurs réguliers,-0.2844533021253969,0.7104967809844428,Entretenir la relation et développer les achats,Tester des recommandations adaptées à l'historique d'achat,Nombre de commandes par client sur 90 jours,2011-12-10
15737,15,8,1188.1200000000001,3,Champions,1.4288755893852443,-0.19875745460937086,Maintenir une relation durable,Tester des avantages de fidélité et un accès anticipé,Taux de réachat à 90 jours,2011-12-10
15738,19,16,4812.42,3,Champions,2.5795964890761645,0.6991891328740582,Maintenir une relation durable,Tester des avantages de fidélité et un accès anticipé,Taux de réachat à 90 jours,2011-12-10
15739,67,1,449.12,2,Occasionnels en sommeil,-0.9592592945666876,-0.1893606414242782,Réactiver les clients,Tester une campagne de retour avec une offre ciblée,Taux de réactivation à 60 jours,2011-12-10
15740,50,1,154.88,2,Occasionnels en sommeil,-1.3493000760075167,-0.7620977351265888,Réactiver les clients,Tester une campagne de retour avec une offre ciblée,Taux de réactivation à 60 jours,2011-12-10
15743,17,4,775.96,1,Acheteurs réguliers,0.6492867354072427,-0.5027849684002943,Entretenir la relation et développer les achats,Tester des recommandations adaptées à l'historique d'achat,Nombre de commandes par client sur 90 jours,2011-12-10
15744,78,1,34.8,2,Occasionnels en sommeil,-2.2183663744179873,-1.0127778218126624,Réactiver les clients,Tester une campagne de retour avec une offre ciblée,Taux de réactivation à 60 jours,2011-12-10
15745,20,4,1094.59,1,Acheteurs réguliers,0.7518117896863437,-0.27757588427389895,Entretenir la relation et développer les achats,Tester des recommandations adaptées à l'historique d'achat,Nombre de commandes par client sur 90 jours,2011-12-10
15746,135,1,196.88,2,Occasionnels en sommeil,-1.620623039682038,-0.037762984598202494,Réactiver les clients,Tester une campagne de retour avec une offre ciblée,Taux de réactivation à 60 jours,2011-12-10
15747,13,3,946.64,0,Occasionnels récents,0.640123594284979,-0.6796185194002077,Encourager un achat supplémentaire,Tester une relance après achat avec des produits complémentaires,Taux de nouvel achat à 60 jours,2011-12-10
15748,41,1,144.36,0,Occasionnels récents,-1.306329515243775,-0.9137185106202981,Encourager un achat supplémentaire,Tester une relance après achat avec des produits complémentaires,Taux de nouvel achat à 60 jours,2011-12-10
15749,236,3,44534.3,1,Acheteurs réguliers,1.3567767589544781,2.559763551964206,Entretenir la relation et développer les achats,Tester des recommandations adaptées à l'historique d'achat,Nombre de commandes par client sur 90 jours,2011-12-10
15750,3,8,2463.05,3,Champions,2.3177036010420564,-0.8348337795123957,Maintenir une relation durable,Tester des avantages de fidélité et un accès anticipé,Taux de réachat à 90 jours,2011-12-10
15752,40,7,2626.6,1,Acheteurs réguliers,1.3294515035059025,0.6560598518145525,Entretenir la relation et développer les achats,Tester des recommandations adaptées à l'historique d'achat,Nombre de commandes par client sur 90 jours,2011-12-10
15753,305,1,79.2,2,Occasionnels en sommeil,-2.3666931919198544,0.1608273743363814,Réactiver les clients,Tester une campagne de retour avec une offre ciblée,Taux de réactivation à 60 jours,2011-12-10
15754,52,3,458.57,1,Acheteurs réguliers,-0.2247955993316939,-0.07754589948385837,Entretenir la relation et développer les achats,Tester des recommandations adaptées à l'historique d'achat,Nombre de commandes par client sur 90 jours,2011-12-10
15755,11,6,2364.25,3,Champions,1.6403856514994188,-0.23214250222734092,Maintenir une relation durable,Tester des avantages de fidélité et un accès anticipé,Taux de réachat à 90 jours,2011-12-10
15756,62,4,528.01,1,Acheteurs réguliers,-0.02399569132800473,0.1717042538803623,Entretenir la relation et développer les achats,Tester des recommandations adaptées à l'historique d'achat,Nombre de commandes par client sur 90 jours,2011-12-10
15757,66,2,714.42,1,Acheteurs réguliers,-0.3670224706488747,0.12530556323131942,Entretenir la relation et développer les achats,Tester des recommandations adaptées à l'historique d'achat,Nombre de commandes par client sur 90 jours,2011-12-10
15758,25,1,205.25,0,Occasionnels récents,-0.9524648778528769,-1.0981765526761298,Encourager un achat supplémentaire,Tester une relance après achat avec des produits complémentaires,Taux de nouvel achat à 60 jours,2011-12-10
15759,219,3,253.04,2,Occasionnels en sommeil,-1.0637560794338032,0.6320037397434423,Réactiver les clients,Tester une campagne de retour avec une offre ciblée,Taux de réactivation à 60 jours,2011-12-10
15762,66,2,583.75,2,Occasionnels en sommeil,-0.4626511844474986,0.05194068374694503,Réactiver les clients,Tester une campagne de retour avec une offre ciblée,Taux de réactivation à 60 jours,2011-12-10
15763,32,2,1086.92,1,Acheteurs réguliers,0.10929592960043097,-0.18255278102768305,Entretenir la relation et développer les achats,Tester des recommandations adaptées à l'historique d'achat,Nombre de commandes par client sur 90 jours,2011-12-10
15764,89,6,3279.97,1,Acheteurs réguliers,1.0057986158882706,1.1966115780404976,Entretenir la relation et développer les achats,Tester des recommandations adaptées à l'historique d'achat,Nombre de commandes par client sur 90 jours,2011-12-10
15766,65,1,315.06,2,Occasionnels en sommeil,-1.1152084879038466,-0.3373841400465602,Réactiver les clients,Tester une campagne de retour avec une offre ciblée,Taux de réactivation à 60 jours,2011-12-10
15768,116,3,621.8299999999999,1,Acheteurs réguliers,-0.3910463640920247,0.5477635682270381,Entretenir la relation et développer les achats,Tester des recommandations adaptées à l'historique d'achat,Nombre de commandes par client sur 90 jours,2011-12-10
15769,8,26,56252.72,3,Champions,4.476681621211983,1.2521398310392358,Maintenir une relation durable,Tester des avantages de fidélité et un accès anticipé,Taux de réachat à 90 jours,2011-12-10
15773,6,1,635.6800000000001,0,Occasionnels récents,0.0963044631879264,-1.5410927512228287,Encourager un achat supplémentaire,Tester une relance après achat avec des produits complémentaires,Taux de nouvel achat à 60 jours,2011-12-10
15774,69,1,270.8,2,Occasionnels en sommeil,-1.2098040132011403,-0.3540157987201633,Réactiver les clients,Tester une campagne de retour avec une offre ciblée,Taux de réactivation à 60 jours,2011-12-10
15775,246,1,104.9,2,Occasionnels en sommeil,-2.1509376211284987,0.12271155077869172,Réactiver les clients,Tester une campagne de retour avec une offre ciblée,Taux de réactivation à 60 jours,2011-12-10
15776,134,1,241.62,2,Occasionnels en sommeil,-1.5210820982067892,0.03158691354850067,Réactiver les clients,Tester une campagne de retour avec une offre ciblée,Taux de réactivation à 60 jours,2011-12-10
15777,242,4,1047.11,1,Acheteurs réguliers,-0.22891609054990888,1.2978887054557149,Entretenir la relation et développer les achats,Tester des recommandations adaptées à l'historique d'achat,Nombre de commandes par client sur 90 jours,2011-12-10
15780,184,3,475.28000000000003,2,Occasionnels en sommeil,-0.6978323584434305,0.7480026861177417,Réactiver les clients,Tester une campagne de retour avec une offre ciblée,Taux de réactivation à 60 jours,2011-12-10
15781,26,3,345.46,0,Occasionnels récents,-0.09439663431093614,-0.6187206747782622,Encourager un achat supplémentaire,Tester une relance après achat avec des produits complémentaires,Taux de nouvel achat à 60 jours,2011-12-10
15782,10,3,2614.7400000000002,1,Acheteurs réguliers,1.2160641967117383,-0.4670422426210137,Entretenir la relation et développer les achats,Tester des recommandations adaptées à l'historique d'achat,Nombre de commandes par client sur 90 jours,2011-12-10
15783,11,1,246.3,0,Occasionnels récents,-0.5633439139988641,-1.534732528702889,Encourager un achat supplémentaire,Tester une relance après achat avec des produits complémentaires,Taux de nouvel achat à 60 jours,2011-12-10
15785,33,5,2328.9700000000003,1,Acheteurs réguliers,1.0856306922756156,0.3801367128044192,Entretenir la relation et développer les achats,Tester des recommandations adaptées à l'historique d'achat,Nombre de commandes par client sur 90 jours,2011-12-10
15786,47,3,4919.0,1,Acheteurs réguliers,0.9381407381071005,0.7204337296453716,Entretenir la relation et développer les achats,Tester des recommandations adaptées à l'historique d'achat,Nombre de commandes par client sur 90 jours,2011-12-10
15787,27,3,933.26,1,Acheteurs réguliers,0.36169764761978856,-0.23423686907121039,Entretenir la relation et développer les achats,Tester des recommandations adaptées à l'historique d'achat,Nombre de commandes par client sur 90 jours,2011-12-10
15789,359,1,351.3,2,Occasionnels en sommeil,-1.7286737197976243,0.8048153702203482,Réactiver les clients,Tester une campagne de retour avec une offre ciblée,Taux de réactivation à 60 jours,2011-12-10
15790,11,1,218.75,0,Occasionnels récents,-0.6193463082771569,-1.5776967048782093,Encourager un achat supplémentaire,Tester une relance après achat avec des produits complémentaires,Taux de nouvel achat à 60 jours,2011-12-10
15791,44,2,1612.69,1,Acheteurs réguliers,0.1746642832606956,0.1624659080876914,Entretenir la relation et développer les achats,Tester des recommandations adaptées à l'historique d'achat,Nombre de commandes par client sur 90 jours,2011-12-10
15793,15,3,965.61,0,Occasionnels récents,0.59718289793523,-0.5856115990738039,Encourager un achat supplémentaire,Tester une relance après achat avec des produits complémentaires,Taux de nouvel achat à 60 jours,2011-12-10
15795,150,1,610.01,2,Occasionnels en sommeil,-1.1270521372074955,0.44036558699194966,Réactiver les clients,Tester une campagne de retour avec une offre ciblée,Taux de réactivation à 60 jours,2011-12-10
15796,2,8,2708.61,3,Champions,2.475505772445102,-0.987274179730023,Maintenir une relation durable,Tester des avantages de fidélité et un accès anticipé,Taux de réachat à 90 jours,2011-12-10
15797,114,4,2207.4,1,Acheteurs réguliers,0.417691000224409,1.0826976036711349,Entretenir la relation et développer les achats,Tester des recommandations adaptées à l'historique d'achat,Nombre de commandes par client sur 90 jours,2011-12-10
15799,76,3,884.14,1,Acheteurs réguliers,-0.060414228311433206,0.40367003785688255,Entretenir la relation et développer les achats,Tester des recommandations adaptées à l'historique d'achat,Nombre de commandes par client sur 90 jours,2011-12-10
15800,108,2,696.89,2,Occasionnels en sommeil,-0.5695330059038684,0.43261328688372985,Réactiver les clients,Tester une campagne de retour avec une offre ciblée,Taux de réactivation à 60 jours,2011-12-10
15801,47,3,1063.95,1,Acheteurs réguliers,0.21251383324905662,0.16374392058201823,Entretenir la relation et développer les achats,Tester des recommandations adaptées à l'historique d'achat,Nombre de commandes par client sur 90 jours,2011-12-10
15802,143,1,451.42,2,Occasionnels en sommeil,-1.250929907965533,0.30020129323920264,Réactiver les clients,Tester une campagne de retour avec une offre ciblée,Taux de réactivation à 60 jours,2011-12-10
15803,52,1,415.82000000000005,0,Occasionnels récents,-0.8980204132345442,-0.3793124248747459,Encourager un achat supplémentaire,Tester une relance après achat avec des produits complémentaires,Taux de nouvel achat à 60 jours,2011-12-10
15804,1,13,4206.39,3,Champions,3.2426977958622287,-0.9210479277044991,Maintenir une relation durable,Tester des avantages de fidélité et un accès anticipé,Taux de réachat à 90 jours,2011-12-10
15805,24,17,5488.18,3,Champions,2.606121258224561,0.9139781831474167,Maintenir une relation durable,Tester des avantages de fidélité et un accès anticipé,Taux de réachat à 90 jours,2011-12-10
15806,47,3,784.58,1,Acheteurs réguliers,0.06824917591937872,0.053066292718757235,Entretenir la relation et développer les achats,Tester des recommandations adaptées à l'historique d'achat,Nombre de commandes par client sur 90 jours,2011-12-10
15807,51,3,903.9,1,Acheteurs réguliers,0.10392144886503518,0.15653135385172698,Entretenir la relation et développer les achats,Tester des recommandations adaptées à l'historique d'achat,Nombre de commandes par client sur 90 jours,2011-12-10
15808,307,4,3651.27,1,Acheteurs réguliers,0.2700827056878464,1.9060689325366837,Entretenir la relation et développer les achats,Tester des recommandations adaptées à l'historique d'achat,Nombre de commandes par client sur 90 jours,2011-12-10
15809,37,5,515.77,1,Acheteurs réguliers,0.3279621626503972,-0.09539100478138876,Entretenir la relation et développer les achats,Tester des recommandations adaptées à l'historique d'achat,Nombre de commandes par client sur 90 jours,2011-12-10
15810,79,4,1391.98,1,Acheteurs réguliers,0.3414359373066229,0.6791760192198512,Entretenir la relation et développer les achats,Tester des recommandations adaptées à l'historique d'achat,Nombre de commandes par client sur 90 jours,2011-12-10
15811,23,6,2218.62,1,Acheteurs réguliers,1.3385710266451931,0.19529571366154905,Entretenir la relation et développer les achats,Tester des recommandations adaptées à l'historique d'achat,Nombre de commandes par client sur 90 jours,2011-12-10
15812,108,5,1801.14,1,Acheteurs réguliers,0.5072068308396203,1.0439503360733389,Entretenir la relation et développer les achats,Tester des recommandations adaptées à l'historique d'achat,Nombre de commandes par client sur 90 jours,2011-12-10
15813,208,2,1303.9099999999999,1,Acheteurs réguliers,-0.5279563911822411,1.0834130484297457,Entretenir la relation et développer les achats,Tester des recommandations adaptées à l'historique d'achat,Nombre de commandes par client sur 90 jours,2011-12-10
15814,17,4,1945.33,1,Acheteurs réguliers,1.0847024931579483,-0.16874069106904613,Entretenir la relation et développer les achats,Tester des recommandations adaptées à l'historique d'achat,Nombre de commandes par client sur 90 jours,2011-12-10
15815,64,5,2100.6,1,Acheteurs réguliers,0.7827209257740863,0.7638380563764771,Entretenir la relation et développer les achats,Tester des recommandations adaptées à l'historique d'achat,Nombre de commandes par client sur 90 jours,2011-12-10
15819,50,4,1905.45,1,Acheteurs réguliers,0.6666816537911393,0.5006864705517615,Entretenir la relation et développer les achats,Tester des recommandations adaptées à l'historique d'achat,Nombre de commandes par client sur 90 jours,2011-12-10
15820,320,1,206.98,2,Occasionnels en sommeil,-1.9336263394863409,0.5385670679566178,Réactiver les clients,Tester une campagne de retour avec une offre ciblée,Taux de réactivation à 60 jours,2011-12-10
15821,45,2,570.96,0,Occasionnels récents,-0.3257413767210524,-0.200541936444861,Encourager un achat supplémentaire,Tester une relance après achat avec des produits complémentaires,Taux de nouvel achat à 60 jours,2011-12-10
15822,4,2,885.47,0,Occasionnels récents,0.7518513703347384,-1.4836604576571606,Encourager un achat supplémentaire,Tester une relance après achat avec des produits complémentaires,Taux de nouvel achat à 60 jours,2011-12-10
15823,373,1,15.0,2,Occasionnels en sommeil,-3.2096430152645,-0.2950900372163223,Réactiver les clients,Tester une campagne de retour avec une offre ciblée,Taux de réactivation à 60 jours,2011-12-10
15825,173,1,532.94,2,Occasionnels en sommeil,-1.2465512657604831,0.4834758195662473,Réactiver les clients,Tester une campagne de retour avec une offre ciblée,Taux de réactivation à 60 jours,2011-12-10
15826,57,3,1654.31,1,Acheteurs réguliers,0.34746710629392347,0.4471932968547874,Entretenir la relation et développer les achats,Tester des recommandations adaptées à l'historique d'achat,Nombre de commandes par client sur 90 jours,2011-12-10
15827,74,14,1836.0900000000001,1,Acheteurs réguliers,1.491608115395219,1.1598876077539362,Entretenir la relation et développer les achats,Tester des recommandations adaptées à l'historique d'achat,Nombre de commandes par client sur 90 jours,2011-12-10
15829,100,2,636.14,2,Occasionnels en sommeil,-0.5828368329808393,0.3499362586235276,Réactiver les clients,Tester une campagne de retour avec une offre ciblée,Taux de réactivation à 60 jours,2011-12-10
15830,38,1,576.0,0,Occasionnels récents,-0.6236083296831492,-0.4604009066047942,Encourager un achat supplémentaire,Tester une relance après achat avec des produits complémentaires,Taux de nouvel achat à 60 jours,2011-12-10
15831,59,3,794.64,1,Acheteurs réguliers,-0.013180102083845024,0.20274103158331488,Entretenir la relation et développer les achats,Tester des recommandations adaptées à l'historique d'achat,Nombre de commandes par client sur 90 jours,2011-12-10
15832,255,1,836.79,2,Occasionnels en sommeil,-1.1842983074808908,0.8983276346860561,Réactiver les clients,Tester une campagne de retour avec une offre ciblée,Taux de réactivation à 60 jours,2011-12-10
15834,71,4,2225.15,1,Acheteurs réguliers,0.6050266753961091,0.7812309086264757,Entretenir la relation et développer les achats,Tester des recommandations adaptées à l'historique d'achat,Nombre de commandes par client sur 90 jours,2011-12-10
15835,45,4,954.09,1,Acheteurs réguliers,0.3793978329673673,0.18218788743587577,Entretenir la relation et développer les achats,Tester des recommandations adaptées à l'historique d'achat,Nombre de commandes par client sur 90 jours,2011-12-10
15836,51,1,137.37,2,Occasionnels en sommeil,-1.413408331091384,-0.792819528232382,Réactiver les clients,Tester une campagne de retour avec une offre ciblée,Taux de réactivation à 60 jours,2011-12-10
15837,65,1,391.98,2,Occasionnels en sommeil,-1.0119264218470603,-0.25814772633603333,Réactiver les clients,Tester une campagne de retour avec une offre ciblée,Taux de réactivation à 60 jours,2011-12-10
15838,12,19,33643.08,3,Champions,3.8173853180865036,1.1889050481663128,Maintenir une relation durable,Tester des avantages de fidélité et un accès anticipé,Taux de réachat à 90 jours,2011-12-10
15839,34,3,1048.49,1,Acheteurs réguliers,0.32938076650810505,-0.04688385413233311,Entretenir la relation et développer les achats,Tester des recommandations adaptées à l'historique d'achat,Nombre de commandes par client sur 90 jours,2011-12-10
15840,59,2,355.56,2,Occasionnels en sommeil,-0.6539519478484341,-0.19973192838995493,Réactiver les clients,Tester une campagne de retour avec une offre ciblée,Taux de réactivation à 60 jours,2011-12-10
15841,73,4,1224.06,1,Acheteurs réguliers,0.3110865546049376,0.581773194608449,Entretenir la relation et développer les achats,Tester des recommandations adaptées à l'historique d'achat,Nombre de commandes par client sur 90 jours,2011-12-10
15843,304,1,118.95000000000002,2,Occasionnels en sommeil,-2.174541222984524,0.3051314105808771,Réactiver les clients,Tester une campagne de retour avec une offre ciblée,Taux de réactivation à 60 jours,2011-12-10
15844,47,1,130.73999999999998,2,Occasionnels en sommeil,-1.405316191694387,-0.8627092048424088,Réactiver les clients,Tester une campagne de retour avec une offre ciblée,Taux de réactivation à 60 jours,2011-12-10
15845,18,8,3711.77,3,Champions,1.9013658945475682,0.32711054591775907,Maintenir une relation durable,Tester des avantages de fidélité et un accès anticipé,Taux de réachat à 90 jours,2011-12-10
15847,39,2,389.27,0,Occasionnels récents,-0.4521944633153685,-0.4304286437132068,Encourager un achat supplémentaire,Tester une relance après achat avec des produits complémentaires,Taux de nouvel achat à 60 jours,2011-12-10
15850,20,2,234.88,0,Occasionnels récents,-0.4383753914949829,-1.0324270570588332,Encourager un achat supplémentaire,Tester une relance après achat avec des produits complémentaires,Taux de nouvel achat à 60 jours,2011-12-10
15852,187,2,160.71,2,Occasionnels en sommeil,-1.4765123694259814,0.25502204157677577,Réactiver les clients,Tester une campagne de retour avec une offre ciblée,Taux de réactivation à 60 jours,2011-12-10
15853,52,1,110.8,2,Occasionnels en sommeil,-1.5219720842550772,-0.8579985572103892,Réactiver les clients,Tester une campagne de retour avec une offre ciblée,Taux de réactivation à 60 jours,2011-12-10
15854,5,12,2969.12,3,Champions,2.5799437043544096,-0.3620780052628552,Maintenir une relation durable,Tester des avantages de fidélité et un accès anticipé,Taux de réachat à 90 jours,2011-12-10
15855,137,5,712.24,1,Acheteurs réguliers,-0.024751527669620382,0.8601193588922423,Entretenir la relation et développer les achats,Tester des recommandations adaptées à l'historique d'achat,Nombre de commandes par client sur 90 jours,2011-12-10
15856,5,27,16143.64,3,Champions,4.07662840346158,0.5484773266890287,Maintenir une relation durable,Tester des avantages de fidélité et un accès anticipé,Taux de réachat à 90 jours,2011-12-10
15857,19,1,297.0,0,Occasionnels récents,-0.6751409046025341,-1.1348516313998323,Encourager un achat supplémentaire,Tester une relance après achat avec des produits complémentaires,Taux de nouvel achat à 60 jours,2011-12-10
15858,16,5,1427.57,1,Acheteurs réguliers,1.1253699025057489,-0.24836173328063044,Entretenir la relation et développer les achats,Tester des recommandations adaptées à l'historique d'achat,Nombre de commandes par client sur 90 jours,2011-12-10
15860,41,8,965.16,1,Acheteurs réguliers,0.9521539884363669,0.35302641140496627,Entretenir la relation et développer les achats,Tester des recommandations adaptées à l'historique d'achat,Nombre de commandes par client sur 90 jours,2011-12-10
15861,13,8,3146.92,3,Champions,1.9428106108958973,0.06857523249656164,Maintenir une relation durable,Tester des avantages de fidélité et un accès anticipé,Taux de réachat à 90 jours,2011-12-10
15862,9,4,832.88,0,Occasionnels récents,0.9131961561871579,-0.8591356006175149,Encourager un achat supplémentaire,Tester une relance après achat avec des produits complémentaires,Taux de nouvel achat à 60 jours,2011-12-10
15863,26,2,68.84,0,Occasionnels récents,-1.1139729648492265,-1.311806613527819,Encourager un achat supplémentaire,Tester une relance après achat avec des produits complémentaires,Taux de nouvel achat à 60 jours,2011-12-10
15864,23,6,1936.3200000000002,1,Acheteurs réguliers,1.2740724708195657,0.14581341292677288,Entretenir la relation et développer les achats,Tester des recommandations adaptées à l'historique d'achat,Nombre de commandes par client sur 90 jours,2011-12-10
15865,41,3,895.13,1,Acheteurs réguliers,0.18301552190873965,0.014162906889257377,Entretenir la relation et développer les achats,Tester des recommandations adaptées à l'historique d'achat,Nombre de commandes par client sur 90 jours,2011-12-10
15866,102,1,211.89,2,Occasionnels en sommeil,-1.4770209117110829,-0.1918220933054087,Réactiver les clients,Tester une campagne de retour avec une offre ciblée,Taux de réactivation à 60 jours,2011-12-10
15867,6,15,3810.14,3,Champions,2.8255442335035155,-0.0914255604321498,Maintenir une relation durable,Tester des avantages de fidélité et un accès anticipé,Taux de réachat à 90 jours,2011-12-10
15869,278,2,149.64,2,Occasionnels en sommeil,-1.6648676512581828,0.4858325438586282,Réactiver les clients,Tester une campagne de retour avec une offre ciblée,Taux de réactivation à 60 jours,2011-12-10
15870,33,1,351.44,0,Occasionnels récents,-0.8035683205388688,-0.7289026764157777,Encourager un achat supplémentaire,Tester une relance après achat avec des produits complémentaires,Taux de nouvel achat à 60 jours,2011-12-10
15872,15,2,316.25,0,Occasionnels récents,-0.19126741108723658,-1.1013812063508013,Encourager un achat supplémentaire,Tester une relance après achat avec des produits complémentaires,Taux de nouvel achat à 60 jours,2011-12-10
15874,64,7,4405.88,1,Acheteurs réguliers,1.3940120061018806,1.1436938262039906,Entretenir la relation et développer les achats,Tester des recommandations adaptées à l'historique d'achat,Nombre de commandes par client sur 90 jours,2011-12-10
15877,2,2,490.33,0,Occasionnels récents,0.6722632844067327,-2.030369044229591,Encourager un achat supplémentaire,Tester une relance après achat avec des produits complémentaires,Taux de nouvel achat à 60 jours,2011-12-10
15880,370,1,329.03000000000003,2,Occasionnels en sommeil,-1.7714324795846232,0.8006261711481635,Réactiver les clients,Tester une campagne de retour avec une offre ciblée,Taux de réactivation à 60 jours,2011-12-10
15881,313,5,501.39000000000004,2,Occasionnels en sommeil,-0.5131554579429949,1.267043933411749,Réactiver les clients,Tester une campagne de retour avec une offre ciblée,Taux de réactivation à 60 jours,2011-12-10
15882,199,4,516.36,2,Occasionnels en sommeil,-0.48733564501382576,0.9144869857170663,Réactiver les clients,Tester une campagne de retour avec une offre ciblée,Taux de réactivation à 60 jours,2011-12-10
15883,3,2,396.48,0,Occasionnels récents,0.45899859876210924,-1.920478632520669,Encourager un achat supplémentaire,Tester une relance après achat avec des produits complémentaires,Taux de nouvel achat à 60 jours,2011-12-10
15885,93,3,379.35,2,Occasionnels en sommeil,-0.5390963565158161,0.22609008997315416,Réactiver les clients,Tester une campagne de retour avec une offre ciblée,Taux de réactivation à 60 jours,2011-12-10
15886,61,1,181.09,2,Occasionnels en sommeil,-1.3521631148676998,-0.5786111594995375,Réactiver les clients,Tester une campagne de retour avec une offre ciblée,Taux de réactivation à 60 jours,2011-12-10
15888,81,1,168.31,2,Occasionnels en sommeil,-1.496251857553024,-0.42334817068208497,Réactiver les clients,Tester une campagne de retour avec une offre ciblée,Taux de réactivation à 60 jours,2011-12-10
15889,157,2,420.07,2,Occasionnels en sommeil,-0.9546149210482553,0.4901347747477899,Réactiver les clients,Tester une campagne de retour avec une offre ciblée,Taux de réactivation à 60 jours,2011-12-10
15891,227,1,511.68,2,Occasionnels en sommeil,-1.3717587344037738,0.6443877756909228,Réactiver les clients,Tester une campagne de retour avec une offre ciblée,Taux de réactivation à 60 jours,2011-12-10
15894,254,2,258.25,2,Occasionnels en sommeil,-1.3721969278185968,0.6248498433759634,Réactiver les clients,Tester une campagne de retour avec une offre ciblée,Taux de réactivation à 60 jours,2011-12-10
15895,150,1,179.17,2,Occasionnels en sommeil,-1.7060875630113255,-0.0038614923425912134,Réactiver les clients,Tester une campagne de retour avec une offre ciblée,Taux de réactivation à 60 jours,2011-12-10
15897,195,2,208.59,2,Occasionnels en sommeil,-1.3698766271348153,0.37645022188862975,Réactiver les clients,Tester une campagne de retour avec une offre ciblée,Taux de réactivation à 60 jours,2011-12-10
15898,2,5,1383.83,3,Champions,1.7905138464223478,-1.38718560460006,Maintenir une relation durable,Tester des avantages de fidélité et un accès anticipé,Taux de réachat à 90 jours,2011-12-10
15899,369,1,56.25,2,Occasionnels en sommeil,-2.60096609182091,0.1616546978993166,Réactiver les clients,Tester une campagne de retour avec une offre ciblée,Taux de réactivation à 60 jours,2011-12-10
15900,24,1,337.28,0,Occasionnels récents,-0.7024907871144059,-0.943688011474239,Encourager un achat supplémentaire,Tester une relance après achat avec des produits complémentaires,Taux de nouvel achat à 60 jours,2011-12-10
15901,17,3,351.73,0,Occasionnels récents,0.073032176881263,-0.8757538206825499,Encourager un achat supplémentaire,Tester une relance après achat avec des produits complémentaires,Taux de nouvel achat à 60 jours,2011-12-10
15903,10,7,5126.76,3,Champions,2.1621540977638345,0.04406218389812102,Maintenir une relation durable,Tester des avantages de fidélité et un accès anticipé,Taux de réachat à 90 jours,2011-12-10
15904,9,1,164.68,0,Occasionnels récents,-0.6817988858949795,-1.7989452897308125,Encourager un achat supplémentaire,Tester une relance après achat avec des produits complémentaires,Taux de nouvel achat à 60 jours,2011-12-10
15906,20,7,1567.69,1,Acheteurs réguliers,1.3471101597997757,0.03353145952957636,Entretenir la relation et développer les achats,Tester des recommandations adaptées à l'historique d'achat,Nombre de commandes par client sur 90 jours,2011-12-10
15907,4,3,882.72,0,Occasionnels récents,1.0105778632857452,-1.3742868206106524,Encourager un achat supplémentaire,Tester une relance après achat avec des produits complémentaires,Taux de nouvel achat à 60 jours,2011-12-10
15909,174,1,191.94,2,Occasionnels en sommeil,-1.7314346656892474,0.11692896861765938,Réactiver les clients,Tester une campagne de retour avec une offre ciblée,Taux de réactivation à 60 jours,2011-12-10
15910,1,8,1228.88,3,Champions,2.2599066434747628,-1.5381604744735575,Maintenir une relation durable,Tester des avantages de fidélité et un accès anticipé,Taux de réachat à 90 jours,2011-12-10
15912,179,2,264.62,2,Occasionnels en sommeil,-1.2241664182001264,0.40727600773362893,Réactiver les clients,Tester une campagne de retour avec une offre ciblée,Taux de réactivation à 60 jours,2011-12-10
15916,17,8,1502.8600000000001,3,Champions,1.4940499384531813,-0.036778539906899665,Maintenir une relation durable,Tester des avantages de fidélité et un accès anticipé,Taux de réachat à 90 jours,2011-12-10
15917,248,1,123.1,2,Occasionnels en sommeil,-2.0789022939826927,0.18564304854607266,Réactiver les clients,Tester une campagne de retour avec une offre ciblée,Taux de réactivation à 60 jours,2011-12-10
15918,191,2,334.23,2,Occasionnels en sommeil,-1.1391047050912975,0.5338918180707682,Réactiver les clients,Tester une campagne de retour avec une offre ciblée,Taux de réactivation à 60 jours,2011-12-10
15919,20,2,525.69,0,Occasionnels récents,-0.057497565570962535,-0.7402234428177268,Encourager un achat supplémentaire,Tester une relance après achat avec des produits complémentaires,Taux de nouvel achat à 60 jours,2011-12-10
15920,155,4,167.5,2,Occasionnels en sommeil,-0.9218503002419312,0.344917958872924,Réactiver les clients,Tester une campagne de retour avec une offre ciblée,Taux de réactivation à 60 jours,2011-12-10
15921,173,1,323.03000000000003,2,Occasionnels en sommeil,-1.4833632257205964,0.301797323507857,Réactiver les clients,Tester une campagne de retour avec une offre ciblée,Taux de réactivation à 60 jours,2011-12-10
15922,374,1,369.5,2,Occasionnels en sommeil,-1.7207911654846755,0.849672847027998,Réactiver les clients,Tester une campagne de retour avec une offre ciblée,Taux de réactivation à 60 jours,2011-12-10
15923,373,1,127.08,2,Occasionnels en sommeil,-2.22338376368913,0.46155290252399583,Réactiver les clients,Tester une campagne de retour avec une offre ciblée,Taux de réactivation à 60 jours,2011-12-10
15925,195,1,207.15,2,Occasionnels en sommeil,-1.7398763777195059,0.21819595282012794,Réactiver les clients,Tester une campagne de retour avec une offre ciblée,Taux de réactivation à 60 jours,2011-12-10
15930,68,1,426.63,2,Occasionnels en sommeil,-0.9892842611655231,-0.19851602967666723,Réactiver les clients,Tester une campagne de retour avec une offre ciblée,Taux de réactivation à 60 jours,2011-12-10
15932,5,8,2495.87,3,Champions,2.165052621362534,-0.5664633083958189,Maintenir une relation durable,Tester des avantages de fidélité et un accès anticipé,Taux de réachat à 90 jours,2011-12-10
15933,22,3,1107.46,1,Acheteurs réguliers,0.5198656529253205,-0.2999083289729408,Entretenir la relation et développer les achats,Tester des recommandations adaptées à l'historique d'achat,Nombre de commandes par client sur 90 jours,2011-12-10
15935,240,2,416.86,2,Occasionnels en sommeil,-1.1237282227360186,0.7617875330820502,Réactiver les clients,Tester une campagne de retour avec une offre ciblée,Taux de réactivation à 60 jours,2011-12-10
15937,65,1,145.35,2,Occasionnels en sommeil,-1.4802697409724632,-0.6174535226819162,Réactiver les clients,Tester une campagne de retour avec une offre ciblée,Taux de réactivation à 60 jours,2011-12-10
15938,113,5,404.58,1,Acheteurs réguliers,-0.2175226207361954,0.5305891671049949,Entretenir la relation et développer les achats,Tester des recommandations adaptées à l'historique d'achat,Nombre de commandes par client sur 90 jours,2011-12-10
15939,90,15,6115.01,3,Champions,2.0444586856289657,1.7478746823554094,Maintenir une relation durable,Tester des avantages de fidélité et un accès anticipé,Taux de réachat à 90 jours,2011-12-10
15940,312,1,35.8,2,Occasionnels en sommeil,-2.744931946606232,-0.10784821796758388,Réactiver les clients,Tester une campagne de retour avec une offre ciblée,Taux de réactivation à 60 jours,2011-12-10
15942,134,1,337.44,2,Occasionnels en sommeil,-1.3632617585853326,0.15266425252529886,Réactiver les clients,Tester une campagne de retour avec une offre ciblée,Taux de réactivation à 60 jours,2011-12-10
15944,277,1,325.1,2,Occasionnels en sommeil,-1.6640013198315091,0.6086873291838424,Réactiver les clients,Tester une campagne de retour avec une offre ciblée,Taux de réactivation à 60 jours,2011-12-10
15945,366,1,181.0,2,Occasionnels en sommeil,-2.0493854964387954,0.5770789287201488,Réactiver les clients,Tester une campagne de retour avec une offre ciblée,Taux de réactivation à 60 jours,2011-12-10
15947,83,1,1708.24,1,Acheteurs réguliers,-0.409432432043273,0.43335290438424456,Entretenir la relation et développer les achats,Tester des recommandations adaptées à l'historique d'achat,Nombre de commandes par client sur 90 jours,2011-12-10
15948,9,2,955.24,0,Occasionnels récents,0.5160899959010992,-1.0055472032347366,Encourager un achat supplémentaire,Tester une relance après achat avec des produits complémentaires,Taux de nouvel achat à 60 jours,2011-12-10
15949,17,2,364.72,0,Occasionnels récents,-0.17001988104595686,-0.9731022720831715,Encourager un achat supplémentaire,Tester une relance après achat avec des produits complémentaires,Taux de nouvel achat à 60 jours,2011-12-10
15950,32,4,1744.71,1,Acheteurs réguliers,0.7955437635279355,0.1856838697156199,Entretenir la relation et développer les achats,Tester des recommandations adaptées à l'historique d'achat,Nombre de commandes par client sur 90 jours,2011-12-10
15951,9,2,708.22,0,Occasionnels récents,0.3743941192780273,-1.1142541020201309,Encourager un achat supplémentaire,Tester une relance après achat avec des produits complémentaires,Taux de nouvel achat à 60 jours,2011-12-10
15952,34,4,781.91,1,Acheteurs réguliers,0.39226210874215806,-0.06776704322621965,Entretenir la relation et développer les achats,Tester des recommandations adaptées à l'historique d'achat,Nombre de commandes par client sur 90 jours,2011-12-10
15953,16,8,1657.28,3,Champions,1.562799521431943,-0.038376305567257164,Maintenir une relation durable,Tester des avantages de fidélité et un accès anticipé,Taux de réachat à 90 jours,2011-12-10
15955,25,14,4416.26,3,Champions,2.3228310914233217,0.7904091249769781,Maintenir une relation durable,Tester des avantages de fidélité et un accès anticipé,Taux de réachat à 90 jours,2011-12-10
15957,32,1,428.89,0,Occasionnels récents,-0.6976782489605994,-0.6760471152689419,Encourager un achat supplémentaire,Tester une relance après achat avec des produits complémentaires,Taux de nouvel achat à 60 jours,2011-12-10
15958,75,1,104.35,2,Occasionnels en sommeil,-1.6914249710293945,-0.6453229620236186,Réactiver les clients,Tester une campagne de retour avec une offre ciblée,Taux de réactivation à 60 jours,2011-12-10
15963,20,2,470.76,0,Occasionnels récents,-0.10972105760905312,-0.78028850327327,Encourager un achat supplémentaire,Tester une relance après achat avec des produits complémentaires,Taux de nouvel achat à 60 jours,2011-12-10
15965,18,4,808.87,1,Acheteurs réguliers,0.6477646999323321,-0.4525501061729292,Entretenir la relation et développer les achats,Tester des recommandations adaptées à l'historique d'achat,Nombre de commandes par client sur 90 jours,2011-12-10
15967,24,2,397.68,0,Occasionnels récents,-0.25786447502972765,-0.728181391377477,Encourager un achat supplémentaire,Tester une relance après achat avec des produits complémentaires,Taux de nouvel achat à 60 jours,2011-12-10
15969,3,3,666.1,0,Occasionnels récents,0.9647098898794577,-1.6216220542928803,Encourager un achat supplémentaire,Tester une relance après achat avec des produits complémentaires,Taux de nouvel achat à 60 jours,2011-12-10
15970,304,1,314.1,2,Occasionnels en sommeil,-1.7166019657359193,0.656455370557543,Réactiver les clients,Tester une campagne de retour avec une offre ciblée,Taux de réactivation à 60 jours,2011-12-10
15971,18,12,4199.85,3,Champions,2.2925231441653877,0.5132876168574453,Maintenir une relation durable,Tester des avantages de fidélité et un accès anticipé,Taux de réachat à 90 jours,2011-12-10
15973,367,1,307.82000000000005,2,Occasionnels en sommeil,-1.7997454035511231,0.7711859537074566,Réactiver les clients,Tester une campagne de retour avec une offre ciblée,Taux de réactivation à 60 jours,2011-12-10
15974,40,7,3442.15,1,Acheteurs réguliers,1.45762122566193,0.7543896927797253,Entretenir la relation et développer les achats,Tester des recommandations adaptées à l'historique d'achat,Nombre de commandes par client sur 90 jours,2011-12-10
15975,85,1,371.01,2,Occasionnels en sommeil,-1.141675731899311,-0.10604209299291462,Réactiver les clients,Tester une campagne de retour avec une offre ciblée,Taux de réactivation à 60 jours,2011-12-10
15976,166,2,427.64,2,Occasionnels en sommeil,-0.9678803195543526,0.5326262422667286,Réactiver les clients,Tester une campagne de retour avec une offre ciblée,Taux de réactivation à 60 jours,2011-12-10
15977,18,2,1054.73,0,Occasionnels récents,0.31144174445587725,-0.552329768252697,Encourager un achat supplémentaire,Tester une relance après achat avec des produits complémentaires,Taux de nouvel achat à 60 jours,2011-12-10
15978,78,1,1098.78,2,Occasionnels en sommeil,-0.5944486466118204,0.2330669005572517,Réactiver les clients,Tester une campagne de retour avec une offre ciblée,Taux de réactivation à 60 jours,2011-12-10
15980,89,3,2398.86,1,Acheteurs réguliers,0.3513634865396634,0.8678952266076255,Entretenir la relation et développer les achats,Tester des recommandations adaptées à l'historique d'achat,Nombre de commandes par client sur 90 jours,2011-12-10
15981,25,8,3408.48,3,Champions,1.7380195958668483,0.4999928740311469,Maintenir une relation durable,Tester des avantages de fidélité et un accès anticipé,Taux de réachat à 90 jours,2011-12-10
15983,23,4,1465.12,1,Acheteurs réguliers,0.8376051155617367,-0.0848062006421685,Entretenir la relation et développer les achats,Tester des recommandations adaptées à l'historique d'achat,Nombre de commandes par client sur 90 jours,2011-12-10
15984,3,10,2780.63,3,Champions,2.5566854509844092,-0.7136537868719335,Maintenir une relation durable,Tester des avantages de fidélité et un accès anticipé,Taux de réachat à 90 jours,2011-12-10
15985,124,2,1142.42,1,Acheteurs réguliers,-0.3891224958959575,0.7012370166163923,Entretenir la relation et développer les achats,Tester des recommandations adaptées à l'historique d'achat,Nombre de commandes par client sur 90 jours,2011-12-10
15986,31,1,168.12,0,Occasionnels récents,-1.1279596241463805,-1.0354074655780587,Encourager un achat supplémentaire,Tester une relance après achat avec des produits complémentaires,Taux de nouvel achat à 60 jours,2011-12-10
15987,13,7,1432.77,3,Champions,1.4633930756424132,-0.2627400312126711,Maintenir une relation durable,Tester des avantages de fidélité et un accès anticipé,Taux de réachat à 90 jours,2011-12-10
15988,20,1,156.78,0,Occasionnels récents,-0.995771355580528,-1.3344488209853087,Encourager un achat supplémentaire,Tester une relance après achat avec des produits complémentaires,Taux de nouvel achat à 60 jours,2011-12-10
15990,45,2,792.11,1,Acheteurs réguliers,-0.17074578496974546,-0.08163170061977601,Entretenir la relation et développer les achats,Tester des recommandations adaptées à l'historique d'achat,Nombre de commandes par client sur 90 jours,2011-12-10
15992,4,1,41.989999999999995,0,Occasionnels récents,-1.0497839021021595,-2.740243495921636,Encourager un achat supplémentaire,Tester une relance après achat avec des produits complémentaires,Taux de nouvel achat à 60 jours,2011-12-10
15993,9,7,2777.67,3,Champions,1.9090027345221798,-0.24076451497855664,Maintenir une relation durable,Tester des avantages de fidélité et un accès anticipé,Taux de réachat à 90 jours,2011-12-10
15994,55,1,414.27,2,Occasionnels en sommeil,-0.9213679237739455,-0.34487809340038095,Réactiver les clients,Tester une campagne de retour avec une offre ciblée,Taux de réactivation à 60 jours,2011-12-10
15996,89,6,1032.58,1,Acheteurs réguliers,0.45810525790001744,0.7764296514298866,Entretenir la relation et développer les achats,Tester des recommandations adaptées à l'historique d'achat,Nombre de commandes par client sur 90 jours,2011-12-10
15998,37,5,3080.22,1,Acheteurs réguliers,1.1745453163425366,0.5540945793802501,Entretenir la relation et développer les achats,Tester des recommandations adaptées à l'historique d'achat,Nombre de commandes par client sur 90 jours,2011-12-10
16000,3,3,12393.7,3,Champions,2.3502102423516753,-0.5586874779821281,Maintenir une relation durable,Tester des avantages de fidélité et un accès anticipé,Taux de réachat à 90 jours,2011-12-10
16003,30,5,2735.37,1,Acheteurs réguliers,1.1980690337639628,0.37857693452224367,Entretenir la relation et développer les achats,Tester des recommandations adaptées à l'historique d'achat,Nombre de commandes par client sur 90 jours,2011-12-10
16005,13,4,578.71,0,Occasionnels récents,0.6089316825016629,-0.7726732631405454,Encourager un achat supplémentaire,Tester une relance après achat avec des produits complémentaires,Taux de nouvel achat à 60 jours,2011-12-10
16006,212,1,101.4,2,Occasionnels en sommeil,-2.1088257724156616,0.01422179103544661,Réactiver les clients,Tester une campagne de retour avec une offre ciblée,Taux de réactivation à 60 jours,2011-12-10
16007,48,4,1693.81,1,Acheteurs réguliers,0.6265679566261999,0.43187816753518027,Entretenir la relation et développer les achats,Tester des recommandations adaptées à l'historique d'achat,Nombre de commandes par client sur 90 jours,2011-12-10
16008,24,3,478.78,0,Occasionnels récents,0.09013250769564744,-0.5503208065968478,Encourager un achat supplémentaire,Tester une relance après achat avec des produits complémentaires,Taux de nouvel achat à 60 jours,2011-12-10
16009,23,4,972.11,1,Acheteurs réguliers,0.6432624774571212,-0.23390288569478773,Entretenir la relation et développer les achats,Tester des recommandations adaptées à l'historique d'achat,Nombre de commandes par client sur 90 jours,2011-12-10
16010,246,3,392.4,2,Occasionnels en sommeil,-0.9017676970216923,0.8663343128717401,Réactiver les clients,Tester une campagne de retour avec une offre ciblée,Taux de réactivation à 60 jours,2011-12-10
16011,9,16,3352.96,3,Champions,2.6799864967641427,0.11722104644119556,Maintenir une relation durable,Tester des avantages de fidélité et un accès anticipé,Taux de réachat à 90 jours,2011-12-10
16012,36,3,1415.29,1,Acheteurs réguliers,0.4497192262773324,0.09826908063981055,Entretenir la relation et développer les achats,Tester des recommandations adaptées à l'historique d'achat,Nombre de commandes par client sur 90 jours,2011-12-10
16013,4,47,37130.6,3,Champions,5.030504953838977,0.9399719924057596,Maintenir une relation durable,Tester des avantages de fidélité et un accès anticipé,Taux de réachat à 90 jours,2011-12-10
16014,38,3,646.83,1,Acheteurs réguliers,0.05822191629357755,-0.15203242598589428,Entretenir la relation et développer les achats,Tester des recommandations adaptées à l'historique d'achat,Nombre de commandes par client sur 90 jours,2011-12-10
16015,4,3,704.55,0,Occasionnels récents,0.9038174576831057,-1.4561917629612762,Encourager un achat supplémentaire,Tester une relance après achat avec des produits complémentaires,Taux de nouvel achat à 60 jours,2011-12-10
16016,4,8,1465.51,3,Champions,1.9841957161127832,-0.8785498736215285,Maintenir une relation durable,Tester des avantages de fidélité et un accès anticipé,Taux de réachat à 90 jours,2011-12-10
16017,48,1,211.88,2,Occasionnels en sommeil,-1.1858552281382255,-0.6747390509357585,Réactiver les clients,Tester une campagne de retour avec une offre ciblée,Taux de réactivation à 60 jours,2011-12-10
16018,40,2,408.90000000000003,0,Occasionnels récents,-0.4386043584116157,-0.3965268749649503,Encourager un achat supplémentaire,Tester une relance après achat avec des produits complémentaires,Taux de nouvel achat à 60 jours,2011-12-10
16019,47,9,3786.2400000000002,1,Acheteurs réguliers,1.6428270325030712,0.9772122309145442,Entretenir la relation et développer les achats,Tester des recommandations adaptées à l'historique d'achat,Nombre de commandes par client sur 90 jours,2011-12-10
16020,17,3,851.01,0,Occasionnels récents,0.4911810840744894,-0.5549564057203992,Encourager un achat supplémentaire,Tester une relance après achat avec des produits complémentaires,Taux de nouvel achat à 60 jours,2011-12-10
16022,261,1,602.63,2,Occasionnels en sommeil,-1.3488073623014079,0.7941440981922243,Réactiver les clients,Tester une campagne de retour avec une offre ciblée,Taux de réactivation à 60 jours,2011-12-10
16023,47,3,719.81,1,Acheteurs réguliers,0.0274502982176855,0.021766020794305965,Entretenir la relation et développer les achats,Tester des recommandations adaptées à l'historique d'achat,Nombre de commandes par client sur 90 jours,2011-12-10
16024,13,1,251.03,0,Occasionnels récents,-0.6147811031001388,-1.4276409114131934,Encourager un achat supplémentaire,Tester une relance après achat avec des produits complémentaires,Taux de nouvel achat à 60 jours,2011-12-10
16025,30,1,439.65999999999997,0,Occasionnels récents,-0.6614405512572346,-0.707685181999281,Encourager un achat supplémentaire,Tester une relance après achat avec des produits complémentaires,Taux de nouvel achat à 60 jours,2011-12-10
16026,44,1,236.09,0,Occasionnels récents,-1.1014060215219759,-0.6909117645336014,Encourager un achat supplémentaire,Tester une relance après achat avec des produits complémentaires,Taux de nouvel achat à 60 jours,2011-12-10
16027,92,6,934.62,1,Acheteurs réguliers,0.3980400837511856,0.7615223652628952,Entretenir la relation et développer les achats,Tester des recommandations adaptées à l'historique d'achat,Nombre de commandes par client sur 90 jours,2011-12-10
16029,39,63,80850.84,3,Champions,4.844612059091547,2.6851977409128938,Maintenir une relation durable,Tester des avantages de fidélité et un accès anticipé,Taux de réachat à 90 jours,2011-12-10
16030,310,1,331.24,2,Occasionnels en sommeil,-1.6991232682036679,0.6883857759083523,Réactiver les clients,Tester une campagne de retour avec une offre ciblée,Taux de réactivation à 60 jours,2011-12-10
16031,93,2,547.9,2,Occasionnels en sommeil,-0.6253669890609397,0.24902193851222976,Réactiver les clients,Tester une campagne de retour avec une offre ciblée,Taux de réactivation à 60 jours,2011-12-10
16033,6,20,8778.82,3,Champions,3.467189551007659,0.31659599583599435,Maintenir une relation durable,Tester des avantages de fidélité et un accès anticipé,Taux de réachat à 90 jours,2011-12-10
16034,197,3,437.7,2,Occasionnels en sommeil,-0.7634208766339223,0.7622484177408935,Réactiver les clients,Tester une campagne de retour avec une offre ciblée,Taux de réactivation à 60 jours,2011-12-10
16036,88,2,758.92,1,Acheteurs réguliers,-0.44970440205413276,0.33182297631764035,Entretenir la relation et développer les achats,Tester des recommandations adaptées à l'historique d'achat,Nombre de commandes par client sur 90 jours,2011-12-10
16037,270,3,855.02,2,Occasionnels en sommeil,-0.5694796940875048,1.2094208689429955,Réactiver les clients,Tester une campagne de retour avec une offre ciblée,Taux de réactivation à 60 jours,2011-12-10
16038,8,3,471.78000000000003,0,Occasionnels récents,0.4836066551477897,-1.2197531485912632,Encourager un achat supplémentaire,Tester une relance après achat avec des produits complémentaires,Taux de nouvel achat à 60 jours,2011-12-10
16040,66,3,1313.55,1,Acheteurs réguliers,0.18163930476356496,0.45711309289342744,Entretenir la relation et développer les achats,Tester des recommandations adaptées à l'historique d'achat,Nombre de commandes par client sur 90 jours,2011-12-10
16041,31,3,3166.4,1,Acheteurs réguliers,0.8882518897879932,0.29667781537417615,Entretenir la relation et développer les achats,Tester des recommandations adaptées à l'historique d'achat,Nombre de commandes par client sur 90 jours,2011-12-10
16042,23,5,1177.47,1,Acheteurs réguliers,0.8989543248452408,-0.09421909471499884,Entretenir la relation et développer les achats,Tester des recommandations adaptées à l'historique d'achat,Nombre de commandes par client sur 90 jours,2011-12-10
16043,38,4,773.99,1,Acheteurs réguliers,0.34502612438519364,-0.0011254339211145205,Entretenir la relation et développer les achats,Tester des recommandations adaptées à l'historique d'achat,Nombre de commandes par client sur 90 jours,2011-12-10
16045,120,4,1340.7,1,Acheteurs réguliers,0.1614741651772072,0.9344838704518953,Entretenir la relation et développer les achats,Tester des recommandations adaptées à l'historique d'achat,Nombre de commandes par client sur 90 jours,2011-12-10
16048,374,2,256.44,2,Occasionnels en sommeil,-1.5266818367044237,0.8729866877925886,Réactiver les clients,Tester une campagne de retour avec une offre ciblée,Taux de réactivation à 60 jours,2011-12-10
16049,41,3,1074.81,1,Acheteurs réguliers,0.2696630556314073,0.08063756305339012,Entretenir la relation et développer les achats,Tester des recommandations adaptées à l'historique d'achat,Nombre de commandes par client sur 90 jours,2011-12-10
16050,174,1,137.9,2,Occasionnels en sommeil,-1.887251549582042,-0.00261134991572804,Réactiver les clients,Tester une campagne de retour avec une offre ciblée,Taux de réactivation à 60 jours,2011-12-10
16052,55,1,362.06,2,Occasionnels en sommeil,-0.985074825953529,-0.3937530496250376,Réactiver les clients,Tester une campagne de retour avec une offre ciblée,Taux de réactivation à 60 jours,2011-12-10
16053,33,2,1511.95,1,Acheteurs réguliers,0.2539659135676861,-0.04318251848096555,Entretenir la relation et développer les achats,Tester des recommandations adaptées à l'historique d'achat,Nombre de commandes par client sur 90 jours,2011-12-10
16054,146,1,783.9,2,Occasionnels en sommeil,-0.9977821408327805,0.514015445108795,Réactiver les clients,Tester une campagne de retour avec une offre ciblée,Taux de réactivation à 60 jours,2011-12-10
16055,221,1,134.8,2,Occasionnels en sommeil,-1.9911966648039674,0.1438106003479865,Réactiver les clients,Tester une campagne de retour avec une offre ciblée,Taux de réactivation à 60 jours,2011-12-10
16056,46,1,650.75,0,Occasionnels récents,-0.6389817932066767,-0.2948050344304565,Encourager un achat supplémentaire,Tester une relance après achat avec des produits complémentaires,Taux de nouvel achat à 60 jours,2011-12-10
16057,17,7,2263.12,3,Champions,1.581516899865983,0.06681126963479289,Maintenir une relation durable,Tester des avantages de fidélité et un accès anticipé,Taux de réachat à 90 jours,2011-12-10
16059,66,6,1453.16,1,Acheteurs réguliers,0.7356524075692129,0.708787208974109,Entretenir la relation et développer les achats,Tester des recommandations adaptées à l'historique d'achat,Nombre de commandes par client sur 90 jours,2011-12-10
16062,10,4,1153.62,1,Acheteurs réguliers,1.0301440258337147,-0.6788021286809967,Entretenir la relation et développer les achats,Tester des recommandations adaptées à l'historique d'achat,Nombre de commandes par client sur 90 jours,2011-12-10
16063,261,1,335.32,2,Occasionnels en sommeil,-1.62613572723724,0.5813820389433555,Réactiver les clients,Tester une campagne de retour avec une offre ciblée,Taux de réactivation à 60 jours,2011-12-10
16065,366,1,367.14,2,Occasionnels en sommeil,-1.715368817782641,0.8333313909981932,Réactiver les clients,Tester une campagne de retour avec une offre ciblée,Taux de réactivation à 60 jours,2011-12-10
16066,17,5,1521.04,1,Acheteurs réguliers,1.1330166447339218,-0.18815388107598988,Entretenir la relation et développer les achats,Tester des recommandations adaptées à l'historique d'achat,Nombre de commandes par client sur 90 jours,2011-12-10
16070,23,2,852.15,0,Occasionnels récents,0.11885651494250123,-0.4779769400788499,Encourager un achat supplémentaire,Tester une relance après achat avec des produits complémentaires,Taux de nouvel achat à 60 jours,2011-12-10
16071,45,1,326.24,0,Occasionnels récents,-0.9572247018487706,-0.5594023850954698,Encourager un achat supplémentaire,Tester une relance après achat avec des produits complémentaires,Taux de nouvel achat à 60 jours,2011-12-10
16072,289,1,584.3199999999999,2,Occasionnels en sommeil,-1.4032102788056686,0.8489392627479624,Réactiver les clients,Tester une campagne de retour avec une offre ciblée,Taux de réactivation à 60 jours,2011-12-10
16073,298,1,122.39999999999999,2,Occasionnels en sommeil,-2.15330875183482,0.302531627677649,Réactiver les clients,Tester une campagne de retour avec une offre ciblée,Taux de réactivation à 60 jours,2011-12-10
16076,4,10,2234.73,3,Champions,2.3656360936616756,-0.6480778880825314,Maintenir une relation durable,Tester des avantages de fidélité et un accès anticipé,Taux de réachat à 90 jours,2011-12-10
16078,284,1,79.2,2,Occasionnels en sommeil,-2.338826676969784,0.11461414270792368,Réactiver les clients,Tester une campagne de retour avec une offre ciblée,Taux de réactivation à 60 jours,2011-12-10
16079,17,3,1352.0,1,Acheteurs réguliers,0.7104656876746023,-0.386724628079021,Entretenir la relation et développer les achats,Tester des recommandations adaptées à l'historique d'achat,Nombre de commandes par client sur 90 jours,2011-12-10
16080,82,2,217.16,2,Occasionnels en sommeil,-1.0140767850491104,-0.16751075354001219,Réactiver les clients,Tester une campagne de retour avec une offre ciblée,Taux de réactivation à 60 jours,2011-12-10
16081,57,5,2799.42,1,Acheteurs réguliers,0.9634960006723691,0.7941973437576157,Entretenir la relation et développer les achats,Tester des recommandations adaptées à l'historique d'achat,Nombre de commandes par client sur 90 jours,2011-12-10
16083,101,2,1317.62,1,Acheteurs réguliers,-0.24182621410120636,0.6209210951330216,Entretenir la relation et développer les achats,Tester des recommandations adaptées à l'historique d'achat,Nombre de commandes par client sur 90 jours,2011-12-10
16084,300,1,436.18,2,Occasionnels en sommeil,-1.5561654387214674,0.7669889265541879,Réactiver les clients,Tester une campagne de retour avec une offre ciblée,Taux de réactivation à 60 jours,2011-12-10
16085,24,5,981.51,1,Acheteurs réguliers,0.7967244969140713,-0.13383814521993678,Entretenir la relation et développer les achats,Tester des recommandations adaptées à l'historique d'achat,Nombre de commandes par client sur 90 jours,2011-12-10
16086,60,5,1121.39,1,Acheteurs réguliers,0.5102115008722846,0.49438983558154265,Entretenir la relation et développer les achats,Tester des recommandations adaptées à l'historique d'achat,Nombre de commandes par client sur 90 jours,2011-12-10
16091,155,2,315.06,2,Occasionnels en sommeil,-1.085639194138592,0.3775037771174703,Réactiver les clients,Tester une campagne de retour avec une offre ciblée,Taux de réactivation à 60 jours,2011-12-10
16092,115,3,817.86,1,Acheteurs réguliers,-0.25793628383920386,0.6417228779543518,Entretenir la relation et développer les achats,Tester des recommandations adaptées à l'historique d'achat,Nombre de commandes par client sur 90 jours,2011-12-10
16093,107,1,17.0,2,Occasionnels en sommeil,-2.666937517506358,-1.059641782637315,Réactiver les clients,Tester une campagne de retour avec une offre ciblée,Taux de réactivation à 60 jours,2011-12-10
16094,12,4,1078.23,1,Acheteurs réguliers,0.9326499638716775,-0.5947771696134905,Entretenir la relation et développer les achats,Tester des recommandations adaptées à l'historique d'achat,Nombre de commandes par client sur 90 jours,2011-12-10
16096,265,1,320.62,2,Occasionnels en sommeil,-1.6532653707072986,0.5749736490826745,Réactiver les clients,Tester une campagne de retour avec une offre ciblée,Taux de réactivation à 60 jours,2011-12-10
16097,241,1,185.04999999999998,2,Occasionnels en sommeil,-1.8757299053677159,0.31440396853615865,Réactiver les clients,Tester une campagne de retour avec une offre ciblée,Taux de réactivation à 60 jours,2011-12-10
16098,88,7,2005.63,1,Acheteurs réguliers,0.8978229230072143,1.0617866728307124,Entretenir la relation et développer les achats,Tester des recommandations adaptées à l'historique d'achat,Nombre de commandes par client sur 90 jours,2011-12-10
16099,51,3,731.9,1,Acheteurs réguliers,0.003963860724573544,0.07984542850386116,Entretenir la relation et développer les achats,Tester des recommandations adaptées à l'historique d'achat,Nombre de commandes par client sur 90 jours,2011-12-10
16101,71,1,1290.7,1,Acheteurs réguliers,-0.4818159970956952,0.2312679075403734,Entretenir la relation et développer les achats,Tester des recommandations adaptées à l'historique d'achat,Nombre de commandes par client sur 90 jours,2011-12-10
16102,43,3,1842.14,1,Acheteurs réguliers,0.506708969935208,0.30672284447946296,Entretenir la relation et développer les achats,Tester des recommandations adaptées à l'historique d'achat,Nombre de commandes par client sur 90 jours,2011-12-10
16103,8,6,1429.64,3,Champions,1.5147610313191942,-0.6020235808894875,Maintenir une relation durable,Tester des avantages de fidélité et un accès anticipé,Taux de réachat à 90 jours,2011-12-10
16104,62,1,298.21,2,Occasionnels en sommeil,-1.1229515224863704,-0.38755177636452154,Réactiver les clients,Tester une campagne de retour avec une offre ciblée,Taux de réactivation à 60 jours,2011-12-10
16105,249,1,336.96,2,Occasionnels en sommeil,-1.6054529240998636,0.5526766165606475,Réactiver les clients,Tester une campagne de retour avec une offre ciblée,Taux de réactivation à 60 jours,2011-12-10
16106,66,1,108.38,2,Occasionnels en sommeil,-1.6242230039566694,-0.7135955107287464,Réactiver les clients,Tester une campagne de retour avec une offre ciblée,Taux de réactivation à 60 jours,2011-12-10
16107,18,7,3204.1600000000003,3,Champions,1.7251272819678098,0.22838949205013592,Maintenir une relation durable,Tester des avantages de fidélité et un accès anticipé,Taux de réachat à 90 jours,2011-12-10
16108,85,1,842.5,2,Occasionnels en sommeil,-0.7535196267362209,0.19174530521868863,Réactiver les clients,Tester une campagne de retour avec une offre ciblée,Taux de réactivation à 60 jours,2011-12-10
16109,219,2,611.88,2,Occasionnels en sommeil,-0.9063843373856492,0.8418542734690986,Réactiver les clients,Tester une campagne de retour avec une offre ciblée,Taux de réactivation à 60 jours,2011-12-10
16110,46,3,1320.95,1,Acheteurs réguliers,0.32326719848210694,0.22869639807198655,Entretenir la relation et développer les achats,Tester des recommandations adaptées à l'historique d'achat,Nombre de commandes par client sur 90 jours,2011-12-10
16112,144,4,195.73999999999998,2,Occasionnels en sommeil,-0.8197215929251467,0.3537510640692153,Réactiver les clients,Tester une campagne de retour avec une offre ciblée,Taux de réactivation à 60 jours,2011-12-10
16113,184,1,161.38,2,Occasionnels en sommeil,-1.8349777086165648,0.09032345541254821,Réactiver les clients,Tester une campagne de retour avec une offre ciblée,Taux de réactivation à 60 jours,2011-12-10
16114,171,1,135.75000000000003,2,Occasionnels en sommeil,-1.8878706509896723,-0.019525609048662483,Réactiver les clients,Tester une campagne de retour avec une offre ciblée,Taux de réactivation à 60 jours,2011-12-10
16115,10,8,1660.8799999999999,3,Champions,1.7344535313149254,-0.3205496182907993,Maintenir une relation durable,Tester des avantages de fidélité et un accès anticipé,Taux de réachat à 90 jours,2011-12-10
16116,212,1,612.78,2,Occasionnels en sommeil,-1.2597453548378401,0.6656232376690994,Réactiver les clients,Tester une campagne de retour avec une offre ciblée,Taux de réactivation à 60 jours,2011-12-10
16117,190,1,232.21,2,Occasionnels en sommeil,-1.6758464233558732,0.24275109109711962,Réactiver les clients,Tester une campagne de retour avec une offre ciblée,Taux de réactivation à 60 jours,2011-12-10
16119,9,2,423.36,0,Occasionnels récents,0.13087948307082053,-1.3010747882801619,Encourager un achat supplémentaire,Tester une relance après achat avec des produits complémentaires,Taux de nouvel achat à 60 jours,2011-12-10
16120,60,4,1309.14,1,Acheteurs réguliers,0.4186454065945724,0.4806207998977776,Entretenir la relation et développer les achats,Tester des recommandations adaptées à l'historique d'achat,Nombre de commandes par client sur 90 jours,2011-12-10
16121,58,2,854.66,1,Acheteurs réguliers,-0.23230910050262923,0.10776719612926342,Entretenir la relation et développer les achats,Tester des recommandations adaptées à l'historique d'achat,Nombre de commandes par client sur 90 jours,2011-12-10
16122,74,4,684.4200000000001,1,Acheteurs réguliers,0.03048127070546792,0.3792586067694313,Entretenir la relation et développer les achats,Tester des recommandations adaptées à l'historique d'achat,Nombre de commandes par client sur 90 jours,2011-12-10
16123,52,1,307.78,2,Occasionnels en sommeil,-1.04027686161284,-0.4884493856951788,Réactiver les clients,Tester une campagne de retour avec une offre ciblée,Taux de réactivation à 60 jours,2011-12-10
16124,318,1,249.0,2,Occasionnels en sommeil,-1.843924367727168,0.6014430509189926,Réactiver les clients,Tester une campagne de retour avec une offre ciblée,Taux de réactivation à 60 jours,2011-12-10
16125,368,1,289.35,2,Occasionnels en sommeil,-1.8300504712204835,0.7505163337495695,Réactiver les clients,Tester une campagne de retour avec une offre ciblée,Taux de réactivation à 60 jours,2011-12-10
16126,30,4,6287.77,1,Acheteurs réguliers,1.4277190468928076,0.6112399595890545,Entretenir la relation et développer les achats,Tester des recommandations adaptées à l'historique d'achat,Nombre de commandes par client sur 90 jours,2011-12-10
16127,40,1,656.25,0,Occasionnels récents,-0.5814656521397946,-0.38052401088162524,Encourager un achat supplémentaire,Tester une relance après achat avec des produits complémentaires,Taux de nouvel achat à 60 jours,2011-12-10
16128,18,5,1880.22,1,Acheteurs réguliers,1.212281881088138,-0.0759402655413669,Entretenir la relation et développer les achats,Tester des recommandations adaptées à l'historique d'achat,Nombre de commandes par client sur 90 jours,2011-12-10
16131,52,6,3506.54,1,Acheteurs réguliers,1.2450082127906983,0.8767087737652027,Entretenir la relation et développer les achats,Tester des recommandations adaptées à l'historique d'achat,Nombre de commandes par client sur 90 jours,2011-12-10
16133,4,33,14589.04,3,Champions,4.275691734196409,0.4677146175168936,Maintenir une relation durable,Tester des avantages de fidélité et un accès anticipé,Taux de réachat à 90 jours,2011-12-10
16134,22,2,618.09,0,Occasionnels récents,-0.016513977143462505,-0.6222931854947988,Encourager un achat supplémentaire,Tester une relance après achat avec des produits complémentaires,Taux de nouvel achat à 60 jours,2011-12-10
16135,263,1,517.55,2,Occasionnels en sommeil,-1.4238229535624767,0.743823099897285,Réactiver les clients,Tester une campagne de retour avec une offre ciblée,Taux de réactivation à 60 jours,2011-12-10
16136,60,3,709.38,1,Acheteurs réguliers,-0.0734020193537399,0.17225436552835405,Entretenir la relation et développer les achats,Tester des recommandations adaptées à l'historique d'achat,Nombre de commandes par client sur 90 jours,2011-12-10
16139,19,3,635.41,0,Occasionnels récents,0.3115491720346231,-0.5925993741662235,Encourager un achat supplémentaire,Tester une relance après achat avec des produits complémentaires,Taux de nouvel achat à 60 jours,2011-12-10
16140,66,2,725.18,1,Acheteurs réguliers,-0.35994432555418016,0.13073580736216386,Entretenir la relation et développer les achats,Tester des recommandations adaptées à l'historique d'achat,Nombre de commandes par client sur 90 jours,2011-12-10
16141,89,1,620.4,2,Occasionnels en sommeil,-0.9162313685272605,0.11013714065940673,Réactiver les clients,Tester une campagne de retour avec une offre ciblée,Taux de réactivation à 60 jours,2011-12-10
16142,250,1,535.34,2,Occasionnels en sommeil,-1.3880367688229007,0.7232702257995022,Réactiver les clients,Tester une campagne de retour avec une offre ciblée,Taux de réactivation à 60 jours,2011-12-10
16143,4,6,2424.94,3,Champions,1.995544098154962,-0.7919920850386697,Maintenir une relation durable,Tester des avantages de fidélité et un accès anticipé,Taux de réachat à 90 jours,2011-12-10
16144,247,1,175.2,2,Occasionnels en sommeil,-1.9111209527560553,0.31053649286037444,Réactiver les clients,Tester une campagne de retour avec une offre ciblée,Taux de réactivation à 60 jours,2011-12-10
16145,9,11,3799.4900000000002,3,Champions,2.4242166293892375,0.028895813750403714,Maintenir une relation durable,Tester des avantages de fidélité et un accès anticipé,Taux de réachat à 90 jours,2011-12-10
16146,158,3,734.13,1,Acheteurs réguliers,-0.4326700270339059,0.8074437484644917,Entretenir la relation et développer les achats,Tester des recommandations adaptées à l'historique d'achat,Nombre de commandes par client sur 90 jours,2011-12-10
16147,134,1,375.0,2,Occasionnels en sommeil,-1.3133613257086507,0.1909470976958941,Réactiver les clients,Tester une campagne de retour avec une offre ciblée,Taux de réactivation à 60 jours,2011-12-10
16148,297,1,76.32000000000001,2,Occasionnels en sommeil,-2.3736496282568185,0.1303045142860767,Réactiver les clients,Tester une campagne de retour avec une offre ciblée,Taux de réactivation à 60 jours,2011-12-10
16149,5,2,280.52,0,Occasionnels récents,0.13652074105970355,-1.7823967321109346,Encourager un achat supplémentaire,Tester une relance après achat avec des produits complémentaires,Taux de nouvel achat à 60 jours,2011-12-10
16150,43,5,2053.02,1,Acheteurs réguliers,0.9248034189415564,0.5018746269974559,Entretenir la relation et développer les achats,Tester des recommandations adaptées à l'historique d'achat,Nombre de commandes par client sur 90 jours,2011-12-10
16152,269,1,1829.04,2,Occasionnels en sommeil,-0.8347038778873301,1.2171514924684461,Réactiver les clients,Tester une campagne de retour avec une offre ciblée,Taux de réactivation à 60 jours,2011-12-10
16153,50,5,1824.23,1,Acheteurs réguliers,0.8109430342037345,0.5548825198710058,Entretenir la relation et développer les achats,Tester des recommandations adaptées à l'historique d'achat,Nombre de commandes par client sur 90 jours,2011-12-10
16156,9,9,3092.04,3,Champions,2.161649426757399,-0.11606264410328929,Maintenir une relation durable,Tester des avantages de fidélité et un accès anticipé,Taux de réachat à 90 jours,2011-12-10
16157,16,3,656.69,0,Occasionnels récents,0.3908445895107409,-0.6862744113446066,Encourager un achat supplémentaire,Tester une relance après achat avec des produits complémentaires,Taux de nouvel achat à 60 jours,2011-12-10
16159,282,1,348.2,2,Occasionnels en sommeil,-1.638537214288938,0.6451702484141641,Réactiver les clients,Tester une campagne de retour avec une offre ciblée,Taux de réactivation à 60 jours,2011-12-10
16160,66,2,1025.44,1,Acheteurs réguliers,-0.19586358495797174,0.256616029749103,Entretenir la relation et développer les achats,Tester des recommandations adaptées à l'historique d'achat,Nombre de commandes par client sur 90 jours,2011-12-10
16161,2,19,5533.67,3,Champions,3.5363810732389216,-0.4207464460638194,Maintenir une relation durable,Tester des avantages de fidélité et un accès anticipé,Taux de réachat à 90 jours,2011-12-10
16162,253,1,37.4,2,Occasionnels en sommeil,-2.642884840702152,-0.22813416647312765,Réactiver les clients,Tester une campagne de retour avec une offre ciblée,Taux de réactivation à 60 jours,2011-12-10
16163,233,2,856.6,2,Occasionnels en sommeil,-0.7712666907794695,1.0041674866190646,Réactiver les clients,Tester une campagne de retour avec une offre ciblée,Taux de réactivation à 60 jours,2011-12-10
16164,18,3,822.48,0,Occasionnels récents,0.4538400739555447,-0.5322013103290408,Encourager un achat supplémentaire,Tester une relance après achat avec des produits complémentaires,Taux de nouvel achat à 60 jours,2011-12-10
16168,11,27,3787.6,3,Champions,3.117623897865307,0.47172956659039644,Maintenir une relation durable,Tester des avantages de fidélité et un accès anticipé,Taux de réachat à 90 jours,2011-12-10
16169,9,4,1822.97,1,Acheteurs réguliers,1.2843028719168346,-0.5744282319428407,Entretenir la relation et développer les achats,Tester des recommandations adaptées à l'historique d'achat,Nombre de commandes par client sur 90 jours,2011-12-10
16170,51,6,1885.05,1,Acheteurs réguliers,0.9582985337582061,0.6386401006198182,Entretenir la relation et développer les achats,Tester des recommandations adaptées à l'historique d'achat,Nombre de commandes par client sur 90 jours,2011-12-10
16171,60,1,73.2,2,Occasionnels en sommeil,-1.7714498417455713,-0.915740621210824,Réactiver les clients,Tester une campagne de retour avec une offre ciblée,Taux de réactivation à 60 jours,2011-12-10
16172,96,5,1140.21,1,Acheteurs réguliers,0.3362919819430811,0.8019385804283137,Entretenir la relation et développer les achats,Tester des recommandations adaptées à l'historique d'achat,Nombre de commandes par client sur 90 jours,2011-12-10
16173,16,6,1418.32,1,Acheteurs réguliers,1.2617144060563943,-0.1915126943337019,Entretenir la relation et développer les achats,Tester des recommandations adaptées à l'historique d'achat,Nombre de commandes par client sur 90 jours,2011-12-10
16174,127,3,1009.5500000000001,1,Acheteurs réguliers,-0.19678970939187626,0.7822220915858484,Entretenir la relation et développer les achats,Tester des recommandations adaptées à l'historique d'achat,Nombre de commandes par client sur 90 jours,2011-12-10
16175,95,4,1037.59,1,Acheteurs réguliers,0.13077281590378162,0.6908944373681734,Entretenir la relation et développer les achats,Tester des recommandations adaptées à l'historique d'achat,Nombre de commandes par client sur 90 jours,2011-12-10
16177,51,1,331.95,2,Occasionnels en sommeil,-0.9970774495962993,-0.4734168746441478,Réactiver les clients,Tester une campagne de retour avec une offre ciblée,Taux de réactivation à 60 jours,2011-12-10
16178,139,1,197.9,2,Occasionnels en sommeil,-1.629547111580908,-0.017050495247483272,Réactiver les clients,Tester une campagne de retour avec une offre ciblée,Taux de réactivation à 60 jours,2011-12-10
16179,61,1,215.83,2,Occasionnels en sommeil,-1.269370919808746,-0.5150942599045293,Réactiver les clients,Tester une campagne de retour avec une offre ciblée,Taux de réactivation à 60 jours,2011-12-10
16180,101,8,10254.18,1,Acheteurs réguliers,1.7244061662702665,1.7890592999975976,Entretenir la relation et développer les achats,Tester des recommandations adaptées à l'historique d'achat,Nombre de commandes par client sur 90 jours,2011-12-10
16181,74,1,305.54,2,Occasionnels en sommeil,-1.1798148748525672,-0.26541600146537886,Réactiver les clients,Tester une campagne de retour avec une offre ciblée,Taux de réactivation à 60 jours,2011-12-10
16182,73,4,6617.65,1,Acheteurs réguliers,1.1109275364174482,1.1953989028963186,Entretenir la relation et développer les achats,Tester des recommandations adaptées à l'historique d'achat,Nombre de commandes par client sur 90 jours,2011-12-10
16183,68,1,338.71000000000004,2,Occasionnels en sommeil,-1.0984170156138682,-0.2822410016004858,Réactiver les clients,Tester une campagne de retour avec une offre ciblée,Taux de réactivation à 60 jours,2011-12-10
16184,65,6,1158.79,1,Acheteurs réguliers,0.6342993276219009,0.6167339408992109,Entretenir la relation et développer les achats,Tester des recommandations adaptées à l'historique d'achat,Nombre de commandes par client sur 90 jours,2011-12-10
16185,17,2,529.41,0,Occasionnels récents,0.0062599347172739035,-0.8378631067187695,Encourager un achat supplémentaire,Tester une relance après achat avec des produits complémentaires,Taux de nouvel achat à 60 jours,2011-12-10
16186,23,12,4006.94,3,Champions,2.1786668083364185,0.6480400422616559,Maintenir une relation durable,Tester des avantages de fidélité et un accès anticipé,Taux de réachat à 90 jours,2011-12-10
16187,32,15,6911.4400000000005,3,Champions,2.500082378364601,1.1330620762037604,Maintenir une relation durable,Tester des avantages de fidélité et un accès anticipé,Taux de réachat à 90 jours,2011-12-10
16188,45,4,981.86,1,Acheteurs réguliers,0.39298744124390855,0.19261362604350574,Entretenir la relation et développer les achats,Tester des recommandations adaptées à l'historique d'achat,Nombre de commandes par client sur 90 jours,2011-12-10
16189,16,2,215.48,0,Occasionnels récents,-0.3962451675199468,-1.2010002240441795,Encourager un achat supplémentaire,Tester une relance après achat avec des produits complémentaires,Taux de nouvel achat à 60 jours,2011-12-10
16190,41,1,215.08,0,Occasionnels récents,-1.1183605263984413,-0.7695115913211695,Encourager un achat supplémentaire,Tester une relance après achat avec des produits complémentaires,Taux de nouvel achat à 60 jours,2011-12-10
16191,3,13,5180.52,3,Champions,3.0697583272456432,-0.3947386726650185,Maintenir une relation durable,Tester des avantages de fidélité et un accès anticipé,Taux de réachat à 90 jours,2011-12-10
16193,237,1,314.45,2,Occasionnels en sommeil,-1.618854249504801,0.4956293988529175,Réactiver les clients,Tester une campagne de retour avec une offre ciblée,Taux de réactivation à 60 jours,2011-12-10
16198,76,1,400.68100000000004,2,Occasionnels en sommeil,-1.0619631827676956,-0.1499817220696858,Réactiver les clients,Tester une campagne de retour avec une offre ciblée,Taux de réactivation à 60 jours,2011-12-10
16200,5,2,1068.8700000000001,0,Occasionnels récents,0.7695504580430046,-1.2967460624354443,Encourager un achat supplémentaire,Tester une relance après achat avec des produits complémentaires,Taux de nouvel achat à 60 jours,2011-12-10
16201,4,4,1863.47,3,Champions,1.5663994233154972,-1.0169938507347724,Maintenir une relation durable,Tester des avantages de fidélité et un accès anticipé,Taux de réachat à 90 jours,2011-12-10
16202,361,1,365.27,2,Occasionnels en sommeil,-1.7124067146967277,0.8225623017905815,Réactiver les clients,Tester une campagne de retour avec une offre ciblée,Taux de réactivation à 60 jours,2011-12-10
16203,59,4,592.9,1,Acheteurs réguliers,0.049988572306329866,0.18207827930352444,Entretenir la relation et développer les achats,Tester des recommandations adaptées à l'historique d'achat,Nombre de commandes par client sur 90 jours,2011-12-10
16204,24,1,384.18,0,Occasionnels récents,-0.640928929743783,-0.8964587006592798,Encourager un achat supplémentaire,Tester une relance après achat avec des produits complémentaires,Taux de nouvel achat à 60 jours,2011-12-10
16205,31,4,757.63,1,Acheteurs réguliers,0.412448829907187,-0.13747576784517887,Entretenir la relation et développer les achats,Tester des recommandations adaptées à l'historique d'achat,Nombre de commandes par client sur 90 jours,2011-12-10
16206,55,4,537.0600000000001,1,Acheteurs réguliers,0.030212995772999234,0.10131416969857475,Entretenir la relation et développer les achats,Tester des recommandations adaptées à l'historique d'achat,Nombre de commandes par client sur 90 jours,2011-12-10
16207,26,1,394.38,0,Occasionnels récents,-0.6587017149706808,-0.836925654840014,Encourager un achat supplémentaire,Tester une relance après achat avec des produits complémentaires,Taux de nouvel achat à 60 jours,2011-12-10
16208,45,2,664.26,0,Occasionnels récents,-0.2540934055234517,-0.1455747141178831,Encourager un achat supplémentaire,Tester une relance après achat avec des produits complémentaires,Taux de nouvel achat à 60 jours,2011-12-10
16209,89,5,2262.62,1,Acheteurs réguliers,0.6903827077675698,1.0023817097012073,Entretenir la relation et développer les achats,Tester des recommandations adaptées à l'historique d'achat,Nombre de commandes par client sur 90 jours,2011-12-10
16210,2,18,21086.3,3,Champions,4.124226685948185,0.04612916726745895,Maintenir une relation durable,Tester des avantages de fidélité et un accès anticipé,Taux de réachat à 90 jours,2011-12-10
16211,89,1,547.02,2,Occasionnels en sommeil,-0.975814327466935,0.06442601030647964,Réactiver les clients,Tester une campagne de retour avec une offre ciblée,Taux de réactivation à 60 jours,2011-12-10
16212,20,2,690.34,0,Occasionnels récents,0.07147997912735818,-0.641273852813736,Encourager un achat supplémentaire,Tester une relance après achat avec des produits complémentaires,Taux de nouvel achat à 60 jours,2011-12-10
16213,79,1,159.0,2,Occasionnels en sommeil,-1.5133900680443793,-0.4599719915054171,Réactiver les clients,Tester une campagne de retour avec une offre ciblée,Taux de réactivation à 60 jours,2011-12-10
16214,171,3,1062.75,1,Acheteurs réguliers,-0.2882723776894237,0.9929403967235156,Entretenir la relation et développer les achats,Tester des recommandations adaptées à l'historique d'achat,Nombre de commandes par client sur 90 jours,2011-12-10
16215,81,1,242.35,2,Occasionnels en sommeil,-1.3242454886532828,-0.291387528071665,Réactiver les clients,Tester une campagne de retour avec une offre ciblée,Taux de réactivation à 60 jours,2011-12-10
16216,268,1,914.9300000000001,2,Occasionnels en sommeil,-1.1614325133564571,0.9629625996239397,Réactiver les clients,Tester une campagne de retour avec une offre ciblée,Taux de réactivation à 60 jours,2011-12-10
16217,236,2,304.25,2,Occasionnels en sommeil,-1.2660578628367898,0.6366824930482278,Réactiver les clients,Tester une campagne de retour avec une offre ciblée,Taux de réactivation à 60 jours,2011-12-10
16218,30,7,3084.68,1,Acheteurs réguliers,1.5152327683320121,0.5327827252005751,Entretenir la relation et développer les achats,Tester des recommandations adaptées à l'historique d'achat,Nombre de commandes par client sur 90 jours,2011-12-10
16221,37,3,860.86,1,Acheteurs réguliers,0.20375560809298285,-0.06507651151566551,Entretenir la relation et développer les achats,Tester des recommandations adaptées à l'historique d'achat,Nombre de commandes par client sur 90 jours,2011-12-10
16222,319,1,773.5500000000001,2,Occasionnels en sommeil,-1.30897451851563,1.0148239912019061,Réactiver les clients,Tester une campagne de retour avec une offre ciblée,Taux de réactivation à 60 jours,2011-12-10
16224,58,4,1295.3,1,Acheteurs réguliers,0.42667640877738494,0.4550886104045861,Entretenir la relation et développer les achats,Tester des recommandations adaptées à l'historique d'achat,Nombre de commandes par client sur 90 jours,2011-12-10
16225,45,5,1096.32,1,Acheteurs réguliers,0.610123611928302,0.3027180944281592,Entretenir la relation et développer les achats,Tester des recommandations adaptées à l'historique d'achat,Nombre de commandes par client sur 90 jours,2011-12-10
16226,204,3,255.12,2,Occasionnels en sommeil,-1.0322106902430823,0.5890676628922299,Réactiver les clients,Tester une campagne de retour avec une offre ciblée,Taux de réactivation à 60 jours,2011-12-10
16227,226,1,314.22,2,Occasionnels en sommeil,-1.6006524420258665,0.46460506523854117,Réactiver les clients,Tester une campagne de retour avec une offre ciblée,Taux de réactivation à 60 jours,2011-12-10
16229,88,2,1010.6,1,Acheteurs réguliers,-0.3140623532907291,0.4358854714119113,Entretenir la relation et développer les achats,Tester des recommandations adaptées à l'historique d'achat,Nombre de commandes par client sur 90 jours,2011-12-10
16230,190,2,542.03,2,Occasionnels en sommeil,-0.9083537415401541,0.7059558278365017,Réactiver les clients,Tester une campagne de retour avec une offre ciblée,Taux de réactivation à 60 jours,2011-12-10
16232,44,4,990.88,1,Acheteurs réguliers,0.4059337705540734,0.18165016397077022,Entretenir la relation et développer les achats,Tester des recommandations adaptées à l'historique d'achat,Nombre de commandes par client sur 90 jours,2011-12-10
16233,72,3,536.6800000000001,1,Acheteurs réguliers,-0.2758592642206316,0.18766706765850436,Entretenir la relation et développer les achats,Tester des recommandations adaptées à l'historique d'achat,Nombre de commandes par client sur 90 jours,2011-12-10
16235,41,5,867.31,1,Acheteurs réguliers,0.5347933078161364,0.15843756471533096,Entretenir la relation et développer les achats,Tester des recommandations adaptées à l'historique d'achat,Nombre de commandes par client sur 90 jours,2011-12-10
16236,79,1,432.2,2,Occasionnels en sommeil,-1.0411264967388423,-0.0976586379382842,Réactiver les clients,Tester une campagne de retour avec une offre ciblée,Taux de réactivation à 60 jours,2011-12-10
16239,57,2,414.2,0,Occasionnels récents,-0.5684712818169904,-0.16638320530228004,Encourager un achat supplémentaire,Tester une relance après achat avec des produits complémentaires,Taux de nouvel achat à 60 jours,2011-12-10
16240,25,2,3718.8,1,Acheteurs réguliers,0.7856613092680194,0.1096832914211315,Entretenir la relation et développer les achats,Tester des recommandations adaptées à l'historique d'achat,Nombre de commandes par client sur 90 jours,2011-12-10
16241,10,13,2590.31,3,Champions,2.3447009982332734,0.010753138704637202,Maintenir une relation durable,Tester des avantages de fidélité et un accès anticipé,Taux de réachat à 90 jours,2011-12-10
16242,9,7,3579.86,3,Champions,2.029261170144407,-0.14850409145154825,Maintenir une relation durable,Tester des avantages de fidélité et un accès anticipé,Taux de réachat à 90 jours,2011-12-10
16243,34,2,409.1,0,Occasionnels récents,-0.3763561253395546,-0.49919699899628245,Encourager un achat supplémentaire,Tester une relance après achat avec des produits complémentaires,Taux de nouvel achat à 60 jours,2011-12-10
16244,212,2,1522.75,1,Acheteurs réguliers,-0.46187501196635405,1.152133249088497,Entretenir la relation et développer les achats,Tester des recommandations adaptées à l'historique d'achat,Nombre de commandes par client sur 90 jours,2011-12-10
16245,24,3,1413.66,1,Acheteurs réguliers,0.6028366972848435,-0.1569820322245998,Entretenir la relation et développer les achats,Tester des recommandations adaptées à l'historique d'achat,Nombre de commandes par client sur 90 jours,2011-12-10
16247,171,1,114.56,2,Occasionnels en sommeil,-1.967700369328511,-0.08076974203505344,Réactiver les clients,Tester une campagne de retour avec une offre ciblée,Taux de réactivation à 60 jours,2011-12-10
16248,62,1,152.94,2,Occasionnels en sommeil,-1.438062090287941,-0.6292997609677368,Réactiver les clients,Tester une campagne de retour avec une offre ciblée,Taux de réactivation à 60 jours,2011-12-10
16249,53,5,1800.07,1,Acheteurs réguliers,0.7822213605124575,0.5871890823376433,Entretenir la relation et développer les achats,Tester des recommandations adaptées à l'historique d'achat,Nombre de commandes par client sur 90 jours,2011-12-10
16250,262,2,389.44,2,Occasionnels en sommeil,-1.190149851023643,0.7938816270902282,Réactiver les clients,Tester une campagne de retour avec une offre ciblée,Taux de réactivation à 60 jours,2011-12-10
16253,67,2,3683.86,1,Acheteurs réguliers,0.40435515756946694,0.7311795555584267,Entretenir la relation et développer les achats,Tester des recommandations adaptées à l'historique d'achat,Nombre de commandes par client sur 90 jours,2011-12-10
16255,17,8,2619.91,3,Champions,1.7574327151621996,0.16528467838763575,Maintenir une relation durable,Tester des avantages de fidélité et un accès anticipé,Taux de réachat à 90 jours,2011-12-10
16256,267,1,752.4300000000001,2,Occasionnels en sommeil,-1.2525756259488514,0.8894981605593789,Réactiver les clients,Tester une campagne de retour avec une offre ciblée,Taux de réactivation à 60 jours,2011-12-10
16257,177,1,46.95,2,Occasionnels en sommeil,-2.398215492561577,-0.3784551747872815,Réactiver les clients,Tester une campagne de retour avec une offre ciblée,Taux de réactivation à 60 jours,2011-12-10
16258,46,5,5203.51,1,Acheteurs réguliers,1.3397787976441469,0.8829446209646366,Entretenir la relation et développer les achats,Tester des recommandations adaptées à l'historique d'achat,Nombre de commandes par client sur 90 jours,2011-12-10
16260,51,1,1035.45,0,Occasionnels récents,-0.4586519034253414,-0.0603450708204179,Encourager un achat supplémentaire,Tester une relance après achat avec des produits complémentaires,Taux de nouvel achat à 60 jours,2011-12-10
16261,18,4,728.54,1,Acheteurs réguliers,0.598235419145041,-0.4905482091648743,Entretenir la relation et développer les achats,Tester des recommandations adaptées à l'historique d'achat,Nombre de commandes par client sur 90 jours,2011-12-10
16265,10,9,5447.0,3,Champions,2.392704366766803,0.15181201847513173,Maintenir une relation durable,Tester des avantages de fidélité et un accès anticipé,Taux de réachat à 90 jours,2011-12-10
16266,74,7,861.89,1,Acheteurs réguliers,0.5647603931483923,0.6435529215803699,Entretenir la relation et développer les achats,Tester des recommandations adaptées à l'historique d'achat,Nombre de commandes par client sur 90 jours,2011-12-10
16268,72,2,667.65,1,Acheteurs réguliers,-0.43269602568507604,0.15646166663939023,Entretenir la relation et développer les achats,Tester des recommandations adaptées à l'historique d'achat,Nombre de commandes par client sur 90 jours,2011-12-10
16270,354,1,1141.24,2,Occasionnels en sommeil,-1.1654687886323034,1.2236006005594762,Réactiver les clients,Tester une campagne de retour avec une offre ciblée,Taux de réactivation à 60 jours,2011-12-10
16271,3,5,1404.64,3,Champions,1.6848270345798497,-1.1947631015017448,Maintenir une relation durable,Tester des avantages de fidélité et un accès anticipé,Taux de réachat à 90 jours,2011-12-10
16272,117,1,411.7,2,Occasionnels en sommeil,-1.216449576571815,0.13733935876507705,Réactiver les clients,Tester une campagne de retour avec une offre ciblée,Taux de réactivation à 60 jours,2011-12-10
16274,374,1,351.75,2,Occasionnels en sommeil,-1.7440689170760273,0.8318145137687742,Réactiver les clients,Tester une campagne de retour avec une offre ciblée,Taux de réactivation à 60 jours,2011-12-10
16275,197,1,559.87,2,Occasionnels en sommeil,-1.273865883271018,0.585364058680195,Réactiver les clients,Tester une campagne de retour avec une offre ciblée,Taux de réactivation à 60 jours,2011-12-10
16276,177,1,810.6000000000001,2,Occasionnels en sommeil,-1.0569225517847283,0.6505641547056941,Réactiver les clients,Tester une campagne de retour avec une offre ciblée,Taux de réactivation à 60 jours,2011-12-10
16278,101,1,566.38,2,Occasionnels en sommeil,-1.0084116180724458,0.15841240801174108,Réactiver les clients,Tester une campagne de retour avec une offre ciblée,Taux de réactivation à 60 jours,2011-12-10
16279,22,3,1502.78,1,Acheteurs réguliers,0.6644856573235309,-0.18895808430012073,Entretenir la relation et développer les achats,Tester des recommandations adaptées à l'historique d'achat,Nombre de commandes par client sur 90 jours,2011-12-10
16281,73,1,2062.06,1,Acheteurs réguliers,-0.2705443587434072,0.4194008904096874,Entretenir la relation et développer les achats,Tester des recommandations adaptées à l'historique d'achat,Nombre de commandes par client sur 90 jours,2011-12-10
16282,340,1,168.3,2,Occasionnels en sommeil,-2.0548819814122647,0.5030041343615466,Réactiver les clients,Tester une campagne de retour avec une offre ciblée,Taux de réactivation à 60 jours,2011-12-10
16283,6,5,1570.81,3,Champions,1.5184609139993972,-0.7903612374758836,Maintenir une relation durable,Tester des avantages de fidélité et un accès anticipé,Taux de réachat à 90 jours,2011-12-10
16284,32,2,812.68,0,Occasionnels récents,-0.028423065949627367,-0.28820867777555415,Encourager un achat supplémentaire,Tester une relance après achat avec des produits complémentaires,Taux de nouvel achat à 60 jours,2011-12-10
16287,170,1,142.5,2,Occasionnels en sommeil,-1.8627404521951396,-0.005789652992694974,Réactiver les clients,Tester une campagne de retour avec une offre ciblée,Taux de réactivation à 60 jours,2011-12-10
16292,122,1,302.25,2,Occasionnels en sommeil,-1.3788307171928735,0.05221748012209205,Réactiver les clients,Tester une campagne de retour avec une offre ciblée,Taux de réactivation à 60 jours,2011-12-10
16293,22,10,2248.9900000000002,3,Champions,1.7705028914634737,0.3461904234899162,Maintenir une relation durable,Tester des avantages de fidélité et un accès anticipé,Taux de réachat à 90 jours,2011-12-10
16295,10,4,1328.55,1,Acheteurs réguliers,1.0970317271416352,-0.6274869122515873,Entretenir la relation et développer les achats,Tester des recommandations adaptées à l'historique d'achat,Nombre de commandes par client sur 90 jours,2011-12-10
16297,269,1,301.9,2,Occasionnels en sommeil,-1.6875492866094342,0.5628616024940024,Réactiver les clients,Tester une campagne de retour avec une offre ciblée,Taux de réactivation à 60 jours,2011-12-10
16298,23,3,598.2,0,Occasionnels récents,0.21152076950243298,-0.4960037000733612,Encourager un achat supplémentaire,Tester une relance après achat avec des produits complémentaires,Taux de nouvel achat à 60 jours,2011-12-10
16302,127,1,233.22,2,Occasionnels en sommeil,-1.5169194430542492,-0.015839945798940065,Réactiver les clients,Tester une campagne de retour avec une offre ciblée,Taux de réactivation à 60 jours,2011-12-10
16303,26,3,5360.63,1,Acheteurs réguliers,1.2044160301625897,0.3777084396249329,Entretenir la relation et développer les achats,Tester des recommandations adaptées à l'historique d'achat,Nombre de commandes par client sur 90 jours,2011-12-10
16305,139,1,361.21999999999997,2,Occasionnels en sommeil,-1.3453193073253582,0.20100470780824184,Réactiver les clients,Tester une campagne de retour avec une offre ciblée,Taux de réactivation à 60 jours,2011-12-10
16306,214,6,632.27,1,Acheteurs réguliers,-0.11550054314316179,1.1642781006306635,Entretenir la relation et développer les achats,Tester des recommandations adaptées à l'historique d'achat,Nombre de commandes par client sur 90 jours,2011-12-10
16308,38,4,2560.0,1,Acheteurs réguliers,0.9117766056384662,0.43367682476466385,Entretenir la relation et développer les achats,Tester des recommandations adaptées à l'historique d'achat,Nombre de commandes par client sur 90 jours,2011-12-10
16309,107,2,706.57,2,Occasionnels en sommeil,-0.5593890568897333,0.43163315194135504,Réactiver les clients,Tester une campagne de retour avec une offre ciblée,Taux de réactivation à 60 jours,2011-12-10
16311,18,2,616.26,0,Occasionnels récents,0.056967747779996,-0.7475583074271072,Encourager un achat supplémentaire,Tester une relance après achat avec des produits complémentaires,Taux de nouvel achat à 60 jours,2011-12-10
16313,4,2,274.15000000000003,0,Occasionnels récents,0.19713100934465488,-1.9092333929709864,Encourager un achat supplémentaire,Tester une relance après achat avec des produits complémentaires,Taux de nouvel achat à 60 jours,2011-12-10
16315,331,1,226.37,2,Occasionnels en sommeil,-1.9045688663311862,0.592892775682185,Réactiver les clients,Tester une campagne de retour avec une offre ciblée,Taux de réactivation à 60 jours,2011-12-10
16316,65,8,2938.91,1,Acheteurs réguliers,1.302629584479568,1.051615157927116,Entretenir la relation et développer les achats,Tester des recommandations adaptées à l'historique d'achat,Nombre de commandes par client sur 90 jours,2011-12-10
16317,120,3,1341.65,1,Acheteurs réguliers,-0.040016779281622276,0.8490279030450264,Entretenir la relation et développer les achats,Tester des recommandations adaptées à l'historique d'achat,Nombre de commandes par client sur 90 jours,2011-12-10
16318,36,1,328.15,0,Occasionnels récents,-0.8691271358758688,-0.6988083738476034,Encourager un achat supplémentaire,Tester une relance après achat avec des produits complémentaires,Taux de nouvel achat à 60 jours,2011-12-10
16319,218,1,404.40000000000003,2,Occasionnels en sommeil,-1.4672924550365742,0.5328067539824682,Réactiver les clients,Tester une campagne de retour avec une offre ciblée,Taux de réactivation à 60 jours,2011-12-10
16320,173,2,1038.46,2,Occasionnels en sommeil,-0.5639557648149178,0.8815487439483287,Réactiver les clients,Tester une campagne de retour avec une offre ciblée,Taux de réactivation à 60 jours,2011-12-10
16321,73,5,373.65000000000003,1,Acheteurs réguliers,-0.08575731262537045,0.2208416143196977,Entretenir la relation et développer les achats,Tester des recommandations adaptées à l'historique d'achat,Nombre de commandes par client sur 90 jours,2011-12-10
16322,2,2,326.75,0,Occasionnels récents,0.48029742167710043,-2.177642303743786,Encourager un achat supplémentaire,Tester une relance après achat avec des produits complémentaires,Taux de nouvel achat à 60 jours,2011-12-10
16323,197,1,207.50000000000003,2,Occasionnels en sommeil,-1.7430590659542353,0.22540626007452533,Réactiver les clients,Tester une campagne de retour avec une offre ciblée,Taux de réactivation à 60 jours,2011-12-10
16324,129,3,408.59000000000003,2,Occasionnels en sommeil,-0.6310665661864155,0.4637916317743114,Réactiver les clients,Tester une campagne de retour avec une offre ciblée,Taux de réactivation à 60 jours,2011-12-10
16325,47,3,594.24,1,Acheteurs réguliers,-0.06330679012739053,-0.047861422515352324,Entretenir la relation et développer les achats,Tester des recommandations adaptées à l'historique d'achat,Nombre de commandes par client sur 90 jours,2011-12-10
16326,6,14,3039.2200000000003,3,Champions,2.6600143855214506,-0.1984249522379052,Maintenir une relation durable,Tester des avantages de fidélité et un accès anticipé,Taux de réachat à 90 jours,2011-12-10
16327,15,6,3820.27,3,Champions,1.7550751274944976,0.1293493018809628,Maintenir une relation durable,Tester des avantages de fidélité et un accès anticipé,Taux de réachat à 90 jours,2011-12-10
16330,18,3,251.91,0,Occasionnels récents,-0.10589425398214303,-0.9616208840241404,Encourager un achat supplémentaire,Tester une relance après achat avec des produits complémentaires,Taux de nouvel achat à 60 jours,2011-12-10
16332,29,7,1582.8,1,Acheteurs réguliers,1.2118543174591017,0.2688616481080371,Entretenir la relation et développer les achats,Tester des recommandations adaptées à l'historique d'achat,Nombre de commandes par client sur 90 jours,2011-12-10
16333,8,22,26626.8,3,Champions,3.9770335317258048,0.9184879959813145,Maintenir une relation durable,Tester des avantages de fidélité et un accès anticipé,Taux de réachat à 90 jours,2011-12-10
16337,37,1,151.05,0,Occasionnels récents,-1.2457663865410513,-0.9624063028554722,Encourager un achat supplémentaire,Tester une relance après achat avec des produits complémentaires,Taux de nouvel achat à 60 jours,2011-12-10
16338,158,1,214.79999999999998,2,Occasionnels en sommeil,-1.6407615001187228,0.09533574265039256,Réactiver les clients,Tester une campagne de retour avec une offre ciblée,Taux de réactivation à 60 jours,2011-12-10
16339,285,1,94.05,2,Occasionnels en sommeil,-2.2596515090879916,0.17868611974419973,Réactiver les clients,Tester une campagne de retour avec une offre ciblée,Taux de réactivation à 60 jours,2011-12-10
16340,108,1,534.31,2,Occasionnels en sommeil,-1.0620152363372057,0.1803923417396099,Réactiver les clients,Tester une campagne de retour avec une offre ciblée,Taux de réactivation à 60 jours,2011-12-10
16341,25,4,1971.87,1,Acheteurs réguliers,0.9469921020572007,0.0752116557861057,Entretenir la relation et développer les achats,Tester des recommandations adaptées à l'historique d'achat,Nombre de commandes par client sur 90 jours,2011-12-10
16342,76,4,322.41,1,Acheteurs réguliers,-0.33597169585324993,0.12314179545475952,Entretenir la relation et développer les achats,Tester des recommandations adaptées à l'historique d'achat,Nombre de commandes par client sur 90 jours,2011-12-10
16343,17,2,328.58,0,Occasionnels récents,-0.2193544550008897,-1.0109509989858299,Encourager un achat supplémentaire,Tester une relance après achat avec des produits complémentaires,Taux de nouvel achat à 60 jours,2011-12-10
16344,159,1,101.10000000000001,2,Occasionnels en sommeil,-1.9980709439413356,-0.1728259528987686,Réactiver les clients,Tester une campagne de retour avec une offre ciblée,Taux de réactivation à 60 jours,2011-12-10
16345,45,1,565.46,0,Occasionnels récents,-0.6970537216537787,-0.35980320772358065,Encourager un achat supplémentaire,Tester une relance après achat avec des produits complémentaires,Taux de nouvel achat à 60 jours,2011-12-10
16347,12,2,847.45,0,Occasionnels récents,0.3565475519445407,-0.8785119454510073,Encourager un achat supplémentaire,Tester une relance après achat avec des produits complémentaires,Taux de nouvel achat à 60 jours,2011-12-10
16348,33,7,1415.65,1,Acheteurs réguliers,1.109913082403636,0.3096484373959445,Entretenir la relation et développer les achats,Tester des recommandations adaptées à l'historique d'achat,Nombre de commandes par client sur 90 jours,2011-12-10
16349,291,1,53.5,2,Occasionnels en sommeil,-2.5315115360462204,-0.010141967898964294,Réactiver les clients,Tester une campagne de retour avec une offre ciblée,Taux de réactivation à 60 jours,2011-12-10
16350,22,4,1116.47,1,Acheteurs réguliers,0.725530684793442,-0.2112500658582701,Entretenir la relation et développer les achats,Tester des recommandations adaptées à l'historique d'achat,Nombre de commandes par client sur 90 jours,2011-12-10
16351,333,1,153.9,2,Occasionnels en sommeil,-2.088900438858168,0.45718644635085,Réactiver les clients,Tester une campagne de retour avec une offre ciblée,Taux de réactivation à 60 jours,2011-12-10
16352,18,2,494.44,0,Occasionnels récents,-0.047270874528664235,-0.8275285763925163,Encourager un achat supplémentaire,Tester une relance après achat avec des produits complémentaires,Taux de nouvel achat à 60 jours,2011-12-10
16353,4,23,6675.71,3,Champions,3.590010937031914,0.049568326901526544,Maintenir une relation durable,Tester des avantages de fidélité et un accès anticipé,Taux de réachat à 90 jours,2011-12-10
16354,64,2,395.8,2,Occasionnels en sommeil,-0.634624643917914,-0.10880647627542796,Réactiver les clients,Tester une campagne de retour avec une offre ciblée,Taux de réactivation à 60 jours,2011-12-10
16356,198,3,211.77,2,Occasionnels en sommeil,-1.1084908644858045,0.5023055353196589,Réactiver les clients,Tester une campagne de retour avec une offre ciblée,Taux de réactivation à 60 jours,2011-12-10
16357,34,3,658.88,1,Acheteurs réguliers,0.10937534122794086,-0.21566863508815565,Entretenir la relation et développer les achats,Tester des recommandations adaptées à l'historique d'achat,Nombre de commandes par client sur 90 jours,2011-12-10
16358,2,4,2027.5,3,Champions,1.8066009423145326,-1.3183647673346335,Maintenir une relation durable,Tester des avantages de fidélité et un accès anticipé,Taux de réachat à 90 jours,2011-12-10
16359,8,9,1750.92,3,Champions,1.9334205045246333,-0.391324239194935,Maintenir une relation durable,Tester des avantages de fidélité et un accès anticipé,Taux de réachat à 90 jours,2011-12-10
16360,5,6,3450.41,3,Champions,2.091249358863954,-0.5452325527874323,Maintenir une relation durable,Tester des avantages de fidélité et un accès anticipé,Taux de réachat à 90 jours,2011-12-10
16361,10,4,891.21,0,Occasionnels récents,0.9078968075552372,-0.7725883156957755,Encourager un achat supplémentaire,Tester une relance après achat avec des produits complémentaires,Taux de nouvel achat à 60 jours,2011-12-10
16362,33,5,709.99,1,Acheteurs réguliers,0.5228396568336757,-0.051627919908630526,Entretenir la relation et développer les achats,Tester des recommandations adaptées à l'historique d'achat,Nombre de commandes par client sur 90 jours,2011-12-10
16363,54,1,109.36000000000001,2,Occasionnels en sommeil,-1.5426374196973873,-0.8386369744087199,Réactiver les clients,Tester une campagne de retour avec une offre ciblée,Taux de réactivation à 60 jours,2011-12-10
16364,12,2,705.79,0,Occasionnels récents,0.26993135471885377,-0.944962560736275,Encourager un achat supplémentaire,Tester une relance après achat avec des produits complémentaires,Taux de nouvel achat à 60 jours,2011-12-10
16365,18,9,1540.42,3,Champions,1.579850038838421,0.04781023550745188,Maintenir une relation durable,Tester des avantages de fidélité et un accès anticipé,Taux de réachat à 90 jours,2011-12-10
16366,19,1,327.3,0,Occasionnels récents,-0.6292270990703961,-1.0996272654564854,Encourager un achat supplémentaire,Tester une relance après achat avec des produits complémentaires,Taux de nouvel achat à 60 jours,2011-12-10
16367,38,2,800.67,0,Occasionnels récents,-0.10095165078364599,-0.18503058835617509,Encourager un achat supplémentaire,Tester une relance après achat avec des produits complémentaires,Taux de nouvel achat à 60 jours,2011-12-10
16368,3,2,479.91,0,Occasionnels récents,0.549340632162691,-1.8511696129853423,Encourager un achat supplémentaire,Tester une relance après achat avec des produits complémentaires,Taux de nouvel achat à 60 jours,2011-12-10
16369,19,3,1545.41,1,Acheteurs réguliers,0.7325206881489874,-0.2696364970211674,Entretenir la relation et développer les achats,Tester des recommandations adaptées à l'historique d'achat,Nombre de commandes par client sur 90 jours,2011-12-10
16370,83,4,1301.91,1,Acheteurs réguliers,0.29061783593009655,0.6865747174342626,Entretenir la relation et développer les achats,Tester des recommandations adaptées à l'historique d'achat,Nombre de commandes par client sur 90 jours,2011-12-10
16372,34,2,355.73,0,Occasionnels récents,-0.4424627084765448,-0.549912953570157,Encourager un achat supplémentaire,Tester une relance après achat avec des produits complémentaires,Taux de nouvel achat à 60 jours,2011-12-10
16374,67,2,466.73,2,Occasionnels en sommeil,-0.5743320737195914,-0.01965424659453128,Réactiver les clients,Tester une campagne de retour avec une offre ciblée,Taux de réactivation à 60 jours,2011-12-10
16376,9,2,974.96,0,Occasionnels récents,0.5257686241851286,-0.9981219083685194,Encourager un achat supplémentaire,Tester une relance après achat avec des produits complémentaires,Taux de nouvel achat à 60 jours,2011-12-10
16377,268,1,676.2,2,Occasionnels en sommeil,-1.3046125392000396,0.853117084366835,Réactiver les clients,Tester une campagne de retour avec une offre ciblée,Taux de réactivation à 60 jours,2011-12-10
16378,248,3,362.95,2,Occasionnels en sommeil,-0.9418223031144721,0.8432721365970604,Réactiver les clients,Tester une campagne de retour avec une offre ciblée,Taux de réactivation à 60 jours,2011-12-10
16379,5,4,2157.4,3,Champions,1.5643479885883302,-0.8452317527747376,Maintenir une relation durable,Tester des avantages de fidélité et un accès anticipé,Taux de réachat à 90 jours,2011-12-10
16380,62,1,1743.1499999999999,1,Acheteurs réguliers,-0.28708698559380025,0.253710649725625,Entretenir la relation et développer les achats,Tester des recommandations adaptées à l'historique d'achat,Nombre de commandes par client sur 90 jours,2011-12-10
16383,75,2,643.76,2,Occasionnels en sommeil,-0.465732381926759,0.1694057013958259,Réactiver les clients,Tester une campagne de retour avec une offre ciblée,Taux de réactivation à 60 jours,2011-12-10
16384,90,2,584.5,2,Occasionnels en sommeil,-0.5820475609247444,0.25141921909712306,Réactiver les clients,Tester une campagne de retour avec une offre ciblée,Taux de réactivation à 60 jours,2011-12-10
16385,61,3,554.86,1,Acheteurs réguliers,-0.19607614828421846,0.09359978819717278,Entretenir la relation et développer les achats,Tester des recommandations adaptées à l'historique d'achat,Nombre de commandes par client sur 90 jours,2011-12-10
16386,29,2,302.57,0,Occasionnels récents,-0.4585541547563054,-0.7088115020594773,Encourager un achat supplémentaire,Tester une relance après achat avec des produits complémentaires,Taux de nouvel achat à 60 jours,2011-12-10
16387,323,1,94.36,2,Occasionnels en sommeil,-2.3070048722998355,0.26096072487585903,Réactiver les clients,Tester une campagne de retour avec une offre ciblée,Taux de réactivation à 60 jours,2011-12-10
16389,54,4,1382.07,1,Acheteurs réguliers,0.4849142429909078,0.4330235059613318,Entretenir la relation et développer les achats,Tester des recommandations adaptées à l'historique d'achat,Nombre de commandes par client sur 90 jours,2011-12-10
16392,270,1,217.89,2,Occasionnels en sommeil,-1.84301739448836,0.44710352339167997,Réactiver les clients,Tester une campagne de retour avec une offre ciblée,Taux de réactivation à 60 jours,2011-12-10
16393,3,13,3040.96,3,Champions,2.817228818897151,-0.5884754302799896,Maintenir une relation durable,Tester des avantages de fidélité et un accès anticipé,Taux de réachat à 90 jours,2011-12-10
16394,57,5,1555.34,1,Acheteurs réguliers,0.684966071131176,0.5805134626106649,Entretenir la relation et développer les achats,Tester des recommandations adaptées à l'historique d'achat,Nombre de commandes par client sur 90 jours,2011-12-10
16395,61,5,1482.06,1,Acheteurs réguliers,0.6359580797311948,0.6063198072255851,Entretenir la relation et développer les achats,Tester des recommandations adaptées à l'historique d'achat,Nombre de commandes par client sur 90 jours,2011-12-10
16398,155,2,1705.8,1,Acheteurs réguliers,-0.2860154275459945,0.990962841227058,Entretenir la relation et développer les achats,Tester des recommandations adaptées à l'historique d'achat,Nombre de commandes par client sur 90 jours,2011-12-10
16399,20,2,408.02,0,Occasionnels récents,-0.17738497399838205,-0.8321992199832895,Encourager un achat supplémentaire,Tester une relance après achat avec des produits complémentaires,Taux de nouvel achat à 60 jours,2011-12-10
16400,95,1,303.93,2,Occasionnels en sommeil,-1.2790701771713415,-0.10686944539569232,Réactiver les clients,Tester une campagne de retour avec une offre ciblée,Taux de réactivation à 60 jours,2011-12-10
16401,2,12,4098.32,3,Champions,3.004406677674,-0.6954222932226581,Maintenir une relation durable,Tester des avantages de fidélité et un accès anticipé,Taux de réachat à 90 jours,2011-12-10
16402,265,2,293.45,2,Occasionnels en sommeil,-1.3283835420904773,0.6986141418462003,Réactiver les clients,Tester une campagne de retour avec une offre ciblée,Taux de réactivation à 60 jours,2011-12-10
16403,313,1,177.5,2,Occasionnels en sommeil,-1.9974595193917015,0.46863372794628927,Réactiver les clients,Tester une campagne de retour avec une offre ciblée,Taux de réactivation à 60 jours,2011-12-10
16404,71,1,443.05,2,Occasionnels en sommeil,-0.9881004399975688,-0.15714573584007407,Réactiver les clients,Tester une campagne de retour avec une offre ciblée,Taux de réactivation à 60 jours,2011-12-10
16405,303,2,167.25,2,Occasionnels en sommeil,-1.646082874348236,0.5818304595390641,Réactiver les clients,Tester une campagne de retour avec une offre ciblée,Taux de réactivation à 60 jours,2011-12-10
16406,19,1,154.35,0,Occasionnels récents,-0.984006990370257,-1.371808945359706,Encourager un achat supplémentaire,Tester une relance après achat avec des produits complémentaires,Taux de nouvel achat à 60 jours,2011-12-10
16407,13,10,2079.68,3,Champions,1.9279915256194045,-0.004956951632000743,Maintenir une relation durable,Tester des avantages de fidélité et un accès anticipé,Taux de réachat à 90 jours,2011-12-10
16409,37,5,2022.98,1,Acheteurs réguliers,0.9752800046012859,0.4012212947714225,Entretenir la relation et développer les achats,Tester des recommandations adaptées à l'historique d'achat,Nombre de commandes par client sur 90 jours,2011-12-10
16411,20,2,211.7,0,Occasionnels récents,-0.48742148538638397,-1.0700544664904734,Encourager un achat supplémentaire,Tester une relance après achat avec des produits complémentaires,Taux de nouvel achat à 60 jours,2011-12-10
16412,54,1,135.99,2,Occasionnels en sommeil,-1.4401455069706217,-0.7600067541889183,Réactiver les clients,Tester une campagne de retour avec une offre ciblée,Taux de réactivation à 60 jours,2011-12-10
16413,57,1,262.2,2,Occasionnels en sommeil,-1.151340651096964,-0.48794777418670277,Réactiver les clients,Tester une campagne de retour avec une offre ciblée,Taux de réactivation à 60 jours,2011-12-10
16414,22,2,126.25,0,Occasionnels récents,-0.7666620713396936,-1.1977952741460378,Encourager un achat supplémentaire,Tester une relance après achat avec des produits complémentaires,Taux de nouvel achat à 60 jours,2011-12-10
16415,45,1,200.27,0,Occasionnels récents,-1.1876826936175602,-0.7362062144132231,Encourager un achat supplémentaire,Tester une relance après achat avec des produits complémentaires,Taux de nouvel achat à 60 jours,2011-12-10
16416,27,3,1051.4,1,Acheteurs réguliers,0.4181562382173242,-0.19092270609116369,Entretenir la relation et développer les achats,Tester des recommandations adaptées à l'historique d'achat,Nombre de commandes par client sur 90 jours,2011-12-10
16418,45,3,631.12,1,Acheteurs réguliers,-0.01812206989475948,-0.05365848403927707,Entretenir la relation et développer les achats,Tester des recommandations adaptées à l'historique d'achat,Nombre de commandes par client sur 90 jours,2011-12-10
16419,113,6,958.71,1,Acheteurs réguliers,0.33029180041899914,0.9031116028527241,Entretenir la relation et développer les achats,Tester des recommandations adaptées à l'historique d'achat,Nombre de commandes par client sur 90 jours,2011-12-10
16422,18,51,34684.4,3,Champions,4.547325729675629,1.8136950960834068,Maintenir une relation durable,Tester des avantages de fidélité et un accès anticipé,Taux de réachat à 90 jours,2011-12-10
16423,25,1,346.12,0,Occasionnels récents,-0.7056322047017363,-0.9088103194684634,Encourager un achat supplémentaire,Tester une relance après achat avec des produits complémentaires,Taux de nouvel achat à 60 jours,2011-12-10
16424,192,1,133.56,2,Occasionnels en sommeil,-1.9406771305149095,0.04948041865844816,Réactiver les clients,Tester une campagne de retour avec une offre ciblée,Taux de réactivation à 60 jours,2011-12-10
16425,303,1,302.7,2,Occasionnels en sommeil,-1.7327869505126057,0.6409162778428396,Réactiver les clients,Tester une campagne de retour avec une offre ciblée,Taux de réactivation à 60 jours,2011-12-10
16426,3,10,1863.76,3,Champions,2.3670714327908464,-0.8591227474041503,Maintenir une relation durable,Tester des avantages de fidélité et un accès anticipé,Taux de réachat à 90 jours,2011-12-10
16427,264,2,241.06,2,Occasionnels en sommeil,-1.4198040136133543,0.6248969076434754,Réactiver les clients,Tester une campagne de retour avec une offre ciblée,Taux de réactivation à 60 jours,2011-12-10
16429,107,1,284.55,2,Occasionnels en sommeil,-1.356370986987283,-0.054195282852119636,Réactiver les clients,Tester une campagne de retour avec une offre ciblée,Taux de réactivation à 60 jours,2011-12-10
16430,58,1,300.85,2,Occasionnels en sommeil,-1.0930750648326693,-0.426995369414396,Réactiver les clients,Tester une campagne de retour avec une offre ciblée,Taux de réactivation à 60 jours,2011-12-10
16431,214,3,623.28,2,Occasionnels en sommeil,-0.6284353016481624,0.9441186589539577,Réactiver les clients,Tester une campagne de retour avec une offre ciblée,Taux de réactivation à 60 jours,2011-12-10
16432,65,1,287.4,2,Occasionnels en sommeil,-1.1586326967726903,-0.3706985256930694,Réactiver les clients,Tester une campagne de retour avec une offre ciblée,Taux de réactivation à 60 jours,2011-12-10
16433,29,1,184.26,0,Occasionnels récents,-1.059443921040126,-1.0442010425652042,Encourager un achat supplémentaire,Tester une relance après achat avec des produits complémentaires,Taux de nouvel achat à 60 jours,2011-12-10
16434,30,7,1511.8,1,Acheteurs réguliers,1.1772554355692917,0.2734917099642697,Entretenir la relation et développer les achats,Tester des recommandations adaptées à l'historique d'achat,Nombre de commandes par client sur 90 jours,2011-12-10
16438,6,5,798.35,0,Occasionnels récents,1.1978495415553643,-1.0363293548575359,Encourager un achat supplémentaire,Tester une relance après achat avec des produits complémentaires,Taux de nouvel achat à 60 jours,2011-12-10
16440,8,5,3640.67,3,Champions,1.818342595770108,-0.3213681018008137,Maintenir une relation durable,Tester des avantages de fidélité et un accès anticipé,Taux de réachat à 90 jours,2011-12-10
16441,68,2,381.2,2,Occasionnels en sommeil,-0.675807013751205,-0.08362495633180408,Réactiver les clients,Tester une campagne de retour avec une offre ciblée,Taux de réactivation à 60 jours,2011-12-10
16442,2,3,609.3,0,Occasionnels récents,1.0352746675043705,-1.8409896422434848,Encourager un achat supplémentaire,Tester une relance après achat avec des produits complémentaires,Taux de nouvel achat à 60 jours,2011-12-10
16444,47,4,654.67,1,Acheteurs réguliers,0.18436651557913664,0.07302494265233975,Entretenir la relation et développer les achats,Tester des recommandations adaptées à l'historique d'achat,Nombre de commandes par client sur 90 jours,2011-12-10
16445,34,1,230.51,0,Occasionnels récents,-1.0141943377686111,-0.862932819514605,Encourager un achat supplémentaire,Tester une relance après achat avec des produits complémentaires,Taux de nouvel achat à 60 jours,2011-12-10
16446,1,2,168472.5,3,Champions,3.598987824431183,-0.17051291528889778,Maintenir une relation durable,Tester des avantages de fidélité et un accès anticipé,Taux de réachat à 90 jours,2011-12-10
16447,136,1,255.91,2,Occasionnels en sommeil,-1.4997110673553073,0.061963801997783736,Réactiver les clients,Tester une campagne de retour avec une offre ciblée,Taux de réactivation à 60 jours,2011-12-10
16448,199,1,182.99,2,Occasionnels en sommeil,-1.8062941850595322,0.18644825849118518,Réactiver les clients,Tester une campagne de retour avec une offre ciblée,Taux de réactivation à 60 jours,2011-12-10
16449,198,2,707.69,2,Occasionnels en sommeil,-0.7981926483945874,0.8294789095654299,Réactiver les clients,Tester une campagne de retour avec une offre ciblée,Taux de réactivation à 60 jours,2011-12-10
16450,150,1,311.92,2,Occasionnels en sommeil,-1.4443357284800395,0.19695049217955174,Réactiver les clients,Tester une campagne de retour avec une offre ciblée,Taux de réactivation à 60 jours,2011-12-10
16451,88,1,266.97,2,Occasionnels en sommeil,-1.3106577662132148,-0.20308335949466486,Réactiver les clients,Tester une campagne de retour avec une offre ciblée,Taux de réactivation à 60 jours,2011-12-10
16454,45,2,6.9,2,Occasionnels en sommeil,-2.3561408335172107,-1.7582331939752214,Réactiver les clients,Tester une campagne de retour avec une offre ciblée,Taux de réactivation à 60 jours,2011-12-10
16455,64,7,1841.18,1,Acheteurs réguliers,0.9804519357285153,0.8264168963230417,Entretenir la relation et développer les achats,Tester des recommandations adaptées à l'historique d'achat,Nombre de commandes par client sur 90 jours,2011-12-10
16456,100,5,2158.18,1,Acheteurs réguliers,0.6227886371682148,1.0601523848859336,Entretenir la relation et développer les achats,Tester des recommandations adaptées à l'historique d'achat,Nombre de commandes par client sur 90 jours,2011-12-10
16457,219,1,208.36,2,Occasionnels en sommeil,-1.782404118321372,0.2953892142653316,Réactiver les clients,Tester une campagne de retour avec une offre ciblée,Taux de réactivation à 60 jours,2011-12-10
16458,3,18,3482.7400000000002,3,Champions,3.1577337695911583,-0.4218455430706663,Maintenir une relation durable,Tester des avantages de fidélité et un accès anticipé,Taux de réachat à 90 jours,2011-12-10
16460,29,3,811.23,1,Acheteurs réguliers,0.26828836577951426,-0.240306443243726,Entretenir la relation et développer les achats,Tester des recommandations adaptées à l'historique d'achat,Nombre de commandes par client sur 90 jours,2011-12-10
16461,178,1,142.92,2,Occasionnels en sommeil,-1.8792758658053863,0.02499348224222844,Réactiver les clients,Tester une campagne de retour avec une offre ciblée,Taux de réactivation à 60 jours,2011-12-10
16462,74,3,136.0,2,Occasionnels en sommeil,-0.9347476394564417,-0.29212538984255304,Réactiver les clients,Tester une campagne de retour avec une offre ciblée,Taux de réactivation à 60 jours,2011-12-10
16463,22,4,1422.4,1,Acheteurs réguliers,0.8402655692562638,-0.12322722588790049,Entretenir la relation et développer les achats,Tester des recommandations adaptées à l'historique d'achat,Nombre de commandes par client sur 90 jours,2011-12-10
16464,20,3,1298.66,1,Acheteurs réguliers,0.6309742955184077,-0.30115576420090523,Entretenir la relation et développer les achats,Tester des recommandations adaptées à l'historique d'achat,Nombre de commandes par client sur 90 jours,2011-12-10
16466,34,7,1595.96,1,Acheteurs réguliers,1.1553574221008132,0.3720715365212589,Entretenir la relation et développer les achats,Tester des recommandations adaptées à l'historique d'achat,Nombre de commandes par client sur 90 jours,2011-12-10
16468,75,1,74.9,2,Occasionnels en sommeil,-1.846884558753732,-0.764589168427941,Réactiver les clients,Tester une campagne de retour avec une offre ciblée,Taux de réactivation à 60 jours,2011-12-10
16469,24,4,625.42,1,Acheteurs réguliers,0.41841119677647104,-0.3675952301489539,Entretenir la relation et développer les achats,Tester des recommandations adaptées à l'historique d'achat,Nombre de commandes par client sur 90 jours,2011-12-10
16470,52,4,752.77,1,Acheteurs réguliers,0.21163747853768788,0.18815406179041524,Entretenir la relation et développer les achats,Tester des recommandations adaptées à l'historique d'achat,Nombre de commandes par client sur 90 jours,2011-12-10
16471,275,1,223.95000000000002,2,Occasionnels en sommeil,-1.8372347336467167,0.4689209150246358,Réactiver les clients,Tester une campagne de retour avec une offre ciblée,Taux de réactivation à 60 jours,2011-12-10
16473,165,3,316.11,2,Occasionnels en sommeil,-0.8482198960790699,0.5296005080803886,Réactiver les clients,Tester une campagne de retour avec une offre ciblée,Taux de réactivation à 60 jours,2011-12-10
16474,8,7,1810.65,3,Champions,1.747490099308665,-0.4648424000485504,Maintenir une relation durable,Tester des avantages de fidélité et un accès anticipé,Taux de réachat à 90 jours,2011-12-10
16475,89,4,544.3,1,Acheteurs réguliers,-0.14941646233422404,0.4145797580289136,Entretenir la relation et développer les achats,Tester des recommandations adaptées à l'historique d'achat,Nombre de commandes par client sur 90 jours,2011-12-10
16477,64,7,2494.46,1,Acheteurs réguliers,1.1243669552971398,0.936826287469694,Entretenir la relation et développer les achats,Tester des recommandations adaptées à l'historique d'achat,Nombre de commandes par client sur 90 jours,2011-12-10
16478,26,3,331.0,0,Occasionnels récents,-0.11461070194519003,-0.6342285967921351,Encourager un achat supplémentaire,Tester une relance après achat avec des produits complémentaires,Taux de nouvel achat à 60 jours,2011-12-10
16479,11,2,300.83,0,Occasionnels récents,-0.10213350104042315,-1.3065028413010238,Encourager un achat supplémentaire,Tester une relance après achat avec des produits complémentaires,Taux de nouvel achat à 60 jours,2011-12-10
16480,76,1,769.29,2,Occasionnels en sommeil,-0.7532412496558821,0.08686500018809291,Réactiver les clients,Tester une campagne de retour avec une offre ciblée,Taux de réactivation à 60 jours,2011-12-10
16482,16,1,220.62,0,Occasionnels récents,-0.7518496400200394,-1.3482106570108534,Encourager un achat supplémentaire,Tester une relance après achat avec des produits complémentaires,Taux de nouvel achat à 60 jours,2011-12-10
16483,193,1,139.35,2,Occasionnels en sommeil,-1.9227273197826744,0.06816450682872179,Réactiver les clients,Tester une campagne de retour avec une offre ciblée,Taux de réactivation à 60 jours,2011-12-10
16484,174,2,404.3,2,Occasionnels en sommeil,-1.0127683002225463,0.5426749058781011,Réactiver les clients,Tester une campagne de retour avec une offre ciblée,Taux de réactivation à 60 jours,2011-12-10
16485,78,1,363.65,2,Occasionnels en sommeil,-1.1178736142104713,-0.16849668993349665,Réactiver les clients,Tester une campagne de retour avec une offre ciblée,Taux de réactivation à 60 jours,2011-12-10
16488,34,3,498.8,0,Occasionnels récents,-0.022366665787152674,-0.3167390780938528,Encourager un achat supplémentaire,Tester une relance après achat avec des produits complémentaires,Taux de nouvel achat à 60 jours,2011-12-10
16491,47,1,731.5,0,Occasionnels récents,-0.5918522469827155,-0.23863216879307148,Encourager un achat supplémentaire,Tester une relance après achat avec des produits complémentaires,Taux de nouvel achat à 60 jours,2011-12-10
16493,80,4,1351.63,1,Acheteurs réguliers,0.32262950991299405,0.6765582992800442,Entretenir la relation et développer les achats,Tester des recommandations adaptées à l'historique d'achat,Nombre de commandes par client sur 90 jours,2011-12-10
16494,297,1,826.53,2,Occasionnels en sommeil,-1.249685305625501,0.9925926681163931,Réactiver les clients,Tester une campagne de retour avec une offre ciblée,Taux de réactivation à 60 jours,2011-12-10
16495,4,3,648.26,0,Occasionnels récents,0.8643947144047663,-1.486436285706289,Encourager un achat supplémentaire,Tester une relance après achat avec des produits complémentaires,Taux de nouvel achat à 60 jours,2011-12-10
16496,9,3,1599.52,1,Acheteurs réguliers,1.0205114084612794,-0.7076802000115371,Entretenir la relation et développer les achats,Tester des recommandations adaptées à l'historique d'achat,Nombre de commandes par client sur 90 jours,2011-12-10
16497,50,6,2965.69,1,Acheteurs réguliers,1.1806806717293266,0.7907871841253072,Entretenir la relation et développer les achats,Tester des recommandations adaptées à l'historique d'achat,Nombre de commandes par client sur 90 jours,2011-12-10
16498,162,2,100.97,2,Occasionnels en sommeil,-1.6392253322277153,-0.005468110336070851,Réactiver les clients,Tester une campagne de retour avec une offre ciblée,Taux de réactivation à 60 jours,2011-12-10
16499,361,2,365.45,2,Occasionnels en sommeil,-1.3454429088250837,0.9784874407354373,Réactiver les clients,Tester une campagne de retour avec une offre ciblée,Taux de réactivation à 60 jours,2011-12-10
16500,5,6,400.86,0,Occasionnels récents,1.0716252593242435,-1.3274724910931914,Encourager un achat supplémentaire,Tester une relance après achat avec des produits complémentaires,Taux de nouvel achat à 60 jours,2011-12-10
16503,107,4,1431.93,1,Acheteurs réguliers,0.237214955074178,0.8845333663821302,Entretenir la relation et développer les achats,Tester des recommandations adaptées à l'historique d'achat,Nombre de commandes par client sur 90 jours,2011-12-10
16504,26,1,465.88,0,Occasionnels récents,-0.579886496986156,-0.7764598309333397,Encourager un achat supplémentaire,Tester une relance après achat avec des produits complémentaires,Taux de nouvel achat à 60 jours,2011-12-10
16505,32,1,777.6,0,Occasionnels récents,-0.4160494882709728,-0.459985858491634,Encourager un achat supplémentaire,Tester une relance après achat avec des produits complémentaires,Taux de nouvel achat à 60 jours,2011-12-10
16506,20,2,90.30000000000001,0,Occasionnels récents,-0.8884235718252468,-1.377697104103709,Encourager un achat supplémentaire,Tester une relance après achat avec des produits complémentaires,Taux de nouvel achat à 60 jours,2011-12-10
16509,297,1,363.7,2,Occasionnels en sommeil,-1.6381880585743007,0.6945393270513112,Réactiver les clients,Tester une campagne de retour avec une offre ciblée,Taux de réactivation à 60 jours,2011-12-10
16510,373,1,248.1,2,Occasionnels en sommeil,-1.9079808354459955,0.7035251815646174,Réactiver les clients,Tester une campagne de retour avec une offre ciblée,Taux de réactivation à 60 jours,2011-12-10
16511,22,3,918.33,1,Acheteurs réguliers,0.43116119591933155,-0.3679610250666625,Entretenir la relation et développer les achats,Tester des recommandations adaptées à l'historique d'achat,Nombre de commandes par client sur 90 jours,2011-12-10
16513,5,4,874.59,0,Occasionnels récents,1.13656004725933,-1.1734240865810965,Encourager un achat supplémentaire,Tester une relance après achat avec des produits complémentaires,Taux de nouvel achat à 60 jours,2011-12-10
16515,53,5,1624.14,1,Acheteurs réguliers,0.7334851280656736,0.5497993938439745,Entretenir la relation et développer les achats,Tester des recommandations adaptées à l'historique d'achat,Nombre de commandes par client sur 90 jours,2011-12-10
16516,31,1,101.69999999999999,0,Occasionnels récents,-1.3644629309320147,-1.216849167664757,Encourager un achat supplémentaire,Tester une relance après achat avec des produits complémentaires,Taux de nouvel achat à 60 jours,2011-12-10
16517,278,1,162.7,2,Occasionnels en sommeil,-1.9921766030734573,0.3603299994803206,Réactiver les clients,Tester une campagne de retour avec une offre ciblée,Taux de réactivation à 60 jours,2011-12-10
16518,62,2,484.32,0,Occasionnels récents,-0.5268929369066175,-0.05586864344331498,Encourager un achat supplémentaire,Tester une relance après achat avec des produits complémentaires,Taux de nouvel achat à 60 jours,2011-12-10
16519,26,2,215.07999999999998,0,Occasionnels récents,-0.57845042046073,-0.9009619480546237,Encourager un achat supplémentaire,Tester une relance après achat avec des produits complémentaires,Taux de nouvel achat à 60 jours,2011-12-10
16520,187,3,1046.57,1,Acheteurs réguliers,-0.3304032939423043,1.0451819575346195,Entretenir la relation et développer les achats,Tester des recommandations adaptées à l'historique d'achat,Nombre de commandes par client sur 90 jours,2011-12-10
16523,2,21,9418.470000000001,3,Champions,3.87471293728118,-0.19070836217255535,Maintenir une relation durable,Tester des avantages de fidélité et un accès anticipé,Taux de réachat à 90 jours,2011-12-10
16525,3,26,13027.45,3,Champions,4.100977393397521,0.19294140856319084,Maintenir une relation durable,Tester des avantages de fidélité et un accès anticipé,Taux de réachat à 90 jours,2011-12-10
16526,172,1,290.36,2,Occasionnels en sommeil,-1.53149488559515,0.25939181047900667,Réactiver les clients,Tester une campagne de retour avec une offre ciblée,Taux de réactivation à 60 jours,2011-12-10
16527,82,1,228.06,2,Occasionnels en sommeil,-1.3576904343481564,-0.3055220112368428,Réactiver les clients,Tester une campagne de retour avec une offre ciblée,Taux de réactivation à 60 jours,2011-12-10
16528,4,1,244.41,0,Occasionnels récents,-0.2238357866755012,-2.1065887959721437,Encourager un achat supplémentaire,Tester une relance après achat avec des produits complémentaires,Taux de nouvel achat à 60 jours,2011-12-10
16529,191,1,455.25,2,Occasionnels en sommeil,-1.359691746629265,0.49026468302113346,Réactiver les clients,Tester une campagne de retour avec une offre ciblée,Taux de réactivation à 60 jours,2011-12-10
16531,23,7,1244.59,1,Acheteurs réguliers,1.1854181614928578,0.03643420611328564,Entretenir la relation et développer les achats,Tester des recommandations adaptées à l'historique d'achat,Nombre de commandes par client sur 90 jours,2011-12-10
16532,18,3,6748.8,1,Acheteurs réguliers,1.4513188732032718,0.23304909394943887,Entretenir la relation et développer les achats,Tester des recommandations adaptées à l'historique d'achat,Nombre de commandes par client sur 90 jours,2011-12-10
16533,20,3,1082.81,1,Acheteurs réguliers,0.5448595014579971,-0.3672217106839652,Entretenir la relation et développer les achats,Tester des recommandations adaptées à l'historique d'achat,Nombre de commandes par client sur 90 jours,2011-12-10
16535,6,1,593.75,0,Occasionnels récents,0.06400264602839015,-1.5658742088928135,Encourager un achat supplémentaire,Tester une relance après achat avec des produits complémentaires,Taux de nouvel achat à 60 jours,2011-12-10
16536,111,1,548.12,2,Occasionnels en sommeil,-1.0605802324426066,0.20730612038988075,Réactiver les clients,Tester une campagne de retour avec une offre ciblée,Taux de réactivation à 60 jours,2011-12-10
16539,3,4,1388.81,3,Champions,1.5145526939844542,-1.268915894073458,Maintenir une relation durable,Tester des avantages de fidélité et un accès anticipé,Taux de réachat à 90 jours,2011-12-10
16542,54,1,119.62,2,Occasionnels en sommeil,-1.5004869168625645,-0.8062997564556006,Réactiver les clients,Tester une campagne de retour avec une offre ciblée,Taux de réactivation à 60 jours,2011-12-10
16545,165,1,339.3,2,Occasionnels en sommeil,-1.4416855947792768,0.2890239500349206,Réactiver les clients,Tester une campagne de retour avec une offre ciblée,Taux de réactivation à 60 jours,2011-12-10
16546,291,2,787.15,2,Occasionnels en sommeil,-0.8981001862159381,1.117382262417802,Réactiver les clients,Tester une campagne de retour avec une offre ciblée,Taux de réactivation à 60 jours,2011-12-10
16549,11,10,4034.9,3,Champions,2.302551322882943,0.1358461299071648,Maintenir une relation durable,Tester des avantages de fidélité et un accès anticipé,Taux de réachat à 90 jours,2011-12-10
16550,109,5,2298.97,1,Acheteurs réguliers,0.619282052477009,1.138615117134186,Entretenir la relation et développer les achats,Tester des recommandations adaptées à l'historique d'achat,Nombre de commandes par client sur 90 jours,2011-12-10
16551,96,3,922.12,1,Acheteurs réguliers,-0.13099860818470085,0.5690442745499138,Entretenir la relation et développer les achats,Tester des recommandations adaptées à l'historique d'achat,Nombre de commandes par client sur 90 jours,2011-12-10
16552,243,2,379.73,2,Occasionnels en sommeil,-1.1726995395026518,0.7359790701879245,Réactiver les clients,Tester une campagne de retour avec une offre ciblée,Taux de réactivation à 60 jours,2011-12-10
16553,164,12,5719.82,1,Acheteurs réguliers,1.5917353068599438,2.030631652479058,Entretenir la relation et développer les achats,Tester des recommandations adaptées à l'historique d'achat,Nombre de commandes par client sur 90 jours,2011-12-10
16554,43,3,837.1,1,Acheteurs réguliers,0.13303840486170032,0.020048529992651797,Entretenir la relation et développer les achats,Tester des recommandations adaptées à l'historique d'achat,Nombre de commandes par client sur 90 jours,2011-12-10
16555,36,2,285.89,0,Occasionnels récents,-0.5675511937699882,-0.593047799021197,Encourager un achat supplémentaire,Tester une relance après achat avec des produits complémentaires,Taux de nouvel achat à 60 jours,2011-12-10
16556,67,7,3313.79,1,Acheteurs réguliers,1.2413023625232231,1.069434031160176,Entretenir la relation et développer les achats,Tester des recommandations adaptées à l'historique d'achat,Nombre de commandes par client sur 90 jours,2011-12-10
16557,25,2,281.85,0,Occasionnels récents,-0.4359849667555306,-0.8275449557530162,Encourager un achat supplémentaire,Tester une relance après achat avec des produits complémentaires,Taux de nouvel achat à 60 jours,2011-12-10
16558,1,20,8338.49,3,Champions,3.9338215153355685,-0.5164322851402605,Maintenir une relation durable,Tester des avantages de fidélité et un accès anticipé,Taux de réachat à 90 jours,2011-12-10
16560,27,2,841.41,0,Occasionnels récents,0.05242937275396918,-0.3823853844133115,Encourager un achat supplémentaire,Tester une relance après achat avec des produits complémentaires,Taux de nouvel achat à 60 jours,2011-12-10
16561,6,2,511.12,0,Occasionnels récents,0.35980940697288377,-1.4645396611854165,Encourager un achat supplémentaire,Tester une relance après achat avec des produits complémentaires,Taux de nouvel achat à 60 jours,2011-12-10
16563,54,1,1077.74,0,Occasionnels récents,-0.4616742803281172,-0.009338667480966185,Encourager un achat supplémentaire,Tester une relance après achat avec des produits complémentaires,Taux de nouvel achat à 60 jours,2011-12-10
16565,365,1,173.7,2,Occasionnels en sommeil,-2.0677259815757014,0.5604143492729153,Réactiver les clients,Tester une campagne de retour avec une offre ciblée,Taux de réactivation à 60 jours,2011-12-10
16566,16,5,614.66,1,Acheteurs réguliers,0.7262632580677366,-0.5545502169223416,Entretenir la relation et développer les achats,Tester des recommandations adaptées à l'historique d'achat,Nombre de commandes par client sur 90 jours,2011-12-10
16567,195,2,865.6,2,Occasionnels en sommeil,-0.6968594810531393,0.8927786325914648,Réactiver les clients,Tester une campagne de retour avec une offre ciblée,Taux de réactivation à 60 jours,2011-12-10
16569,4,1,124.2,0,Occasionnels récents,-0.5429458261820563,-2.351405113798529,Encourager un achat supplémentaire,Tester une relance après achat avec des produits complémentaires,Taux de nouvel achat à 60 jours,2011-12-10
16570,16,10,3738.4,3,Champions,2.129850758586095,0.3344934787605692,Maintenir une relation durable,Tester des avantages de fidélité et un accès anticipé,Taux de réachat à 90 jours,2011-12-10
16571,27,3,1421.69,1,Acheteurs réguliers,0.5611005571812644,-0.08125802152948179,Entretenir la relation et développer les achats,Tester des recommandations adaptées à l'historique d'achat,Nombre de commandes par client sur 90 jours,2011-12-10
16572,128,3,1009.6,1,Acheteurs réguliers,-0.19981651129751235,0.7872985771022766,Entretenir la relation et développer les achats,Tester des recommandations adaptées à l'historique d'achat,Nombre de commandes par client sur 90 jours,2011-12-10
16573,85,2,663.61,2,Occasionnels en sommeil,-0.49980645392094747,0.2607862990603685,Réactiver les clients,Tester une campagne de retour avec une offre ciblée,Taux de réactivation à 60 jours,2011-12-10
16574,72,1,451.44,2,Occasionnels en sommeil,-0.9846317268799002,-0.14137106751748765,Réactiver les clients,Tester une campagne de retour avec une offre ciblée,Taux de réactivation à 60 jours,2011-12-10
16581,183,1,105.84,2,Occasionnels en sommeil,-2.0313348826648445,-0.06547169272283099,Réactiver les clients,Tester une campagne de retour avec une offre ciblée,Taux de réactivation à 60 jours,2011-12-10
16582,114,1,313.62,2,Occasionnels en sommeil,-1.3350183185002025,0.021891945468405706,Réactiver les clients,Tester une campagne de retour avec une offre ciblée,Taux de réactivation à 60 jours,2011-12-10
16583,374,1,233.45,2,Occasionnels en sommeil,-1.9377665427271669,0.683212672357102,Réactiver les clients,Tester une campagne de retour avec une offre ciblée,Taux de réactivation à 60 jours,2011-12-10
16584,81,2,936.08,1,Acheteurs réguliers,-0.3182361329988406,0.35480353501359724,Entretenir la relation et développer les achats,Tester des recommandations adaptées à l'historique d'achat,Nombre de commandes par client sur 90 jours,2011-12-10
16586,249,1,463.95,2,Occasionnels en sommeil,-1.45419861557949,0.6687165973916904,Réactiver les clients,Tester une campagne de retour avec une offre ciblée,Taux de réactivation à 60 jours,2011-12-10
16587,233,1,225.15,2,Occasionnels en sommeil,-1.7700080090408619,0.36355235011744214,Réactiver les clients,Tester une campagne de retour avec une offre ciblée,Taux de réactivation à 60 jours,2011-12-10
16589,72,3,459.24,1,Acheteurs réguliers,-0.3495966217208598,0.13109690027245802,Entretenir la relation et développer les achats,Tester des recommandations adaptées à l'historique d'achat,Nombre de commandes par client sur 90 jours,2011-12-10
16591,69,1,213.5,2,Occasionnels en sommeil,-1.3220617537413053,-0.440138211944923,Réactiver les clients,Tester une campagne de retour avec une offre ciblée,Taux de réactivation à 60 jours,2011-12-10
16592,5,16,4113.68,3,Champions,2.9771329774988207,-0.14046257071662455,Maintenir une relation durable,Tester des avantages de fidélité et un accès anticipé,Taux de réachat à 90 jours,2011-12-10
16593,51,3,330.03,0,Occasionnels récents,-0.3728890757799612,-0.2092703524341613,Encourager un achat supplémentaire,Tester une relance après achat avec des produits complémentaires,Taux de nouvel achat à 60 jours,2011-12-10
16594,76,1,181.09,2,Occasionnels en sommeil,-1.43708875537537,-0.43777229597433026,Réactiver les clients,Tester une campagne de retour avec une offre ciblée,Taux de réactivation à 60 jours,2011-12-10
16595,62,1,360.16,2,Occasionnels en sommeil,-1.0337285345520573,-0.3191012713120227,Réactiver les clients,Tester une campagne de retour avec une offre ciblée,Taux de réactivation à 60 jours,2011-12-10
16596,16,2,250.15,0,Occasionnels récents,-0.3258094395748946,-1.1469630161092832,Encourager un achat supplémentaire,Tester une relance après achat avec des produits complémentaires,Taux de nouvel achat à 60 jours,2011-12-10
16597,5,1,90.04,0,Occasionnels récents,-0.7654779027998141,-2.3487923756741114,Encourager un achat supplémentaire,Tester une relance après achat avec des produits complémentaires,Taux de nouvel achat à 60 jours,2011-12-10
16598,286,1,145.04999999999998,2,Occasionnels en sommeil,-2.057351248102216,0.3372061527910086,Réactiver les clients,Tester une campagne de retour avec une offre ciblée,Taux de réactivation à 60 jours,2011-12-10
16600,5,6,813.52,3,Champions,1.40660853599936,-1.0704784696708887,Maintenir une relation durable,Tester des avantages de fidélité et un accès anticipé,Taux de réachat à 90 jours,2011-12-10
16601,41,1,242.7,0,Occasionnels récents,-1.061325621232481,-0.7257552886617522,Encourager un achat supplémentaire,Tester une relance après achat avec des produits complémentaires,Taux de nouvel achat à 60 jours,2011-12-10
16602,37,1,528.08,0,Occasionnels récents,-0.6545369373114892,-0.508824156161745,Encourager un achat supplémentaire,Tester une relance après achat avec des produits complémentaires,Taux de nouvel achat à 60 jours,2011-12-10
16603,75,2,482.47,2,Occasionnels en sommeil,-0.6022343164997558,0.06468351512423785,Réactiver les clients,Tester une campagne de retour avec une offre ciblée,Taux de réactivation à 60 jours,2011-12-10
16607,18,14,3347.71,3,Champions,2.3144586123727544,0.48578678977754647,Maintenir une relation durable,Tester des avantages de fidélité et un accès anticipé,Taux de réachat à 90 jours,2011-12-10
16609,16,7,5493.46,3,Champions,2.0242783738115158,0.35214967844063433,Maintenir une relation durable,Tester des avantages de fidélité et un accès anticipé,Taux de réachat à 90 jours,2011-12-10
16610,220,1,75.66,2,Occasionnels en sommeil,-2.2605464157388204,-0.0671225653840875,Réactiver les clients,Tester une campagne de retour avec une offre ciblée,Taux de réactivation à 60 jours,2011-12-10
16611,187,1,129.49,2,Occasionnels en sommeil,-1.9449517570397017,0.021246395923323683,Réactiver les clients,Tester une campagne de retour avec une offre ciblée,Taux de réactivation à 60 jours,2011-12-10
16612,33,4,1187.66,1,Acheteurs réguliers,0.6016111641505891,0.06528343438924725,Entretenir la relation et développer les achats,Tester des recommandations adaptées à l'historique d'achat,Nombre de commandes par client sur 90 jours,2011-12-10
16613,71,1,618.59,2,Occasionnels en sommeil,-0.8301518862350149,-0.035970032944781724,Réactiver les clients,Tester une campagne de retour avec une offre ciblée,Taux de réactivation à 60 jours,2011-12-10
16614,183,1,506.19,2,Occasionnels en sommeil,-1.2928241360306048,0.5011024017361914,Réactiver les clients,Tester une campagne de retour avec une offre ciblée,Taux de réactivation à 60 jours,2011-12-10
16616,16,2,500.42,0,Occasionnels récents,0.0020134864936087625,-0.895462305623132,Encourager un achat supplémentaire,Tester une relance après achat avec des produits complémentaires,Taux de nouvel achat à 60 jours,2011-12-10
16617,236,1,151.85,2,Occasionnels en sommeil,-1.960744569271397,0.22933338164775402,Réactiver les clients,Tester une campagne de retour avec une offre ciblée,Taux de réactivation à 60 jours,2011-12-10
16618,32,5,2647.59,1,Acheteurs réguliers,1.158104267156765,0.4073556512718284,Entretenir la relation et développer les achats,Tester des recommandations adaptées à l'historique d'achat,Nombre de commandes par client sur 90 jours,2011-12-10
16619,264,1,226.21,2,Occasionnels en sommeil,-1.8165536102038746,0.44612056784446125,Réactiver les clients,Tester une campagne de retour avec une offre ciblée,Taux de réactivation à 60 jours,2011-12-10
16620,4,2,178.96,0,Occasionnels récents,-0.0041835922567183,-2.063678861264445,Encourager un achat supplémentaire,Tester une relance après achat avec des produits complémentaires,Taux de nouvel achat à 60 jours,2011-12-10
16621,52,4,813.48,1,Acheteurs réguliers,0.24836620945846616,0.2163317796596656,Entretenir la relation et développer les achats,Tester des recommandations adaptées à l'historique d'achat,Nombre de commandes par client sur 90 jours,2011-12-10
16623,246,1,129.45,2,Occasionnels en sommeil,-2.0520802528068023,0.19855340439115785,Réactiver les clients,Tester une campagne de retour avec une offre ciblée,Taux de réactivation à 60 jours,2011-12-10
16624,81,2,810.5699999999999,1,Acheteurs réguliers,-0.3864176706313449,0.30249570724126557,Entretenir la relation et développer les achats,Tester des recommandations adaptées à l'historique d'achat,Nombre de commandes par client sur 90 jours,2011-12-10
16625,275,1,333.08,2,Occasionnels en sommeil,-1.6497081037314871,0.6127884633513152,Réactiver les clients,Tester une campagne de retour avec une offre ciblée,Taux de réactivation à 60 jours,2011-12-10
16626,1,17,4413.1,3,Champions,3.492744875129892,-0.8070671358235167,Maintenir une relation durable,Tester des avantages de fidélité et un accès anticipé,Taux de réachat à 90 jours,2011-12-10
16627,80,1,322.8,2,Occasionnels en sommeil,-1.184007484296778,-0.19546445350279784,Réactiver les clients,Tester une campagne de retour avec une offre ciblée,Taux de réactivation à 60 jours,2011-12-10
16628,30,5,2188.05,1,Acheteurs réguliers,1.092256006689577,0.2973988064179958,Entretenir la relation et développer les achats,Tester des recommandations adaptées à l'historique d'achat,Nombre de commandes par client sur 90 jours,2011-12-10
16629,74,2,408.63,2,Occasionnels en sommeil,-0.6756256550017812,-0.004213633967878723,Réactiver les clients,Tester une campagne de retour avec une offre ciblée,Taux de réactivation à 60 jours,2011-12-10
16633,18,6,2883.1,3,Champions,1.5543063012257885,0.1387032442643649,Maintenir une relation durable,Tester des avantages de fidélité et un accès anticipé,Taux de réachat à 90 jours,2011-12-10
16634,223,2,217.9,2,Occasionnels en sommeil,-1.4016078292028327,0.4790568939464204,Réactiver les clients,Tester une campagne de retour avec une offre ciblée,Taux de réactivation à 60 jours,2011-12-10
16637,33,4,1154.47,1,Acheteurs réguliers,0.5881835614952402,0.0549819840042907,Entretenir la relation et développer les achats,Tester des recommandations adaptées à l'historique d'achat,Nombre de commandes par client sur 90 jours,2011-12-10
16638,23,10,1680.72,3,Champions,1.6157927723126346,0.26796128228739574,Maintenir une relation durable,Tester des avantages de fidélité et un accès anticipé,Taux de réachat à 90 jours,2011-12-10
16639,32,3,1257.51,1,Acheteurs réguliers,0.43856041143613755,-0.019063483025055443,Entretenir la relation et développer les achats,Tester des recommandations adaptées à l'historique d'achat,Nombre de commandes par client sur 90 jours,2011-12-10
16641,106,1,231.10000000000002,2,Occasionnels en sommeil,-1.4509914673760917,-0.1356305899047671,Réactiver les clients,Tester une campagne de retour avec une offre ciblée,Taux de réactivation à 60 jours,2011-12-10
16642,5,2,688.33,0,Occasionnels récents,0.5611281346125141,-1.456644465675824,Encourager un achat supplémentaire,Tester une relance après achat avec des produits complémentaires,Taux de nouvel achat à 60 jours,2011-12-10
16643,246,1,487.51,2,Occasionnels en sommeil,-1.4260295204826936,0.6788499042978994,Réactiver les clients,Tester une campagne de retour avec une offre ciblée,Taux de réactivation à 60 jours,2011-12-10
16644,178,2,833.78,2,Occasionnels en sommeil,-0.6790352494146868,0.8201957833748925,Réactiver les clients,Tester une campagne de retour avec une offre ciblée,Taux de réactivation à 60 jours,2011-12-10
16647,170,2,214.06,2,Occasionnels en sommeil,-1.3041778563525273,0.2971271328875434,Réactiver les clients,Tester une campagne de retour avec une offre ciblée,Taux de réactivation à 60 jours,2011-12-10
16648,43,1,290.65999999999997,0,Occasionnels récents,-0.9943783940189485,-0.6301671056815165,Encourager un achat supplémentaire,Tester une relance après achat avec des produits complémentaires,Taux de nouvel achat à 60 jours,2011-12-10
16650,72,1,518.42,2,Occasionnels en sommeil,-0.9191719728521728,-0.09115135029495897,Réactiver les clients,Tester une campagne de retour avec une offre ciblée,Taux de réactivation à 60 jours,2011-12-10
16652,59,7,6773.97,1,Acheteurs réguliers,1.6293011369925692,1.2481061896198018,Entretenir la relation et développer les achats,Tester des recommandations adaptées à l'historique d'achat,Nombre de commandes par client sur 90 jours,2011-12-10
16653,17,2,1212.66,0,Occasionnels récents,0.3987338247001402,-0.5367631703545628,Encourager un achat supplémentaire,Tester une relance après achat avec des produits complémentaires,Taux de nouvel achat à 60 jours,2011-12-10
16654,142,4,601.27,1,Acheteurs réguliers,-0.2837901008181328,0.7517048739534242,Entretenir la relation et développer les achats,Tester des recommandations adaptées à l'historique d'achat,Nombre de commandes par client sur 90 jours,2011-12-10
16655,18,6,3789.52,3,Champions,1.6838863537516946,0.23811506901358392,Maintenir une relation durable,Tester des avantages de fidélité et un accès anticipé,Taux de réachat à 90 jours,2011-12-10
16656,23,15,8625.8,3,Champions,2.7299503513967798,1.006654359028388,Maintenir une relation durable,Tester des avantages de fidélité et un accès anticipé,Taux de réachat à 90 jours,2011-12-10
16657,10,4,874.43,0,Occasionnels récents,0.8988944744232034,-0.7794947673155331,Encourager un achat supplémentaire,Tester une relance après achat avec des produits complémentaires,Taux de nouvel achat à 60 jours,2011-12-10
16658,369,1,123.24,2,Occasionnels en sommeil,-2.233602148314773,0.4434906692477054,Réactiver les clients,Tester une campagne de retour avec une offre ciblée,Taux de réactivation à 60 jours,2011-12-10
16659,190,1,39.12,2,Occasionnels en sommeil,-2.510377385950042,-0.39748823728733435,Réactiver les clients,Tester une campagne de retour avec une offre ciblée,Taux de réactivation à 60 jours,2011-12-10
16660,17,4,1267.6499999999999,1,Acheteurs réguliers,0.8817708546813202,-0.32442672520055094,Entretenir la relation et développer les achats,Tester des recommandations adaptées à l'historique d'achat,Nombre de commandes par client sur 90 jours,2011-12-10
16665,363,1,135.39999999999998,2,Occasionnels en sommeil,-2.182919685751873,0.4668300969224198,Réactiver les clients,Tester une campagne de retour avec une offre ciblée,Taux de réactivation à 60 jours,2011-12-10
16666,20,1,118.98,0,Occasionnels récents,-1.1256293894388238,-1.4340739087403713,Encourager un achat supplémentaire,Tester une relance après achat avec des produits complémentaires,Taux de nouvel achat à 60 jours,2011-12-10
16667,69,2,567.1800000000001,2,Occasionnels en sommeil,-0.4934498330415986,0.06995626550918717,Réactiver les clients,Tester une campagne de retour avec une offre ciblée,Taux de réactivation à 60 jours,2011-12-10
16668,16,6,306.71999999999997,0,Occasionnels récents,0.5368640592071341,-0.7476067400278332,Encourager un achat supplémentaire,Tester une relance après achat avec des produits complémentaires,Taux de nouvel achat à 60 jours,2011-12-10
16669,24,3,1348.88,1,Acheteurs réguliers,0.5806117126056665,-0.17403269888904413,Entretenir la relation et développer les achats,Tester des recommandations adaptées à l'historique d'achat,Nombre de commandes par client sur 90 jours,2011-12-10
16670,17,11,4095.9,3,Champions,2.229438563398056,0.43828295886423485,Maintenir une relation durable,Tester des avantages de fidélité et un accès anticipé,Taux de réachat à 90 jours,2011-12-10
16671,29,3,1692.27,1,Acheteurs réguliers,0.6166132585143589,0.026923060968922403,Entretenir la relation et développer les achats,Tester des recommandations adaptées à l'historique d'achat,Nombre de commandes par client sur 90 jours,2011-12-10
16672,3,20,8134.9400000000005,3,Champions,3.650421344768376,-0.07486678293877126,Maintenir une relation durable,Tester des avantages de fidélité et un accès anticipé,Taux de réachat à 90 jours,2011-12-10
16674,55,2,304.24,0,Occasionnels récents,-0.700594313153596,-0.30110782541817016,Encourager un achat supplémentaire,Tester une relance après achat avec des produits complémentaires,Taux de nouvel achat à 60 jours,2011-12-10
16676,34,4,1592.1200000000001,1,Acheteurs réguliers,0.729111952551232,0.19065897981351163,Entretenir la relation et développer les achats,Tester des recommandations adaptées à l'historique d'achat,Nombre de commandes par client sur 90 jours,2011-12-10
16678,3,12,3109.99,3,Champions,2.760839801045152,-0.6087792567147832,Maintenir une relation durable,Tester des avantages de fidélité et un accès anticipé,Taux de réachat à 90 jours,2011-12-10
16679,367,1,129.75,2,Occasionnels en sommeil,-2.2072620676281147,0.45854543225444305,Réactiver les clients,Tester une campagne de retour avec une offre ciblée,Taux de réactivation à 60 jours,2011-12-10
16680,44,1,183.7,0,Occasionnels récents,-1.2198040567641655,-0.7817449174820094,Encourager un achat supplémentaire,Tester une relance après achat avec des produits complémentaires,Taux de nouvel achat à 60 jours,2011-12-10
16681,73,6,1770.34,1,Acheteurs réguliers,0.7902558572469398,0.84515308591348,Entretenir la relation et développer les achats,Tester des recommandations adaptées à l'historique d'achat,Nombre de commandes par client sur 90 jours,2011-12-10
16682,5,5,1028.0,3,Champions,1.3780130664616872,-1.0446641057452666,Maintenir une relation durable,Tester des avantages de fidélité et un accès anticipé,Taux de réachat à 90 jours,2011-12-10
16684,5,28,66653.56,3,Champions,4.780678615210511,1.0777433370091791,Maintenir une relation durable,Tester des avantages de fidélité et un accès anticipé,Taux de réachat à 90 jours,2011-12-10
16685,62,2,324.24,2,Occasionnels en sommeil,-0.7166683396709596,-0.20146141573787354,Réactiver les clients,Tester une campagne de retour avec une offre ciblée,Taux de réactivation à 60 jours,2011-12-10
16686,48,7,2959.88,1,Acheteurs réguliers,1.3162066186699883,0.8153619333677773,Entretenir la relation et développer les achats,Tester des recommandations adaptées à l'historique d'achat,Nombre de commandes par client sur 90 jours,2011-12-10
16688,2,4,1260.86,3,Champions,1.5815182598075166,-1.491044742001244,Maintenir une relation durable,Tester des avantages de fidélité et un accès anticipé,Taux de réachat à 90 jours,2011-12-10
16689,76,2,422.59999999999997,2,Occasionnels en sommeil,-0.6700402024889269,0.02509171187644122,Réactiver les clients,Tester une campagne de retour avec une offre ciblée,Taux de réactivation à 60 jours,2011-12-10
16690,73,2,225.57999999999998,2,Occasionnels en sommeil,-0.9511340925530565,-0.22834094617319645,Réactiver les clients,Tester une campagne de retour avec une offre ciblée,Taux de réactivation à 60 jours,2011-12-10
16692,257,2,1276.0,2,Occasionnels en sommeil,-0.6207636926037851,1.212457478572085,Réactiver les clients,Tester une campagne de retour avec une offre ciblée,Taux de réactivation à 60 jours,2011-12-10
16693,69,2,477.86,2,Occasionnels en sommeil,-0.5745433573045016,0.007742560041607429,Réactiver les clients,Tester une campagne de retour avec une offre ciblée,Taux de réactivation à 60 jours,2011-12-10
16696,136,4,657.9000000000001,1,Acheteurs réguliers,-0.2243796413346254,0.7565324778598346,Entretenir la relation et développer les achats,Tester des recommandations adaptées à l'historique d'achat,Nombre de commandes par client sur 90 jours,2011-12-10
16697,242,1,112.75,2,Occasionnels en sommeil,-2.110632906493714,0.13811047813532912,Réactiver les clients,Tester une campagne de retour avec une offre ciblée,Taux de réactivation à 60 jours,2011-12-10
16698,227,2,1998.0,1,Acheteurs réguliers,-0.3598308055395827,1.2951194771786534,Entretenir la relation et développer les achats,Tester des recommandations adaptées à l'historique d'achat,Nombre de commandes par client sur 90 jours,2011-12-10
16700,9,13,5076.55,3,Champions,2.701001353480259,0.1934884314345792,Maintenir une relation durable,Tester des avantages de fidélité et un accès anticipé,Taux de réachat à 90 jours,2011-12-10
16701,9,13,5398.3,3,Champions,2.7301332203717226,0.2158379519786671,Maintenir une relation durable,Tester des avantages de fidélité et un accès anticipé,Taux de réachat à 90 jours,2011-12-10
16705,1,20,14034.99,3,Champions,4.180673707058476,-0.32705107758432,Maintenir une relation durable,Tester des avantages de fidélité et un accès anticipé,Taux de réachat à 90 jours,2011-12-10
16706,38,3,531.35,0,Occasionnels récents,-0.03486620412537175,-0.22344820127640566,Encourager un achat supplémentaire,Tester une relance après achat avec des produits complémentaires,Taux de nouvel achat à 60 jours,2011-12-10
16708,46,1,656.63,0,Occasionnels récents,-0.6347232756641601,-0.29153796522207276,Encourager un achat supplémentaire,Tester une relance après achat avec des produits complémentaires,Taux de nouvel achat à 60 jours,2011-12-10
16709,85,5,3029.87,1,Acheteurs réguliers,0.8465983853153323,1.079006193612704,Entretenir la relation et développer les achats,Tester des recommandations adaptées à l'historique d'achat,Nombre de commandes par client sur 90 jours,2011-12-10
16710,20,10,2467.99,3,Champions,1.85020035009223,0.32084481069096116,Maintenir une relation durable,Tester des avantages de fidélité et un accès anticipé,Taux de réachat à 90 jours,2011-12-10
16711,4,5,1651.03,3,Champions,1.6739450942679348,-0.9909655294203202,Maintenir une relation durable,Tester des avantages de fidélité et un accès anticipé,Taux de réachat à 90 jours,2011-12-10
16712,10,11,3611.31,3,Champions,2.3627807335668107,0.07237600244440293,Maintenir une relation durable,Tester des avantages de fidélité et un accès anticipé,Taux de réachat à 90 jours,2011-12-10
16713,19,15,6910.78,3,Champions,2.6963192782097827,0.8075171894101105,Maintenir une relation durable,Tester des avantages de fidélité et un accès anticipé,Taux de réachat à 90 jours,2011-12-10
16714,219,3,1129.06,1,Acheteurs réguliers,-0.35607397243566247,1.1749265756868226,Entretenir la relation et développer les achats,Tester des recommandations adaptées à l'historique d'achat,Nombre de commandes par client sur 90 jours,2011-12-10
16715,79,1,301.71999999999997,2,Occasionnels en sommeil,-1.2110569733065244,-0.22802668785646377,Réactiver les clients,Tester une campagne de retour avec une offre ciblée,Taux de réactivation à 60 jours,2011-12-10
16716,267,2,901.2,2,Occasionnels en sommeil,-0.8004032602555913,1.110793997007435,Réactiver les clients,Tester une campagne de retour avec une offre ciblée,Taux de réactivation à 60 jours,2011-12-10
16717,24,6,3843.08,1,Acheteurs réguliers,1.5829718366376366,0.4216063611175142,Entretenir la relation et développer les achats,Tester des recommandations adaptées à l'historique d'achat,Nombre de commandes par client sur 90 jours,2011-12-10
16718,370,1,606.0500000000001,2,Occasionnels en sommeil,-1.4824736152415452,1.0223109707901792,Réactiver les clients,Tester une campagne de retour avec une offre ciblée,Taux de réactivation à 60 jours,2011-12-10
16719,15,7,1770.22,3,Champions,1.5112710690281559,-0.09905840793664956,Maintenir une relation durable,Tester des avantages de fidélité et un accès anticipé,Taux de réachat à 90 jours,2011-12-10
16720,27,1,152.95,0,Occasionnels récents,-1.1201818490489253,-1.1563908386613768,Encourager un achat supplémentaire,Tester une relance après achat avec des produits complémentaires,Taux de nouvel achat à 60 jours,2011-12-10
16721,263,1,292.47,2,Occasionnels en sommeil,-1.693736922375286,0.536749251400267,Réactiver les clients,Tester une campagne de retour avec une offre ciblée,Taux de réactivation à 60 jours,2011-12-10
16722,18,13,4730.81,3,Champions,2.415985071587822,0.5850487486541361,Maintenir une relation durable,Tester des avantages de fidélité et un accès anticipé,Taux de réachat à 90 jours,2011-12-10
16723,92,2,576.4,2,Occasionnels en sommeil,-0.5971740074879727,0.2604829836982801,Réactiver les clients,Tester une campagne de retour avec une offre ciblée,Taux de réactivation à 60 jours,2011-12-10
16725,303,7,758.27,1,Acheteurs réguliers,-0.04445601400743089,1.5067354141984026,Entretenir la relation et développer les achats,Tester des recommandations adaptées à l'historique d'achat,Nombre de commandes par client sur 90 jours,2011-12-10
16726,27,5,1358.74,1,Acheteurs réguliers,0.9063733918686483,0.05802613769684127,Entretenir la relation et développer les achats,Tester des recommandations adaptées à l'historique d'achat,Nombre de commandes par client sur 90 jours,2011-12-10
16727,365,1,256.32,2,Occasionnels en sommeil,-1.8841120684544894,0.7012801214107599,Réactiver les clients,Tester une campagne de retour avec une offre ciblée,Taux de réactivation à 60 jours,2011-12-10
16728,47,4,1048.28,1,Acheteurs réguliers,0.40731178610532454,0.24406512769768535,Entretenir la relation et développer les achats,Tester des recommandations adaptées à l'historique d'achat,Nombre de commandes par client sur 90 jours,2011-12-10
16729,39,21,7205.33,3,Champions,2.732454809265763,1.3955758601613515,Maintenir une relation durable,Tester des avantages de fidélité et un accès anticipé,Taux de réachat à 90 jours,2011-12-10
16730,53,3,743.11,1,Acheteurs réguliers,-0.0036313298038375746,0.10989882925624142,Entretenir la relation et développer les achats,Tester des recommandations adaptées à l'historique d'achat,Nombre de commandes par client sur 90 jours,2011-12-10
16732,32,1,603.75,0,Occasionnels récents,-0.5358582830205844,-0.5519013244518159,Encourager un achat supplémentaire,Tester une relance après achat avec des produits complémentaires,Taux de nouvel achat à 60 jours,2011-12-10
16734,53,3,646.76,1,Acheteurs réguliers,-0.06938077364044656,0.05945686646465492,Entretenir la relation et développer les achats,Tester des recommandations adaptées à l'historique d'achat,Nombre de commandes par client sur 90 jours,2011-12-10
16735,79,5,2247.41,1,Acheteurs réguliers,0.7333518380496601,0.9233688102715443,Entretenir la relation et développer les achats,Tester des recommandations adaptées à l'historique d'achat,Nombre de commandes par client sur 90 jours,2011-12-10
16737,54,1,417.59999999999997,2,Occasionnels en sommeil,-0.9105184798480157,-0.3536850389524155,Réactiver les clients,Tester une campagne de retour avec une offre ciblée,Taux de réactivation à 60 jours,2011-12-10
16738,298,1,3.75,2,Occasionnels en sommeil,-3.697744555364084,-0.8823357839648558,Réactiver les clients,Tester une campagne de retour avec une offre ciblée,Taux de réactivation à 60 jours,2011-12-10
16739,177,1,323.0,2,Occasionnels en sommeil,-1.4923156140434486,0.3165372890070842,Réactiver les clients,Tester une campagne de retour avec une offre ciblée,Taux de réactivation à 60 jours,2011-12-10
16742,47,1,464.9,0,Occasionnels récents,-0.8064005663999221,-0.40323034200247543,Encourager un achat supplémentaire,Tester une relance après achat avec des produits complémentaires,Taux de nouvel achat à 60 jours,2011-12-10
16743,30,7,2213.13,1,Acheteurs réguliers,1.3578571254930027,0.412046550760613,Entretenir la relation et développer les achats,Tester des recommandations adaptées à l'historique d'achat,Nombre de commandes par client sur 90 jours,2011-12-10
16744,12,7,1291.91,3,Champions,1.4434076654994399,-0.3485281273452687,Maintenir une relation durable,Tester des avantages de fidélité et un accès anticipé,Taux de réachat à 90 jours,2011-12-10
16745,87,17,7180.7,3,Champions,2.240289884186533,1.8297563246674384,Maintenir une relation durable,Tester des avantages de fidélité et un accès anticipé,Taux de réachat à 90 jours,2011-12-10
16746,5,18,6680.11,3,Champions,3.307563644163826,0.07858359052330793,Maintenir une relation durable,Tester des avantages de fidélité et un accès anticipé,Taux de réachat à 90 jours,2011-12-10
16747,38,2,836.06,0,Occasionnels récents,-0.08046907423709973,-0.16931667043157297,Encourager un achat supplémentaire,Tester une relance après achat avec des produits complémentaires,Taux de nouvel achat à 60 jours,2011-12-10
16748,18,5,1515.9,1,Acheteurs réguliers,1.1102207114987472,-0.1542400262463749,Entretenir la relation et développer les achats,Tester des recommandations adaptées à l'historique d'achat,Nombre de commandes par client sur 90 jours,2011-12-10
16750,45,5,623.93,1,Acheteurs réguliers,0.34318471149493335,0.0979266726672683,Entretenir la relation et développer les achats,Tester des recommandations adaptées à l'historique d'achat,Nombre de commandes par client sur 90 jours,2011-12-10
16751,31,1,1764.72,0,Occasionnels récents,-0.01574820181685276,-0.18213595622597292,Encourager un achat supplémentaire,Tester une relance après achat avec des produits complémentaires,Taux de nouvel achat à 60 jours,2011-12-10
16752,373,1,207.5,2,Occasionnels en sommeil,-1.9923390535563297,0.6388068531531953,Réactiver les clients,Tester une campagne de retour avec une offre ciblée,Taux de réactivation à 60 jours,2011-12-10
16753,59,1,223.92000000000002,2,Occasionnels en sommeil,-1.2391501484111307,-0.5230831408420847,Réactiver les clients,Tester une campagne de retour avec une offre ciblée,Taux de réactivation à 60 jours,2011-12-10
16754,373,1,2002.4,2,Occasionnels en sommeil,-0.9195024540020964,1.461870603633702,Réactiver les clients,Tester une campagne de retour avec une offre ciblée,Taux de réactivation à 60 jours,2011-12-10
16755,115,3,1475.43,1,Acheteurs réguliers,0.021559327017178796,0.8561476149645153,Entretenir la relation et développer les achats,Tester des recommandations adaptées à l'historique d'achat,Nombre de commandes par client sur 90 jours,2011-12-10
16756,215,1,239.4,2,Occasionnels en sommeil,-1.7096615950991636,0.33375134982892574,Réactiver les clients,Tester une campagne de retour avec une offre ciblée,Taux de réactivation à 60 jours,2011-12-10
16757,319,1,106.83000000000001,2,Occasionnels en sommeil,-2.243864557427818,0.29759072191033764,Réactiver les clients,Tester une campagne de retour avec une offre ciblée,Taux de réactivation à 60 jours,2011-12-10
16758,66,1,369.34000000000003,2,Occasionnels en sommeil,-1.0459552385842665,-0.2699573686788285,Réactiver les clients,Tester une campagne de retour avec une offre ciblée,Taux de réactivation à 60 jours,2011-12-10
16759,8,3,789.79,0,Occasionnels récents,0.7275094567601418,-1.0326346677982174,Encourager un achat supplémentaire,Tester une relance après achat avec des produits complémentaires,Taux de nouvel achat à 60 jours,2011-12-10
16761,97,1,316.62,2,Occasionnels en sommeil,-1.2678193901800219,-0.07863493891463406,Réactiver les clients,Tester une campagne de retour avec une offre ciblée,Taux de réactivation à 60 jours,2011-12-10
16762,20,3,1207.24,1,Acheteurs réguliers,0.5963909204211177,-0.3276875980548925,Entretenir la relation et développer les achats,Tester des recommandations adaptées à l'historique d'achat,Nombre de commandes par client sur 90 jours,2011-12-10
16763,199,1,611.85,2,Occasionnels en sommeil,-1.2357809416388,0.6241372504809934,Réactiver les clients,Tester une campagne de retour avec une offre ciblée,Taux de réactivation à 60 jours,2011-12-10
16764,4,13,2790.9500000000003,3,Champions,2.6891024647877395,-0.4746259705049052,Maintenir une relation durable,Tester des avantages de fidélité et un accès anticipé,Taux de réachat à 90 jours,2011-12-10
16765,295,1,34.0,2,Occasionnels en sommeil,-2.7468220447605494,-0.16238977694030907,Réactiver les clients,Tester une campagne de retour avec une offre ciblée,Taux de réactivation à 60 jours,2011-12-10
16766,274,2,1145.6,2,Occasionnels en sommeil,-0.6968467163778315,1.2147543453109402,Réactiver les clients,Tester une campagne de retour avec une offre ciblée,Taux de réactivation à 60 jours,2011-12-10
16767,31,11,5575.56,3,Champions,2.150120298533202,0.9244388067554125,Maintenir une relation durable,Tester des avantages de fidélité et un accès anticipé,Taux de réachat à 90 jours,2011-12-10
16768,48,3,478.09000000000003,1,Acheteurs réguliers,-0.174314903643209,-0.11342206547535529,Entretenir la relation et développer les achats,Tester des recommandations adaptées à l'historique d'achat,Nombre de commandes par client sur 90 jours,2011-12-10
16769,261,1,361.54,2,Occasionnels en sommeil,-1.5905406204846064,0.6086900577737623,Réactiver les clients,Tester une campagne de retour avec une offre ciblée,Taux de réactivation à 60 jours,2011-12-10
16770,58,5,757.1,1,Acheteurs réguliers,0.33722211408350417,0.3299815858175644,Entretenir la relation et développer les achats,Tester des recommandations adaptées à l'historique d'achat,Nombre de commandes par client sur 90 jours,2011-12-10
16771,34,5,2242.61,1,Acheteurs réguliers,1.056360638725093,0.3852400777345372,Entretenir la relation et développer les achats,Tester des recommandations adaptées à l'historique d'achat,Nombre de commandes par client sur 90 jours,2011-12-10
16773,58,1,171.59,2,Occasionnels en sommeil,-1.3581291733700414,-0.6303408078005224,Réactiver les clients,Tester une campagne de retour avec une offre ciblée,Taux de réactivation à 60 jours,2011-12-10
16774,68,4,661.52,1,Acheteurs réguliers,0.047051198920877536,0.3126986143101529,Entretenir la relation et développer les achats,Tester des recommandations adaptées à l'historique d'achat,Nombre de commandes par client sur 90 jours,2011-12-10
16775,11,11,1691.51,3,Champions,1.9692079580671344,-0.14684391859067045,Maintenir une relation durable,Tester des avantages de fidélité et un accès anticipé,Taux de réachat à 90 jours,2011-12-10
16776,61,1,371.54,2,Occasionnels en sommeil,-1.0127474408621366,-0.31821667096795403,Réactiver les clients,Tester une campagne de retour avec une offre ciblée,Taux de réactivation à 60 jours,2011-12-10
16777,81,2,222.62,2,Occasionnels en sommeil,-0.9976050634538299,-0.16639786703826065,Réactiver les clients,Tester une campagne de retour avec une offre ciblée,Taux de réactivation à 60 jours,2011-12-10
16778,75,2,245.94,2,Occasionnels en sommeil,-0.9207877303113512,-0.17970576802389596,Réactiver les clients,Tester une campagne de retour avec une offre ciblée,Taux de réactivation à 60 jours,2011-12-10
16779,3,22,10611.720000000001,3,Champions,3.85871306257832,0.05675043735838027,Maintenir une relation durable,Tester des avantages de fidélité et un accès anticipé,Taux de réachat à 90 jours,2011-12-10
16780,101,2,422.24,2,Occasionnels en sommeil,-0.7806487440999227,0.20754473141798027,Réactiver les clients,Tester une campagne de retour avec une offre ciblée,Taux de réactivation à 60 jours,2011-12-10
16781,373,1,311.25,2,Occasionnels en sommeil,-1.8008472294596751,0.7857164375137897,Réactiver les clients,Tester une campagne de retour avec une offre ciblée,Taux de réactivation à 60 jours,2011-12-10
16782,11,13,2267.9500000000003,3,Champions,2.2476074780668776,0.018987545696468544,Maintenir une relation durable,Tester des avantages de fidélité et un accès anticipé,Taux de réachat à 90 jours,2011-12-10
16784,20,1,107.6,0,Occasionnels récents,-1.172879968293552,-1.4703238266316014,Encourager un achat supplémentaire,Tester une relance après achat avec des produits complémentaires,Taux de nouvel achat à 60 jours,2011-12-10
16788,124,2,594.39,2,Occasionnels en sommeil,-0.698533636903398,0.4638615446536992,Réactiver les clients,Tester une campagne de retour avec une offre ciblée,Taux de réactivation à 60 jours,2011-12-10
16789,9,1,80.8,0,Occasionnels récents,-1.0164435071435267,-2.055679499914732,Encourager un achat supplémentaire,Tester une relance après achat avec des produits complémentaires,Taux de nouvel achat à 60 jours,2011-12-10
16790,4,6,1545.6200000000001,3,Champions,1.782107726214564,-0.9557371892336689,Maintenir une relation durable,Tester des avantages de fidélité et un accès anticipé,Taux de réachat à 90 jours,2011-12-10
16791,30,7,1705.78,1,Acheteurs réguliers,1.2344596423447738,0.31737789821647294,Entretenir la relation et développer les achats,Tester des recommandations adaptées à l'historique d'achat,Nombre de commandes par client sur 90 jours,2011-12-10
16792,283,2,110.38000000000001,2,Occasionnels en sommeil,-1.8149964245204393,0.3875430986592969,Réactiver les clients,Tester une campagne de retour avec une offre ciblée,Taux de réactivation à 60 jours,2011-12-10
16793,58,1,243.84,2,Occasionnels en sommeil,-1.1923262179260432,-0.5031393286515153,Réactiver les clients,Tester une campagne de retour avec une offre ciblée,Taux de réactivation à 60 jours,2011-12-10
16794,2,10,1196.5,3,Champions,2.2698319277649786,-1.2072272019779007,Maintenir une relation durable,Tester des avantages de fidélité et un accès anticipé,Taux de réachat à 90 jours,2011-12-10
16795,366,1,414.88,2,Occasionnels en sommeil,-1.657554315971135,0.8776857882222548,Réactiver les clients,Tester une campagne de retour avec une offre ciblée,Taux de réactivation à 60 jours,2011-12-10
16796,90,1,305.62,2,Occasionnels en sommeil,-1.2554843406986285,-0.13962727516475068,Réactiver les clients,Tester une campagne de retour avec une offre ciblée,Taux de réactivation à 60 jours,2011-12-10
16800,12,1,1162.65,0,Occasionnels récents,0.13960277239790442,-0.91934479307974,Encourager un achat supplémentaire,Tester une relance après achat avec des produits complémentaires,Taux de nouvel achat à 60 jours,2011-12-10
16801,164,4,1594.23,1,Acheteurs réguliers,0.12197264745175722,1.199048006011771,Entretenir la relation et développer les achats,Tester des recommandations adaptées à l'historique d'achat,Nombre de commandes par client sur 90 jours,2011-12-10
16803,66,1,332.3,2,Occasionnels en sommeil,-1.0959202494493732,-0.30828975708962786,Réactiver les clients,Tester une campagne de retour avec une offre ciblée,Taux de réactivation à 60 jours,2011-12-10
16804,24,3,536.99,0,Occasionnels récents,0.14442828653738346,-0.5086659195550487,Encourager un achat supplémentaire,Tester une relance après achat avec des produits complémentaires,Taux de nouvel achat à 60 jours,2011-12-10
16805,174,2,460.59,2,Occasionnels en sommeil,-0.9511055844815653,0.5899815936846812,Réactiver les clients,Tester une campagne de retour avec une offre ciblée,Taux de réactivation à 60 jours,2011-12-10
16806,104,4,762.16,1,Acheteurs réguliers,-0.05046071580148345,0.6370505241098957,Entretenir la relation et développer les achats,Tester des recommandations adaptées à l'historique d'achat,Nombre de commandes par client sur 90 jours,2011-12-10
16807,143,3,1121.59,1,Acheteurs réguliers,-0.1931018363413985,0.8970295268889527,Entretenir la relation et développer les achats,Tester des recommandations adaptées à l'historique d'achat,Nombre de commandes par client sur 90 jours,2011-12-10
16808,100,2,288.42,2,Occasionnels en sommeil,-0.9569919766002011,0.06289018292394759,Réactiver les clients,Tester une campagne de retour avec une offre ciblée,Taux de réactivation à 60 jours,2011-12-10
16809,24,5,914.69,1,Acheteurs réguliers,0.7633290019767004,-0.1594586556720653,Entretenir la relation et développer les achats,Tester des recommandations adaptées à l'historique d'achat,Nombre de commandes par client sur 90 jours,2011-12-10
16810,193,1,309.54,2,Occasionnels en sommeil,-1.5461716012668392,0.3570522666938325,Réactiver les clients,Tester une campagne de retour avec une offre ciblée,Taux de réactivation à 60 jours,2011-12-10
16811,5,2,547.07,0,Occasionnels récents,0.4523978976123514,-1.5400606323997896,Encourager un achat supplémentaire,Tester une relance après achat avec des produits complémentaires,Taux de nouvel achat à 60 jours,2011-12-10
16812,361,1,479.35,2,Occasionnels en sommeil,-1.5838442223534765,0.921193470006808,Réactiver les clients,Tester une campagne de retour avec une offre ciblée,Taux de réactivation à 60 jours,2011-12-10
16813,9,10,1652.18,3,Champions,1.9508228185029235,-0.3073305000023893,Maintenir une relation durable,Tester des avantages de fidélité et un accès anticipé,Taux de réachat à 90 jours,2011-12-10
16814,15,21,6416.7,3,Champions,3.0366472444126025,0.7578158343423584,Maintenir une relation durable,Tester des avantages de fidélité et un accès anticipé,Taux de réachat à 90 jours,2011-12-10
16816,104,4,417.06,1,Acheteurs réguliers,-0.33582323619855103,0.41812478427013794,Entretenir la relation et développer les achats,Tester des recommandations adaptées à l'historique d'achat,Nombre de commandes par client sur 90 jours,2011-12-10
16817,3,9,1604.75,3,Champions,2.2099615140037705,-0.9501301401416281,Maintenir une relation durable,Tester des avantages de fidélité et un accès anticipé,Taux de réachat à 90 jours,2011-12-10
16818,11,11,3349.57,3,Champions,2.2930120738533173,0.10157362241299793,Maintenir une relation durable,Tester des avantages de fidélité et un accès anticipé,Taux de réachat à 90 jours,2011-12-10
16820,96,1,497.61,2,Occasionnels en sommeil,-1.0499734721208507,0.0787420877682585,Réactiver les clients,Tester une campagne de retour avec une offre ciblée,Taux de réactivation à 60 jours,2011-12-10
16823,228,1,358.38,2,Occasionnels en sommeil,-1.5419253675451916,0.517999237175762,Réactiver les clients,Tester une campagne de retour avec une offre ciblée,Taux de réactivation à 60 jours,2011-12-10
16824,16,2,460.64,0,Occasionnels récents,-0.03717897211938689,-0.9255301575121964,Encourager un achat supplémentaire,Tester une relance après achat avec des produits complémentaires,Taux de nouvel achat à 60 jours,2011-12-10
16825,39,2,775.1800000000001,0,Occasionnels récents,-0.12619608629782952,-0.18032769921699893,Encourager un achat supplémentaire,Tester une relance après achat avec des produits complémentaires,Taux de nouvel achat à 60 jours,2011-12-10
16826,52,1,341.7,2,Occasionnels en sommeil,-0.9908581344746058,-0.4505360977636631,Réactiver les clients,Tester une campagne de retour avec une offre ciblée,Taux de réactivation à 60 jours,2011-12-10
16828,94,2,128.5,2,Occasionnels en sommeil,-1.3142960080709185,-0.26945324135119225,Réactiver les clients,Tester une campagne de retour avec une offre ciblée,Taux de réactivation à 60 jours,2011-12-10
16829,157,1,197.22,2,Occasionnels en sommeil,-1.6785790802136165,0.06032445158486981,Réactiver les clients,Tester une campagne de retour avec une offre ciblée,Taux de réactivation à 60 jours,2011-12-10
16830,39,1,325.91,0,Occasionnels récents,-0.9029224759306324,-0.6506163946784527,Encourager un achat supplémentaire,Tester une relance après achat avec des produits complémentaires,Taux de nouvel achat à 60 jours,2011-12-10
16832,185,3,199.15,2,Occasionnels en sommeil,-1.1110026306312164,0.4361499666842027,Réactiver les clients,Tester une campagne de retour avec une offre ciblée,Taux de réactivation à 60 jours,2011-12-10
16833,2,4,1106.53,0,Occasionnels récents,1.5196635166066954,-1.538498750323695,Encourager un achat supplémentaire,Tester une relance après achat avec des produits complémentaires,Taux de nouvel achat à 60 jours,2011-12-10
16834,228,1,413.46,2,Occasionnels en sommeil,-1.4743136944293491,0.5698698736493029,Réactiver les clients,Tester une campagne de retour avec une offre ciblée,Taux de réactivation à 60 jours,2011-12-10
16835,129,2,180.85,2,Occasionnels en sommeil,-1.2762623047253083,0.057924729256524636,Réactiver les clients,Tester une campagne de retour avec une offre ciblée,Taux de réactivation à 60 jours,2011-12-10
16836,40,2,251.87,0,Occasionnels récents,-0.667635709293494,-0.5722362073206707,Encourager un achat supplémentaire,Tester une relance après achat avec des produits complémentaires,Taux de nouvel achat à 60 jours,2011-12-10
16837,32,11,3170.98,3,Champions,1.8705372212679487,0.7392020592307093,Maintenir une relation durable,Tester des avantages de fidélité et un accès anticipé,Taux de réachat à 90 jours,2011-12-10
16838,198,2,588.85,2,Occasionnels en sommeil,-0.8852224755968827,0.7627109637192923,Réactiver les clients,Tester une campagne de retour avec une offre ciblée,Taux de réactivation à 60 jours,2011-12-10
16839,9,34,16594.35,3,Champions,4.091288877970566,0.9762496592531255,Maintenir une relation durable,Tester des avantages de fidélité et un accès anticipé,Taux de réachat à 90 jours,2011-12-10
16841,37,6,1869.82,1,Acheteurs réguliers,1.0773943563502368,0.4318094873479661,Entretenir la relation et développer les achats,Tester des recommandations adaptées à l'historique d'achat,Nombre de commandes par client sur 90 jours,2011-12-10
16842,101,3,1264.19,1,Acheteurs réguliers,-0.0012389220273828553,0.7163786160525282,Entretenir la relation et développer les achats,Tester des recommandations adaptées à l'historique d'achat,Nombre de commandes par client sur 90 jours,2011-12-10
16843,43,16,10196.57,3,Champions,2.6265180460312973,1.4847852513774746,Maintenir une relation durable,Tester des avantages de fidélité et un accès anticipé,Taux de réachat à 90 jours,2011-12-10
16846,51,1,214.32,2,Occasionnels en sommeil,-1.2037429227073644,-0.6319674493209421,Réactiver les clients,Tester une campagne de retour avec une offre ciblée,Taux de réactivation à 60 jours,2011-12-10
16847,44,1,193.44,0,Occasionnels récents,-1.1954372389650219,-0.7630510693663026,Encourager un achat supplémentaire,Tester une relance après achat avec des produits complémentaires,Taux de nouvel achat à 60 jours,2011-12-10
16848,53,1,281.42,2,Occasionnels en sommeil,-1.0899133563536814,-0.5087588412964705,Réactiver les clients,Tester une campagne de retour avec une offre ciblée,Taux de réactivation à 60 jours,2011-12-10
16849,187,1,124.57,2,Occasionnels en sommeil,-1.9631747922246634,0.007265963403865507,Réactiver les clients,Tester une campagne de retour avec une offre ciblée,Taux de réactivation à 60 jours,2011-12-10
16850,334,1,332.41,2,Occasionnels en sommeil,-1.7265935850392693,0.7379848970887434,Réactiver les clients,Tester une campagne de retour avec une offre ciblée,Taux de réactivation à 60 jours,2011-12-10
16851,5,3,342.45,0,Occasionnels récents,0.4909990764053237,-1.599563753213604,Encourager un achat supplémentaire,Tester une relance après achat avec des produits complémentaires,Taux de nouvel achat à 60 jours,2011-12-10
16852,11,2,144.91000000000003,0,Occasionnels récents,-0.4467793152537113,-1.5709098130166241,Encourager un achat supplémentaire,Tester une relance après achat avec des produits complémentaires,Taux de nouvel achat à 60 jours,2011-12-10
16855,24,2,328.4,0,Occasionnels récents,-0.34837281503099,-0.7976179987808378,Encourager un achat supplémentaire,Tester une relance après achat avec des produits complémentaires,Taux de nouvel achat à 60 jours,2011-12-10
16856,15,1,35.400000000000006,0,Occasionnels récents,-1.584586159505505,-2.044710082908289,Encourager un achat supplémentaire,Tester une relance après achat avec des produits complémentaires,Taux de nouvel achat à 60 jours,2011-12-10
16858,369,1,375.69000000000005,2,Occasionnels en sommeil,-1.7076737079243391,0.8469748855878024,Réactiver les clients,Tester une campagne de retour avec une offre ciblée,Taux de réactivation à 60 jours,2011-12-10
16859,145,2,747.81,2,Occasionnels en sommeil,-0.6506944504375529,0.6482023830539277,Réactiver les clients,Tester une campagne de retour avec une offre ciblée,Taux de réactivation à 60 jours,2011-12-10
16861,60,2,173.76,2,Occasionnels en sommeil,-0.9985403881309506,-0.44838022039906267,Réactiver les clients,Tester une campagne de retour avec une offre ciblée,Taux de réactivation à 60 jours,2011-12-10
16863,32,2,502.8,0,Occasionnels récents,-0.25572382392206827,-0.462590325849075,Encourager un achat supplémentaire,Tester une relance après achat avec des produits complémentaires,Taux de nouvel achat à 60 jours,2011-12-10
16866,141,3,207.73999999999998,2,Occasionnels en sommeil,-0.9852810354619203,0.2759848837148663,Réactiver les clients,Tester une campagne de retour avec une offre ciblée,Taux de réactivation à 60 jours,2011-12-10
16869,23,4,817.12,1,Acheteurs réguliers,0.5610034442228911,-0.2970107517321671,Entretenir la relation et développer les achats,Tester des recommandations adaptées à l'historique d'achat,Nombre de commandes par client sur 90 jours,2011-12-10
16871,23,6,2812.34,1,Acheteurs réguliers,1.4509613466385796,0.28151983980517326,Entretenir la relation et développer les achats,Tester des recommandations adaptées à l'historique d'achat,Nombre de commandes par client sur 90 jours,2011-12-10
16872,78,3,680.02,1,Acheteurs réguliers,-0.19476480814434716,0.3249769937146709,Entretenir la relation et développer les achats,Tester des recommandations adaptées à l'historique d'achat,Nombre de commandes par client sur 90 jours,2011-12-10
16873,5,6,7123.62,3,Champions,2.4348992710058424,-0.28158962183473907,Maintenir une relation durable,Tester des avantages de fidélité et un accès anticipé,Taux de réachat à 90 jours,2011-12-10
16875,68,5,2095.53,1,Acheteurs réguliers,0.7581683390973046,0.8017776903704245,Entretenir la relation et développer les achats,Tester des recommandations adaptées à l'historique d'achat,Nombre de commandes par client sur 90 jours,2011-12-10
16877,13,6,846.62,1,Acheteurs réguliers,1.0933915016011078,-0.5052345689206521,Entretenir la relation et développer les achats,Tester des recommandations adaptées à l'historique d'achat,Nombre de commandes par client sur 90 jours,2011-12-10
16878,85,1,13.3,2,Occasionnels en sommeil,-2.686763348996552,-1.2914095659868838,Réactiver les clients,Tester une campagne de retour avec une offre ciblée,Taux de réactivation à 60 jours,2011-12-10
16880,31,7,1491.43,1,Acheteurs réguliers,1.1583835017628425,0.28919743148744537,Entretenir la relation et développer les achats,Tester des recommandations adaptées à l'historique d'achat,Nombre de commandes par client sur 90 jours,2011-12-10
16881,67,1,432.0,2,Occasionnels en sommeil,-0.9776450869272736,-0.20346593874741897,Réactiver les clients,Tester une campagne de retour avec une offre ciblée,Taux de réactivation à 60 jours,2011-12-10
16882,67,3,705.12,1,Acheteurs réguliers,-0.11883369495327581,0.24067975701251634,Entretenir la relation et développer les achats,Tester des recommandations adaptées à l'historique d'achat,Nombre de commandes par client sur 90 jours,2011-12-10
16883,188,2,272.48,2,Occasionnels en sommeil,-1.2294630468968872,0.44959808015690983,Réactiver les clients,Tester une campagne de retour avec une offre ciblée,Taux de réactivation à 60 jours,2011-12-10
16884,38,2,429.84000000000003,0,Occasionnels récents,-0.39537870245469625,-0.4109104972742547,Encourager un achat supplémentaire,Tester une relance après achat avec des produits complémentaires,Taux de nouvel achat à 60 jours,2011-12-10
16885,16,3,450.41,0,Occasionnels récents,0.21239535748913976,-0.8231779195201221,Encourager un achat supplémentaire,Tester une relance après achat avec des produits complémentaires,Taux de nouvel achat à 60 jours,2011-12-10
16887,36,1,192.32999999999998,0,Occasionnels récents,-1.121428387280508,-0.8923700162433894,Encourager un achat supplémentaire,Tester une relance après achat avec des produits complémentaires,Taux de nouvel achat à 60 jours,2011-12-10
16889,195,3,1578.67,1,Acheteurs réguliers,-0.15198432903661854,1.221681122981798,Entretenir la relation et développer les achats,Tester des recommandations adaptées à l'historique d'achat,Nombre de commandes par client sur 90 jours,2011-12-10
16891,2,5,742.43,0,Occasionnels récents,1.495566277544796,-1.6134648463190067,Encourager un achat supplémentaire,Tester une relance après achat avec des produits complémentaires,Taux de nouvel achat à 60 jours,2011-12-10
16892,2,5,518.19,0,Occasionnels récents,1.3253449215733843,-1.7440560544451282,Encourager un achat supplémentaire,Tester une relance après achat avec des produits complémentaires,Taux de nouvel achat à 60 jours,2011-12-10
16893,367,1,145.93,2,Occasionnels en sommeil,-2.15194361190252,0.5009849012837583,Réactiver les clients,Tester une campagne de retour avec une offre ciblée,Taux de réactivation à 60 jours,2011-12-10
16895,65,1,202.27,2,Occasionnels en sommeil,-1.3244959469599533,-0.4979462620424241,Réactiver les clients,Tester une campagne de retour avec une offre ciblée,Taux de réactivation à 60 jours,2011-12-10
16897,300,2,289.78,2,Occasionnels en sommeil,-1.382781725241891,0.7744023937973328,Réactiver les clients,Tester une campagne de retour avec une offre ciblée,Taux de réactivation à 60 jours,2011-12-10
16898,27,3,501.03,0,Occasionnels récents,0.0672067600625791,-0.4601657519000415,Encourager un achat supplémentaire,Tester une relance après achat avec des produits complémentaires,Taux de nouvel achat à 60 jours,2011-12-10
16899,8,6,1271.06,3,Champions,1.4590561056194893,-0.6447595437431851,Maintenir une relation durable,Tester des avantages de fidélité et un accès anticipé,Taux de réachat à 90 jours,2011-12-10
16900,17,3,887.11,0,Occasionnels récents,0.5108569664480853,-0.5398613711669974,Encourager un achat supplémentaire,Tester une relance après achat avec des produits complémentaires,Taux de nouvel achat à 60 jours,2011-12-10
16902,117,1,1706.88,1,Acheteurs réguliers,-0.5430232836532213,0.6539816606329141,Entretenir la relation et développer les achats,Tester des recommandations adaptées à l'historique d'achat,Nombre de commandes par client sur 90 jours,2011-12-10
16903,30,1,363.2,0,Occasionnels récents,-0.751799137967085,-0.7770069009790667,Encourager un achat supplémentaire,Tester une relance après achat avec des produits complémentaires,Taux de nouvel achat à 60 jours,2011-12-10
16904,5,16,3653.75,3,Champions,2.92093061725841,-0.18358015770475422,Maintenir une relation durable,Tester des avantages de fidélité et un accès anticipé,Taux de réachat à 90 jours,2011-12-10
16905,6,7,3037.6,3,Champions,2.091204268603116,-0.4400786903741177,Maintenir une relation durable,Tester des avantages de fidélité et un accès anticipé,Taux de réachat à 90 jours,2011-12-10
16906,82,4,559.59,1,Acheteurs réguliers,-0.10456815950424272,0.37200814518046244,Entretenir la relation et développer les achats,Tester des recommandations adaptées à l'historique d'achat,Nombre de commandes par client sur 90 jours,2011-12-10
16907,30,5,928.76,1,Acheteurs réguliers,0.6862447764443741,-0.014086769336663581,Entretenir la relation et développer les achats,Tester des recommandations adaptées à l'historique d'achat,Nombre de commandes par client sur 90 jours,2011-12-10
16909,73,1,379.14,2,Occasionnels en sommeil,-1.0725210885874537,-0.19586333094312372,Réactiver les clients,Tester une campagne de retour avec une offre ciblée,Taux de réactivation à 60 jours,2011-12-10
16910,5,8,1508.96,3,Champions,1.926577626222784,-0.7494176594844176,Maintenir une relation durable,Tester des avantages de fidélité et un accès anticipé,Taux de réachat à 90 jours,2011-12-10
16912,29,11,2555.58,3,Champions,1.8056277970515604,0.5987916828361647,Maintenir une relation durable,Tester des avantages de fidélité et un accès anticipé,Taux de réachat à 90 jours,2011-12-10
16913,291,1,113.44,2,Occasionnels en sommeil,-2.179764874694189,0.2597126646067611,Réactiver les clients,Tester une campagne de retour avec une offre ciblée,Taux de réactivation à 60 jours,2011-12-10
16914,37,1,183.76,0,Occasionnels récents,-1.153379472686929,-0.8915284824644747,Encourager un achat supplémentaire,Tester une relance après achat avec des produits complémentaires,Taux de nouvel achat à 60 jours,2011-12-10
16915,10,6,621.6800000000001,1,Acheteurs réguliers,1.0416894746682248,-0.774176070987592,Entretenir la relation et développer les achats,Tester des recommandations adaptées à l'historique d'achat,Nombre de commandes par client sur 90 jours,2011-12-10
16916,24,2,562.41,0,Occasionnels récents,-0.09388110127101659,-0.6023758673318103,Encourager un achat supplémentaire,Tester une relance après achat avec des produits complémentaires,Taux de nouvel achat à 60 jours,2011-12-10
16917,277,1,391.52,2,Occasionnels en sommeil,-1.5761021515783968,0.6761222201230441,Réactiver les clients,Tester une campagne de retour avec une offre ciblée,Taux de réactivation à 60 jours,2011-12-10
16918,50,6,1068.82,1,Acheteurs réguliers,0.6970703868883067,0.41976880632426683,Entretenir la relation et développer les achats,Tester des recommandations adaptées à l'historique d'achat,Nombre de commandes par client sur 90 jours,2011-12-10
16919,157,11,2592.25,1,Acheteurs réguliers,1.1611846132606827,1.6839012494652215,Entretenir la relation et développer les achats,Tester des recommandations adaptées à l'historique d'achat,Nombre de commandes par client sur 90 jours,2011-12-10
16921,62,1,154.18,2,Occasionnels en sommeil,-1.4342580876617046,-0.6263813886175683,Réactiver les clients,Tester une campagne de retour avec une offre ciblée,Taux de réactivation à 60 jours,2011-12-10
16923,13,19,7069.08,3,Champions,3.048683809981639,0.6696246621482291,Maintenir une relation durable,Tester des avantages de fidélité et un accès anticipé,Taux de réachat à 90 jours,2011-12-10
16924,22,3,829.89,1,Acheteurs réguliers,0.3832022050499222,-0.40475442576779236,Entretenir la relation et développer les achats,Tester des recommandations adaptées à l'historique d'achat,Nombre de commandes par client sur 90 jours,2011-12-10
16926,372,1,230.25,2,Occasionnels en sommeil,-1.9421867142187277,0.67473753258523,Réactiver les clients,Tester une campagne de retour avec une offre ciblée,Taux de réactivation à 60 jours,2011-12-10
16927,116,3,543.05,2,Occasionnels en sommeil,-0.4551665586514694,0.49857154044054725,Réactiver les clients,Tester une campagne de retour avec une offre ciblée,Taux de réactivation à 60 jours,2011-12-10
16928,81,17,2814.7,3,Champions,1.82401219293517,1.4432572632074385,Maintenir une relation durable,Tester des avantages de fidélité et un accès anticipé,Taux de réachat à 90 jours,2011-12-10
16929,4,7,1295.39,3,Champions,1.8192011756766688,-0.9686446481535417,Maintenir une relation durable,Tester des avantages de fidélité et un accès anticipé,Taux de réachat à 90 jours,2011-12-10
16930,27,3,378.89,0,Occasionnels récents,-0.06497533205638799,-0.561573821433651,Encourager un achat supplémentaire,Tester une relance après achat avec des produits complémentaires,Taux de nouvel achat à 60 jours,2011-12-10
16931,6,21,4554.87,3,Champions,3.1982057366586094,0.09582490654898847,Maintenir une relation durable,Tester des avantages de fidélité et un accès anticipé,Taux de réachat à 90 jours,2011-12-10
16932,54,1,150.23000000000002,2,Occasionnels en sommeil,-1.3932551518125424,-0.7240331943813878,Réactiver les clients,Tester une campagne de retour avec une offre ciblée,Taux de réactivation à 60 jours,2011-12-10
16933,2,2,563.23,0,Occasionnels récents,0.7378597462956575,-1.9800444468370493,Encourager un achat supplémentaire,Tester une relance après achat avec des produits complémentaires,Taux de nouvel achat à 60 jours,2011-12-10
16934,55,2,931.03,1,Acheteurs réguliers,-0.171318738243971,0.10494426108209168,Entretenir la relation et développer les achats,Tester des recommandations adaptées à l'historique d'achat,Nombre de commandes par client sur 90 jours,2011-12-10
16936,26,1,261.9,0,Occasionnels récents,-0.8521889852672663,-0.9853661148566774,Encourager un achat supplémentaire,Tester une relance après achat avec des produits complémentaires,Taux de nouvel achat à 60 jours,2011-12-10
16938,9,4,2711.6800000000003,3,Champions,1.4725024610033495,-0.4300443996828313,Maintenir une relation durable,Tester des avantages de fidélité et un accès anticipé,Taux de réachat à 90 jours,2011-12-10
16940,53,3,3049.88,1,Acheteurs réguliers,0.6653897973042743,0.6231615556183862,Entretenir la relation et développer les achats,Tester des recommandations adaptées à l'historique d'achat,Nombre de commandes par client sur 90 jours,2011-12-10
16942,13,9,1904.99,3,Champions,1.800206813654495,-0.07346649640204514,Maintenir une relation durable,Tester des avantages de fidélité et un accès anticipé,Taux de réachat à 90 jours,2011-12-10
16943,212,3,816.73,2,Occasionnels en sommeil,-0.4967838374604545,1.0362343827795202,Réactiver les clients,Tester une campagne de retour avec une offre ciblée,Taux de réactivation à 60 jours,2011-12-10
16945,22,19,4345.5,3,Champions,2.6234286969424416,0.8153457100417564,Maintenir une relation durable,Tester des avantages de fidélité et un accès anticipé,Taux de réachat à 90 jours,2011-12-10
16947,236,1,406.48,2,Occasionnels en sommeil,-1.4958259752173224,0.586011781554381,Réactiver les clients,Tester une campagne de retour avec une offre ciblée,Taux de réactivation à 60 jours,2011-12-10
16948,139,3,435.02,2,Occasionnels en sommeil,-0.6304645114767095,0.5347091155262067,Réactiver les clients,Tester une campagne de retour avec une offre ciblée,Taux de réactivation à 60 jours,2011-12-10
16949,4,6,1286.27,3,Champions,1.6950787146443467,-1.0225045093394118,Maintenir une relation durable,Tester des avantages de fidélité et un accès anticipé,Taux de réachat à 90 jours,2011-12-10
16950,57,3,1178.56,1,Acheteurs réguliers,0.18680357427947478,0.3239347043718299,Entretenir la relation et développer les achats,Tester des recommandations adaptées à l'historique d'achat,Nombre de commandes par client sur 90 jours,2011-12-10
16951,135,3,1277.75,1,Acheteurs réguliers,-0.10894304238880625,0.9072534710596502,Entretenir la relation et développer les achats,Tester des recommandations adaptées à l'historique d'achat,Nombre de commandes par client sur 90 jours,2011-12-10
16952,110,2,167.61,2,Occasionnels en sommeil,-1.2501741530055714,-0.07227792793479088,Réactiver les clients,Tester une campagne de retour avec une offre ciblée,Taux de réactivation à 60 jours,2011-12-10
16953,31,1,20.8,0,Occasionnels récents,-2.0993458995751246,-1.780640086605224,Encourager un achat supplémentaire,Tester une relance après achat avec des produits complémentaires,Taux de nouvel achat à 60 jours,2011-12-10
16954,1,9,2085.08,3,Champions,2.605727638441504,-1.3054902095144503,Maintenir une relation durable,Tester des avantages de fidélité et un accès anticipé,Taux de réachat à 90 jours,2011-12-10
16955,185,4,518.67,2,Occasionnels en sommeil,-0.4567787367259586,0.8689356947389714,Réactiver les clients,Tester une campagne de retour avec une offre ciblée,Taux de réactivation à 60 jours,2011-12-10
16956,18,1,308.74,0,Occasionnels récents,-0.636715200872138,-1.1541373512838755,Encourager un achat supplémentaire,Tester une relance après achat avec des produits complémentaires,Taux de nouvel achat à 60 jours,2011-12-10
16957,240,2,416.64,2,Occasionnels en sommeil,-1.1239779236516305,0.7615959663773093,Réactiver les clients,Tester une campagne de retour avec une offre ciblée,Taux de réactivation à 60 jours,2011-12-10
16959,88,1,117.35000000000001,2,Occasionnels en sommeil,-1.6981451006524477,-0.5003576870854316,Réactiver les clients,Tester une campagne de retour avec une offre ciblée,Taux de réactivation à 60 jours,2011-12-10
16960,39,3,507.05,0,Occasionnels récents,-0.06694249560972626,-0.22398660703701942,Encourager un achat supplémentaire,Tester une relance après achat avec des produits complémentaires,Taux de nouvel achat à 60 jours,2011-12-10
16961,117,1,234.17,2,Occasionnels en sommeil,-1.4831162216949032,-0.0672431929061273,Réactiver les clients,Tester une campagne de retour avec une offre ciblée,Taux de réactivation à 60 jours,2011-12-10
16963,188,1,110.55000000000001,2,Occasionnels en sommeil,-2.0213887353750852,-0.03235128377685649,Réactiver les clients,Tester une campagne de retour avec une offre ciblée,Taux de réactivation à 60 jours,2011-12-10
16965,227,1,201.19,2,Occasionnels en sommeil,-1.8129268845708273,0.3059303513078291,Réactiver les clients,Tester une campagne de retour avec une offre ciblée,Taux de réactivation à 60 jours,2011-12-10
16966,9,7,2154.97,3,Champions,1.7886963821709474,-0.3330616994836132,Maintenir une relation durable,Tester des avantages de fidélité et un accès anticipé,Taux de réachat à 90 jours,2011-12-10
16967,190,1,319.02,2,Occasionnels en sommeil,-1.525805065494526,0.35786051482470327,Réactiver les clients,Tester une campagne de retour avec une offre ciblée,Taux de réactivation à 60 jours,2011-12-10
16968,5,2,439.43,0,Occasionnels récents,0.34872473411009114,-1.6195970900596084,Encourager un achat supplémentaire,Tester une relance après achat avec des produits complémentaires,Taux de nouvel achat à 60 jours,2011-12-10
16969,40,3,650.41,1,Acheteurs réguliers,0.04123299780994594,-0.11752038192614878,Entretenir la relation et développer les achats,Tester des recommandations adaptées à l'historique d'achat,Nombre de commandes par client sur 90 jours,2011-12-10
16971,39,1,357.21,0,Occasionnels récents,-0.8595689912707346,-0.6173562675580686,Encourager un achat supplémentaire,Tester une relance après achat avec des produits complémentaires,Taux de nouvel achat à 60 jours,2011-12-10
16976,268,1,251.51999999999998,2,Occasionnels en sommeil,-1.772348232907155,0.49427744890311337,Réactiver les clients,Tester une campagne de retour avec une offre ciblée,Taux de réactivation à 60 jours,2011-12-10
16978,78,1,344.33,2,Occasionnels en sommeil,-1.1436850484595755,-0.18829882558693725,Réactiver les clients,Tester une campagne de retour avec une offre ciblée,Taux de réactivation à 60 jours,2011-12-10
16979,4,6,1852.0,3,Champions,1.8678024070093973,-0.8899935471911323,Maintenir une relation durable,Tester des avantages de fidélité et un accès anticipé,Taux de réachat à 90 jours,2011-12-10
16980,256,2,1028.46,2,Occasionnels en sommeil,-0.7214105485652046,1.1315506539373923,Réactiver les clients,Tester une campagne de retour avec une offre ciblée,Taux de réactivation à 60 jours,2011-12-10
16982,61,1,384.06,2,Occasionnels en sommeil,-0.9970745971931378,-0.3061927061850032,Réactiver les clients,Tester une campagne de retour avec une offre ciblée,Taux de réactivation à 60 jours,2011-12-10
16983,13,7,1905.87,3,Champions,1.5985991289267283,-0.15901202514903184,Maintenir une relation durable,Tester des avantages de fidélité et un accès anticipé,Taux de réachat à 90 jours,2011-12-10
16984,89,2,4459.52,1,Acheteurs réguliers,0.385066779808019,0.9828692271211413,Entretenir la relation et développer les achats,Tester des recommandations adaptées à l'historique d'achat,Nombre de commandes par client sur 90 jours,2011-12-10
16985,18,10,5464.12,3,Champions,2.266175760439213,0.5448238585118629,Maintenir une relation durable,Tester des avantages de fidélité et un accès anticipé,Taux de réachat à 90 jours,2011-12-10
16986,30,2,1873.2,1,Acheteurs réguliers,0.39169705390129916,-0.025338050220486345,Entretenir la relation et développer les achats,Tester des recommandations adaptées à l'historique d'achat,Nombre de commandes par client sur 90 jours,2011-12-10
16987,4,7,1616.8,3,Champions,1.9242172350296216,-0.8880779414363782,Maintenir une relation durable,Tester des avantages de fidélité et un accès anticipé,Taux de réachat à 90 jours,2011-12-10
16988,6,1,126.12,0,Occasionnels récents,-0.6676122481080595,-2.1271579112996353,Encourager un achat supplémentaire,Tester une relance après achat avec des produits complémentaires,Taux de nouvel achat à 60 jours,2011-12-10
16989,8,6,1133.25,3,Champions,1.40468745643156,-0.6864703357946209,Maintenir une relation durable,Tester des avantages de fidélité et un accès anticipé,Taux de réachat à 90 jours,2011-12-10
16990,219,1,179.0,2,Occasionnels en sommeil,-1.8540471225859234,0.2404258024930509,Réactiver les clients,Tester une campagne de retour avec une offre ciblée,Taux de réactivation à 60 jours,2011-12-10
16992,11,5,1614.31,1,Acheteurs réguliers,1.320141481610802,-0.43007653878819835,Entretenir la relation et développer les achats,Tester des recommandations adaptées à l'historique d'achat,Nombre de commandes par client sur 90 jours,2011-12-10
16996,31,6,1456.96,1,Acheteurs réguliers,1.0265287853992289,0.2294055028503994,Entretenir la relation et développer les achats,Tester des recommandations adaptées à l'historique d'achat,Nombre de commandes par client sur 90 jours,2011-12-10
16997,289,3,702.0,2,Occasionnels en sommeil,-0.6894167049504383,1.1818295172627664,Réactiver les clients,Tester une campagne de retour avec une offre ciblée,Taux de réactivation à 60 jours,2011-12-10
16998,150,4,295.0,2,Occasionnels en sommeil,-0.6419356455263614,0.5286935102422259,Réactiver les clients,Tester une campagne de retour avec une offre ciblée,Taux de réactivation à 60 jours,2011-12-10
16999,24,2,484.82,0,Occasionnels récents,-0.16413533199115996,-0.6562738333852335,Encourager un achat supplémentaire,Tester une relance après achat avec des produits complémentaires,Taux de nouvel achat à 60 jours,2011-12-10
17001,1,11,3989.57,3,Champions,3.07818677570942,-0.9995058852902781,Maintenir une relation durable,Tester des avantages de fidélité et un accès anticipé,Taux de réachat à 90 jours,2011-12-10
17002,86,3,1493.73,1,Acheteurs réguliers,0.1401590391386604,0.6736316904986006,Entretenir la relation et développer les achats,Tester des recommandations adaptées à l'historique d'achat,Nombre de commandes par client sur 90 jours,2011-12-10
17004,47,2,1312.1399999999999,1,Acheteurs réguliers,0.05164501189170518,0.12944518518281586,Entretenir la relation et développer les achats,Tester des recommandations adaptées à l'historique d'achat,Nombre de commandes par client sur 90 jours,2011-12-10
17006,5,4,781.78,0,Occasionnels récents,1.083433540169559,-1.2141819263056217,Encourager un achat supplémentaire,Tester une relance après achat avec des produits complémentaires,Taux de nouvel achat à 60 jours,2011-12-10
17007,51,6,889.9300000000001,1,Acheteurs réguliers,0.6026998247770762,0.3658302363761445,Entretenir la relation et développer les achats,Tester des recommandations adaptées à l'historique d'achat,Nombre de commandes par client sur 90 jours,2011-12-10
17010,19,1,195.36,0,Occasionnels récents,-0.872928783011782,-1.2865914518633945,Encourager un achat supplémentaire,Tester une relance après achat avec des produits complémentaires,Taux de nouvel achat à 60 jours,2011-12-10
17011,31,1,270.9,0,Occasionnels récents,-0.9028219173385513,-0.8626852771135465,Encourager un achat supplémentaire,Tester une relance après achat avec des produits complémentaires,Taux de nouvel achat à 60 jours,2011-12-10
17014,9,3,583.4300000000001,0,Occasionnels récents,0.5428325256445865,-1.0741480973407342,Encourager un achat supplémentaire,Tester une relance après achat avec des produits complémentaires,Taux de nouvel achat à 60 jours,2011-12-10
17015,29,3,1838.6100000000001,1,Acheteurs réguliers,0.6559163431031011,0.05707578340634097,Entretenir la relation et développer les achats,Tester des recommandations adaptées à l'historique d'achat,Nombre de commandes par client sur 90 jours,2011-12-10
17017,3,20,8694.26,3,Champions,3.6819459101782788,-0.050681620865327,Maintenir une relation durable,Tester des avantages de fidélité et un accès anticipé,Taux de réachat à 90 jours,2011-12-10
17018,41,2,920.1,1,Acheteurs réguliers,-0.06415309126900384,-0.08634370243118529,Entretenir la relation et développer les achats,Tester des recommandations adaptées à l'historique d'achat,Nombre de commandes par client sur 90 jours,2011-12-10
17019,12,4,1258.08,1,Acheteurs réguliers,1.005732037741669,-0.5387097257573417,Entretenir la relation et développer les achats,Tester des recommandations adaptées à l'historique d'achat,Nombre de commandes par client sur 90 jours,2011-12-10
17022,32,1,71.0,0,Occasionnels récents,-1.544915841987252,-1.3260347752297754,Encourager un achat supplémentaire,Tester une relance après achat avec des produits complémentaires,Taux de nouvel achat à 60 jours,2011-12-10
17024,46,3,95.85,0,Occasionnels récents,-0.9160132798726677,-0.7220605381061536,Encourager un achat supplémentaire,Tester une relance après achat avec des produits complémentaires,Taux de nouvel achat à 60 jours,2011-12-10
17025,61,3,357.77,0,Occasionnels récents,-0.4036747040615211,-0.06566663316037508,Encourager un achat supplémentaire,Tester une relance après achat avec des produits complémentaires,Taux de nouvel achat à 60 jours,2011-12-10
17026,186,2,154.82999999999998,2,Occasionnels en sommeil,-1.491983866940151,0.2380820518677146,Réactiver les clients,Tester une campagne de retour avec une offre ciblée,Taux de réactivation à 60 jours,2011-12-10
17027,79,6,877.5600000000001,1,Acheteurs réguliers,0.42722224781511337,0.6407585249629213,Entretenir la relation et développer les achats,Tester des recommandations adaptées à l'historique d'achat,Nombre de commandes par client sur 90 jours,2011-12-10
17029,111,2,716.0,2,Occasionnels en sommeil,-0.5673662186829297,0.46008847845500495,Réactiver les clients,Tester une campagne de retour avec une offre ciblée,Taux de réactivation à 60 jours,2011-12-10
17030,64,1,146.87,2,Occasionnels en sommeil,-1.4693864224745057,-0.6236190301586171,Réactiver les clients,Tester une campagne de retour avec une offre ciblée,Taux de réactivation à 60 jours,2011-12-10
17031,12,2,380.35,0,Occasionnels récents,-0.022625535508578945,-1.1694077105377965,Encourager un achat supplémentaire,Tester une relance après achat avec des produits complémentaires,Taux de nouvel achat à 60 jours,2011-12-10
17033,87,3,1030.14,1,Acheteurs réguliers,-0.040362460178213544,0.5460038087874742,Entretenir la relation et développer les achats,Tester des recommandations adaptées à l'historique d'achat,Nombre de commandes par client sur 90 jours,2011-12-10
17034,17,3,745.52,0,Occasionnels récents,0.42851016947671183,-0.60303656819465,Encourager un achat supplémentaire,Tester une relance après achat avec des produits complémentaires,Taux de nouvel achat à 60 jours,2011-12-10
17035,246,2,433.53000000000003,2,Occasionnels en sommeil,-1.114819009067407,0.7920019726223451,Réactiver les clients,Tester une campagne de retour avec une offre ciblée,Taux de réactivation à 60 jours,2011-12-10
17037,88,1,1267.32,2,Occasionnels en sommeil,-0.5735599158104869,0.36240678269070187,Réactiver les clients,Tester une campagne de retour avec une offre ciblée,Taux de réactivation à 60 jours,2011-12-10
17038,31,1,112.4,0,Occasionnels récents,-1.3174704689268926,-1.1807972730534815,Encourager un achat supplémentaire,Tester une relance après achat avec des produits complémentaires,Taux de nouvel achat à 60 jours,2011-12-10
17040,138,1,449.73,2,Occasionnels en sommeil,-1.2388528909070367,0.2758689122291642,Réactiver les clients,Tester une campagne de retour avec une offre ciblée,Taux de réactivation à 60 jours,2011-12-10
17041,27,3,1071.49,1,Acheteurs réguliers,0.42712227101649214,-0.1840441035288717,Entretenir la relation et développer les achats,Tester des recommandations adaptées à l'historique d'achat,Nombre de commandes par client sur 90 jours,2011-12-10
17042,3,5,1036.58,3,Champions,1.540874932617797,-1.3052009416907064,Maintenir une relation durable,Tester des avantages de fidélité et un accès anticipé,Taux de réachat à 90 jours,2011-12-10
17043,33,4,1735.18,1,Acheteurs réguliers,0.78124718714475,0.20309743035881941,Entretenir la relation et développer les achats,Tester des recommandations adaptées à l'historique d'achat,Nombre de commandes par client sur 90 jours,2011-12-10
17044,26,1,948.48,0,Occasionnels récents,-0.24331625293179127,-0.5182483125281818,Encourager un achat supplémentaire,Tester une relance après achat avec des produits complémentaires,Taux de nouvel achat à 60 jours,2011-12-10
17045,114,3,339.44,2,Occasionnels en sommeil,-0.670690160520666,0.3168330931698858,Réactiver les clients,Tester une campagne de retour avec une offre ciblée,Taux de réactivation à 60 jours,2011-12-10
17046,158,1,642.02,2,Occasionnels en sommeil,-1.1230754651759813,0.49249651221063734,Réactiver les clients,Tester une campagne de retour avec une offre ciblée,Taux de réactivation à 60 jours,2011-12-10
17047,86,3,1100.9,1,Acheteurs réguliers,-0.004413243406066081,0.5627180572983241,Entretenir la relation et développer les achats,Tester des recommandations adaptées à l'historique d'achat,Nombre de commandes par client sur 90 jours,2011-12-10
17048,118,3,925.35,1,Acheteurs réguliers,-0.2094632905187862,0.7031855190159997,Entretenir la relation et développer les achats,Tester des recommandations adaptées à l'historique d'achat,Nombre de commandes par client sur 90 jours,2011-12-10
17049,3,9,5655.03,3,Champions,2.8069760713908773,-0.4921097473822257,Maintenir une relation durable,Tester des avantages de fidélité et un accès anticipé,Taux de réachat à 90 jours,2011-12-10
17050,97,6,3185.64,1,Acheteurs réguliers,0.9585885879338041,1.2413536171692894,Entretenir la relation et développer les achats,Tester des recommandations adaptées à l'historique d'achat,Nombre de commandes par client sur 90 jours,2011-12-10
17051,195,1,240.89000000000001,2,Occasionnels en sommeil,-1.6686479227423734,0.27284132875041367,Réactiver les clients,Tester une campagne de retour avec une offre ciblée,Taux de réactivation à 60 jours,2011-12-10
17052,29,1,399.09,0,Occasionnels récents,-0.6943835109448158,-0.764132306646013,Encourager un achat supplémentaire,Tester une relance après achat avec des produits complémentaires,Taux de nouvel achat à 60 jours,2011-12-10
17053,131,1,498.48,2,Occasionnels en sommeil,-1.1699051511548153,0.27963917796578963,Réactiver les clients,Tester une campagne de retour avec une offre ciblée,Taux de réactivation à 60 jours,2011-12-10
17054,29,5,1356.33,1,Acheteurs réguliers,0.8784900569080919,0.10222706288556667,Entretenir la relation et développer les achats,Tester des recommandations adaptées à l'historique d'achat,Nombre de commandes par client sur 90 jours,2011-12-10
17058,82,3,1179.89,1,Acheteurs réguliers,0.04686159377950605,0.5573075129540839,Entretenir la relation et développer les achats,Tester des recommandations adaptées à l'historique d'achat,Nombre de commandes par client sur 90 jours,2011-12-10
17059,30,5,3080.39,1,Acheteurs réguliers,1.2543734277703238,0.4217728002474277,Entretenir la relation et développer les achats,Tester des recommandations adaptées à l'historique d'achat,Nombre de commandes par client sur 90 jours,2011-12-10
17060,267,1,234.24,2,Occasionnels en sommeil,-1.8044980225918126,0.4660717804900423,Réactiver les clients,Tester une campagne de retour avec une offre ciblée,Taux de réactivation à 60 jours,2011-12-10
17061,74,11,5232.2300000000005,3,Champions,1.7861414230444366,1.4549738230419633,Maintenir une relation durable,Tester des avantages de fidélité et un accès anticipé,Taux de réachat à 90 jours,2011-12-10
17062,314,4,533.33,2,Occasionnels en sommeil,-0.6500810232499543,1.2214987539585909,Réactiver les clients,Tester une campagne de retour avec une offre ciblée,Taux de réactivation à 60 jours,2011-12-10
17063,22,7,1461.14,1,Acheteurs réguliers,1.2781017168876485,0.06707752090413846,Entretenir la relation et développer les achats,Tester des recommandations adaptées à l'historique d'achat,Nombre de commandes par client sur 90 jours,2011-12-10
17064,59,3,855.45,1,Acheteurs réguliers,0.02174047765957498,0.22953156365922955,Entretenir la relation et développer les achats,Tester des recommandations adaptées à l'historique d'achat,Nombre de commandes par client sur 90 jours,2011-12-10
17068,13,21,4552.14,3,Champions,2.926237924740533,0.5461611385992629,Maintenir une relation durable,Tester des avantages de fidélité et un accès anticipé,Taux de réachat à 90 jours,2011-12-10
17069,29,9,2709.7000000000003,3,Champions,1.66847845085371,0.5500518768598165,Maintenir une relation durable,Tester des avantages de fidélité et un accès anticipé,Taux de réachat à 90 jours,2011-12-10
17070,115,1,304.24,2,Occasionnels en sommeil,-1.3527630391637888,0.01650982281175966,Réactiver les clients,Tester une campagne de retour avec une offre ciblée,Taux de réactivation à 60 jours,2011-12-10
17071,29,9,2429.03,3,Champions,1.616652511654335,0.5102918128320457,Maintenir une relation durable,Tester des avantages de fidélité et un accès anticipé,Taux de réachat à 90 jours,2011-12-10
17073,18,4,1446.09,1,Acheteurs réguliers,0.9229773415007809,-0.24141119737442843,Entretenir la relation et développer les achats,Tester des recommandations adaptées à l'historique d'achat,Nombre de commandes par client sur 90 jours,2011-12-10
17075,18,4,834.12,1,Acheteurs réguliers,0.6623218423270687,-0.4413820902600967,Entretenir la relation et développer les achats,Tester des recommandations adaptées à l'historique d'achat,Nombre de commandes par client sur 90 jours,2011-12-10
17076,37,3,841.0799999999999,1,Acheteurs réguliers,0.1927469243311538,-0.07352220450249096,Entretenir la relation et développer les achats,Tester des recommandations adaptées à l'historique d'achat,Nombre de commandes par client sur 90 jours,2011-12-10
17078,37,2,378.2,0,Occasionnels récents,-0.4457333441658595,-0.47423710161590815,Encourager un achat supplémentaire,Tester une relance après achat avec des produits complémentaires,Taux de nouvel achat à 60 jours,2011-12-10
17079,79,1,118.80000000000001,2,Occasionnels en sommeil,-1.6505848468084734,-0.5652257171919168,Réactiver les clients,Tester une campagne de retour avec une offre ciblée,Taux de réactivation à 60 jours,2011-12-10
17080,23,2,287.62,0,Occasionnels récents,-0.39503665046147496,-0.8722278784225268,Encourager un achat supplémentaire,Tester une relance après achat avec des produits complémentaires,Taux de nouvel achat à 60 jours,2011-12-10
17081,26,2,288.91,0,Occasionnels récents,-0.4390879836785814,-0.7940452284519576,Encourager un achat supplémentaire,Tester une relance après achat avec des produits complémentaires,Taux de nouvel achat à 60 jours,2011-12-10
17082,34,2,2003.85,1,Acheteurs réguliers,0.3760804388987466,0.07806076869915696,Entretenir la relation et développer les achats,Tester des recommandations adaptées à l'historique d'achat,Nombre de commandes par client sur 90 jours,2011-12-10
17083,110,3,1405.78,1,Acheteurs réguliers,0.015916389883219296,0.809929925790686,Entretenir la relation et développer les achats,Tester des recommandations adaptées à l'historique d'achat,Nombre de commandes par client sur 90 jours,2011-12-10
17084,36,2,2747.9900000000002,1,Acheteurs réguliers,0.5039710716222345,0.2290076144905499,Entretenir la relation et développer les achats,Tester des recommandations adaptées à l'historique d'achat,Nombre de commandes par client sur 90 jours,2011-12-10
17085,124,5,1562.4,1,Acheteurs réguliers,0.3861400863687214,1.0812853496501615,Entretenir la relation et développer les achats,Tester des recommandations adaptées à l'historique d'achat,Nombre de commandes par client sur 90 jours,2011-12-10
17086,8,6,2050.08,3,Champions,1.685570273754724,-0.47098135530347035,Maintenir une relation durable,Tester des avantages de fidélité et un accès anticipé,Taux de réachat à 90 jours,2011-12-10
17088,29,4,1991.01,1,Acheteurs réguliers,0.8954806082056953,0.17174101725259522,Entretenir la relation et développer les achats,Tester des recommandations adaptées à l'historique d'achat,Nombre de commandes par client sur 90 jours,2011-12-10
17090,5,7,1974.65,3,Champions,1.9475042115494787,-0.6968766038000882,Maintenir une relation durable,Tester des avantages de fidélité et un accès anticipé,Taux de réachat à 90 jours,2011-12-10
17091,3,9,3827.76,3,Champions,2.6219724247154255,-0.6340417017437157,Maintenir une relation durable,Tester des avantages de fidélité et un accès anticipé,Taux de réachat à 90 jours,2011-12-10
17092,51,4,1774.03,1,Acheteurs réguliers,0.6252043271465568,0.4873267779241151,Entretenir la relation et développer les achats,Tester des recommandations adaptées à l'historique d'achat,Nombre de commandes par client sur 90 jours,2011-12-10
17094,323,1,302.0,2,Occasionnels en sommeil,-1.7588549117897265,0.6814929499235978,Réactiver les clients,Tester une campagne de retour avec une offre ciblée,Taux de réactivation à 60 jours,2011-12-10
17095,23,3,1324.16,1,Acheteurs réguliers,0.5878487257736322,-0.2072906759017996,Entretenir la relation et développer les achats,Tester des recommandations adaptées à l'historique d'achat,Nombre de commandes par client sur 90 jours,2011-12-10
17096,16,4,1022.13,1,Acheteurs réguliers,0.8021915065925476,-0.439820167071,Entretenir la relation et développer les achats,Tester des recommandations adaptées à l'historique d'achat,Nombre de commandes par client sur 90 jours,2011-12-10
17097,3,8,954.42,3,Champions,1.8684907894374723,-1.1794629445099232,Maintenir une relation durable,Tester des avantages de fidélité et un accès anticipé,Taux de réachat à 90 jours,2011-12-10
17100,19,2,971.74,0,Occasionnels récents,0.25251806951667544,-0.5487697768415366,Encourager un achat supplémentaire,Tester une relance après achat avec des produits complémentaires,Taux de nouvel achat à 60 jours,2011-12-10
17101,11,4,1621.73,1,Acheteurs réguliers,1.1574102167244686,-0.4984423996073605,Entretenir la relation et développer les achats,Tester des recommandations adaptées à l'historique d'achat,Nombre de commandes par client sur 90 jours,2011-12-10
17102,262,1,25.5,2,Occasionnels en sommeil,-2.8324001962892513,-0.3404237446757597,Réactiver les clients,Tester une campagne de retour avec une offre ciblée,Taux de réactivation à 60 jours,2011-12-10
17105,160,2,665.78,2,Occasionnels en sommeil,-0.7440399978915744,0.6695669425543451,Réactiver les clients,Tester une campagne de retour avec une offre ciblée,Taux de réactivation à 60 jours,2011-12-10
17107,34,6,10797.48,3,Champions,1.9408230607160721,1.0160336856950658,Maintenir une relation durable,Tester des avantages de fidélité et un accès anticipé,Taux de réachat à 90 jours,2011-12-10
17109,30,6,881.29,1,Acheteurs réguliers,0.8008213227636145,0.02606222737958056,Entretenir la relation et développer les achats,Tester des recommandations adaptées à l'historique d'achat,Nombre de commandes par client sur 90 jours,2011-12-10
17110,166,1,163.29999999999998,2,Occasionnels en sommeil,-1.7892827487494105,0.028062775890483418,Réactiver les clients,Tester une campagne de retour avec une offre ciblée,Taux de réactivation à 60 jours,2011-12-10
17111,48,1,231.61,2,Occasionnels en sommeil,-1.1438293095438448,-0.6424974120971396,Réactiver les clients,Tester une campagne de retour avec une offre ciblée,Taux de réactivation à 60 jours,2011-12-10
17114,6,8,801.12,3,Champions,1.5662206210784053,-0.8793245771960734,Maintenir une relation durable,Tester des avantages de fidélité et un accès anticipé,Taux de réachat à 90 jours,2011-12-10
17115,9,3,837.5,0,Occasionnels récents,0.7139893094947859,-0.9428392433228346,Encourager un achat supplémentaire,Tester une relance après achat avec des produits complémentaires,Taux de nouvel achat à 60 jours,2011-12-10
17117,289,1,116.19999999999999,2,Occasionnels en sommeil,-2.165771484838277,0.2639140254761151,Réactiver les clients,Tester une campagne de retour avec une offre ciblée,Taux de réactivation à 60 jours,2011-12-10
17118,318,1,157.02,2,Occasionnels en sommeil,-2.0614346841077538,0.4345724791629658,Réactiver les clients,Tester une campagne de retour avec une offre ciblée,Taux de réactivation à 60 jours,2011-12-10
17119,4,2,606.91,0,Occasionnels récents,0.5729930619068259,-1.620877802964399,Encourager un achat supplémentaire,Tester une relance après achat avec des produits complémentaires,Taux de nouvel achat à 60 jours,2011-12-10
17120,234,1,307.46,2,Occasionnels en sommeil,-1.624506932889337,0.4792327694552244,Réactiver les clients,Tester une campagne de retour avec une offre ciblée,Taux de réactivation à 60 jours,2011-12-10
17122,120,1,138.32,2,Occasionnels en sommeil,-1.741189814610786,-0.2413646990274835,Réactiver les clients,Tester une campagne de retour avec une offre ciblée,Taux de réactivation à 60 jours,2011-12-10
17123,162,1,345.29999999999995,2,Occasionnels en sommeil,-1.426250155505255,0.2835270249361193,Réactiver les clients,Tester une campagne de retour avec une offre ciblée,Taux de réactivation à 60 jours,2011-12-10
17124,186,1,294.24,2,Occasionnels en sommeil,-1.555723291377695,0.3147859980267602,Réactiver les clients,Tester une campagne de retour avec une offre ciblée,Taux de réactivation à 60 jours,2011-12-10
17125,51,1,230.5,2,Occasionnels en sommeil,-1.1693887302068078,-0.6056114408328033,Réactiver les clients,Tester une campagne de retour avec une offre ciblée,Taux de réactivation à 60 jours,2011-12-10
17126,153,5,989.45,1,Acheteurs réguliers,0.08793367712346753,1.050862175361447,Entretenir la relation et développer les achats,Tester des recommandations adaptées à l'historique d'achat,Nombre de commandes par client sur 90 jours,2011-12-10
17128,335,1,157.09,2,Occasionnels en sommeil,-2.0815751001519778,0.46848226381878527,Réactiver les clients,Tester une campagne de retour avec une offre ciblée,Taux de réactivation à 60 jours,2011-12-10
17131,6,5,2463.17,3,Champions,1.7316507488059771,-0.6268052727808581,Maintenir une relation durable,Tester des avantages de fidélité et un accès anticipé,Taux de réachat à 90 jours,2011-12-10
17133,16,7,4892.240000000001,3,Champions,1.9693314267002013,0.3099952251103847,Maintenir une relation durable,Tester des avantages de fidélité et un accès anticipé,Taux de réachat à 90 jours,2011-12-10
17134,107,2,413.2,2,Occasionnels en sommeil,-0.8132894268862705,0.2368446903391237,Réactiver les clients,Tester une campagne de retour avec une offre ciblée,Taux de réactivation à 60 jours,2011-12-10
17135,17,7,1139.73,1,Acheteurs réguliers,1.2564800430956717,-0.18255201130559034,Entretenir la relation et développer les achats,Tester des recommandations adaptées à l'historique d'achat,Nombre de commandes par client sur 90 jours,2011-12-10
17138,276,1,380.5,2,Occasionnels en sommeil,-1.5881918354312434,0.663421195028066,Réactiver les clients,Tester une campagne de retour avec une offre ciblée,Taux de réactivation à 60 jours,2011-12-10
17139,16,12,10650.77,3,Champions,2.7772846248706644,0.7794452408894498,Maintenir une relation durable,Tester des avantages de fidélité et un accès anticipé,Taux de réachat à 90 jours,2011-12-10
17140,248,1,454.12,2,Occasionnels en sommeil,-1.4627595959586002,0.6583382568169313,Réactiver les clients,Tester une campagne de retour avec une offre ciblée,Taux de réactivation à 60 jours,2011-12-10
17142,240,1,579.0,2,Occasionnels en sommeil,-1.3349946464168112,0.7253110328015028,Réactiver les clients,Tester une campagne de retour avec une offre ciblée,Taux de réactivation à 60 jours,2011-12-10
17144,2,2,984.57,0,Occasionnels récents,1.0023196613672618,-1.7771548645455502,Encourager un achat supplémentaire,Tester une relance après achat avec des produits complémentaires,Taux de nouvel achat à 60 jours,2011-12-10
17146,106,3,749.78,1,Acheteurs réguliers,-0.2674376019466179,0.5576525404408615,Entretenir la relation et développer les achats,Tester des recommandations adaptées à l'historique d'achat,Nombre de commandes par client sur 90 jours,2011-12-10
17147,23,4,1714.59,1,Acheteurs réguliers,0.9121115857318184,-0.027645981836497985,Entretenir la relation et développer les achats,Tester des recommandations adaptées à l'historique d'achat,Nombre de commandes par client sur 90 jours,2011-12-10
17148,52,1,124.88,2,Occasionnels en sommeil,-1.4657298310735838,-0.8148503649709855,Réactiver les clients,Tester une campagne de retour avec une offre ciblée,Taux de réactivation à 60 jours,2011-12-10
17152,195,3,1689.5,1,Acheteurs réguliers,-0.11983312340693464,1.2463470338008669,Entretenir la relation et développer les achats,Tester des recommandations adaptées à l'historique d'achat,Nombre de commandes par client sur 90 jours,2011-12-10
17153,25,1,213.78,0,Occasionnels récents,-0.9332499252209737,-1.0834351363364088,Encourager un achat supplémentaire,Tester une relance après achat avec des produits complémentaires,Taux de nouvel achat à 60 jours,2011-12-10
17154,76,1,329.34,2,Occasionnels en sommeil,-1.1546760936193143,-0.2211096423468321,Réactiver les clients,Tester une campagne de retour avec une offre ciblée,Taux de réactivation à 60 jours,2011-12-10
17155,18,2,251.70000000000002,0,Occasionnels récents,-0.3664877963105856,-1.0724268926578622,Encourager un achat supplémentaire,Tester une relance après achat avec des produits complémentaires,Taux de nouvel achat à 60 jours,2011-12-10
17157,8,2,319.0,0,Occasionnels récents,0.038342675201725,-1.4722354787184826,Encourager un achat supplémentaire,Tester une relance après achat avec des produits complémentaires,Taux de nouvel achat à 60 jours,2011-12-10
17158,33,3,1266.97,1,Acheteurs réguliers,0.43041010485567066,0.003065401347212105,Entretenir la relation et développer les achats,Tester des recommandations adaptées à l'historique d'achat,Nombre de commandes par client sur 90 jours,2011-12-10
17159,22,3,1538.88,1,Acheteurs réguliers,0.6757336578910081,-0.1803287911381226,Entretenir la relation et développer les achats,Tester des recommandations adaptées à l'historique d'achat,Nombre de commandes par client sur 90 jours,2011-12-10
17160,32,6,3518.03,1,Acheteurs réguliers,1.4322617868644703,0.569932718131293,Entretenir la relation et développer les achats,Tester des recommandations adaptées à l'historique d'achat,Nombre de commandes par client sur 90 jours,2011-12-10
17162,29,10,1715.46,3,Champions,1.538025067661876,0.4204451239523168,Maintenir une relation durable,Tester des avantages de fidélité et un accès anticipé,Taux de réachat à 90 jours,2011-12-10
17163,22,2,293.1,0,Occasionnels récents,-0.3694369265346903,-0.8930502481055268,Encourager un achat supplémentaire,Tester une relance après achat avec des produits complémentaires,Taux de nouvel achat à 60 jours,2011-12-10
17164,33,7,2467.35,1,Acheteurs réguliers,1.3731861090788102,0.5116274571512908,Entretenir la relation et développer les achats,Tester des recommandations adaptées à l'historique d'achat,Nombre de commandes par client sur 90 jours,2011-12-10
17165,285,1,158.68,2,Occasionnels en sommeil,-2.0136783584211955,0.3673929405120957,Réactiver les clients,Tester une campagne de retour avec une offre ciblée,Taux de réactivation à 60 jours,2011-12-10
17166,39,2,206.34,0,Occasionnels récents,-0.7520830306672183,-0.6604985435221779,Encourager un achat supplémentaire,Tester une relance après achat avec des produits complémentaires,Taux de nouvel achat à 60 jours,2011-12-10
17169,58,2,835.78,1,Acheteurs réguliers,-0.24288824680772647,0.0996510376775726,Entretenir la relation et développer les achats,Tester des recommandations adaptées à l'historique d'achat,Nombre de commandes par client sur 90 jours,2011-12-10
17171,290,1,224.91,2,Occasionnels en sommeil,-1.8559588420389628,0.5048702133671731,Réactiver les clients,Tester une campagne de retour avec une offre ciblée,Taux de réactivation à 60 jours,2011-12-10
17172,79,1,317.76,2,Occasionnels en sommeil,-1.1865766266090065,-0.20924574211477856,Réactiver les clients,Tester une campagne de retour avec une offre ciblée,Taux de réactivation à 60 jours,2011-12-10
17173,6,8,3766.6,3,Champions,2.299696841604029,-0.316612893790674,Maintenir une relation durable,Tester des avantages de fidélité et un accès anticipé,Taux de réachat à 90 jours,2011-12-10
17174,218,1,59.9,2,Occasionnels en sommeil,-2.366106829681287,-0.1567498201391171,Réactiver les clients,Tester une campagne de retour avec une offre ciblée,Taux de réactivation à 60 jours,2011-12-10
17175,45,4,1443.69,1,Acheteurs réguliers,0.5756213504331456,0.3327275542266678,Entretenir la relation et développer les achats,Tester des recommandations adaptées à l'historique d'achat,Nombre de commandes par client sur 90 jours,2011-12-10
17176,202,1,306.13,2,Occasionnels en sommeil,-1.5691813336486768,0.382512428282679,Réactiver les clients,Tester une campagne de retour avec une offre ciblée,Taux de réactivation à 60 jours,2011-12-10
17179,179,3,711.79,2,Occasionnels en sommeil,-0.49592572724865003,0.8768537214034365,Réactiver les clients,Tester une campagne de retour avec une offre ciblée,Taux de réactivation à 60 jours,2011-12-10
17180,57,4,783.97,1,Acheteurs réguliers,0.19553275949571286,0.26150681269209647,Entretenir la relation et développer les achats,Tester des recommandations adaptées à l'historique d'achat,Nombre de commandes par client sur 90 jours,2011-12-10
17181,58,2,239.92000000000002,2,Occasionnels en sommeil,-0.8332481225110173,-0.3532639855714951,Réactiver les clients,Tester une campagne de retour avec une offre ciblée,Taux de réactivation à 60 jours,2011-12-10
17183,8,6,3347.31,3,Champions,1.9179451039501556,-0.2927069570051725,Maintenir une relation durable,Tester des avantages de fidélité et un accès anticipé,Taux de réachat à 90 jours,2011-12-10
17186,47,2,144.0,0,Occasionnels récents,-0.9931129129835686,-0.6720770376322579,Encourager un achat supplémentaire,Tester une relance après achat avec des produits complémentaires,Taux de nouvel achat à 60 jours,2011-12-10
17187,227,1,203.95,2,Occasionnels en sommeil,-1.806498292611705,0.3108622682562092,Réactiver les clients,Tester une campagne de retour avec une offre ciblée,Taux de réactivation à 60 jours,2011-12-10
17188,12,7,2474.23,3,Champions,1.7513372988317368,-0.11228924530127894,Maintenir une relation durable,Tester des avantages de fidélité et un accès anticipé,Taux de réachat à 90 jours,2011-12-10
17189,107,2,383.75,2,Occasionnels en sommeil,-0.848260294543894,0.21001557814831978,Réactiver les clients,Tester une campagne de retour avec une offre ciblée,Taux de réactivation à 60 jours,2011-12-10
17190,59,2,444.74,0,Occasionnels récents,-0.5481063330679762,-0.11852879949845707,Encourager un achat supplémentaire,Tester une relance après achat avec des produits complémentaires,Taux de nouvel achat à 60 jours,2011-12-10
17191,29,7,2093.68,1,Acheteurs réguliers,1.3444136571433463,0.37055913617571407,Entretenir la relation et développer les achats,Tester des recommandations adaptées à l'historique d'achat,Nombre de commandes par client sur 90 jours,2011-12-10
17193,36,7,1699.3000000000002,1,Acheteurs réguliers,1.163306898496402,0.43100137058390636,Entretenir la relation et développer les achats,Tester des recommandations adaptées à l'historique d'achat,Nombre de commandes par client sur 90 jours,2011-12-10
17194,274,2,262.62,2,Occasionnels en sommeil,-1.3938668358366697,0.6800112223409253,Réactiver les clients,Tester une campagne de retour avec une offre ciblée,Taux de réactivation à 60 jours,2011-12-10
17197,30,1,1013.01,0,Occasionnels récents,-0.2662882615127413,-0.4045304185029585,Encourager un achat supplémentaire,Tester une relance après achat avec des produits complémentaires,Taux de nouvel achat à 60 jours,2011-12-10
17198,24,3,692.22,0,Occasionnels récents,0.2646283248761697,-0.4164502975263738,Encourager un achat supplémentaire,Tester une relance après achat avec des produits complémentaires,Taux de nouvel achat à 60 jours,2011-12-10
17201,54,1,289.78,2,Occasionnels en sommeil,-1.0832737466876594,-0.4862202245523266,Réactiver les clients,Tester une campagne de retour avec une offre ciblée,Taux de réactivation à 60 jours,2011-12-10
17203,36,6,3560.08,1,Acheteurs réguliers,1.3930500560833818,0.6486217733524203,Entretenir la relation et développer les achats,Tester des recommandations adaptées à l'historique d'achat,Nombre de commandes par client sur 90 jours,2011-12-10
17204,176,4,1564.56,1,Acheteurs réguliers,0.08555381082270339,1.2378523100601284,Entretenir la relation et développer les achats,Tester des recommandations adaptées à l'historique d'achat,Nombre de commandes par client sur 90 jours,2011-12-10
17205,54,1,384.08,2,Occasionnels en sommeil,-0.9500931009785057,-0.3840460800513491,Réactiver les clients,Tester une campagne de retour avec une offre ciblée,Taux de réactivation à 60 jours,2011-12-10
17206,54,1,204.24,2,Occasionnels en sommeil,-1.2484607104109744,-0.6129491243205585,Réactiver les clients,Tester une campagne de retour avec une offre ciblée,Taux de réactivation à 60 jours,2011-12-10
17211,27,8,2317.2200000000003,3,Champions,1.5260650989816227,0.40784023823490295,Maintenir une relation durable,Tester des avantages de fidélité et un accès anticipé,Taux de réachat à 90 jours,2011-12-10
17212,254,1,226.85,2,Occasionnels en sommeil,-1.8001428061354765,0.4221401957000437,Réactiver les clients,Tester une campagne de retour avec une offre ciblée,Taux de réactivation à 60 jours,2011-12-10
17213,41,7,2781.23,1,Acheteurs réguliers,1.3471189832781758,0.6925239861782129,Entretenir la relation et développer les achats,Tester des recommandations adaptées à l'historique d'achat,Nombre de commandes par client sur 90 jours,2011-12-10
17214,61,6,1059.1200000000001,1,Acheteurs réguliers,0.6161991521550478,0.5434086930052201,Entretenir la relation et développer les achats,Tester des recommandations adaptées à l'historique d'achat,Nombre de commandes par client sur 90 jours,2011-12-10
17217,235,1,113.5,2,Occasionnels en sommeil,-2.0960601680022704,0.12150138938927871,Réactiver les clients,Tester une campagne de retour avec une offre ciblée,Taux de réactivation à 60 jours,2011-12-10
17218,5,10,1951.97,3,Champions,2.2300613253686357,-0.5787528394802928,Maintenir une relation durable,Tester des avantages de fidélité et un accès anticipé,Taux de réachat à 90 jours,2011-12-10
17219,32,1,114.23,0,Occasionnels récents,-1.3219411117246627,-1.1549719891274368,Encourager un achat supplémentaire,Tester une relance après achat avec des produits complémentaires,Taux de nouvel achat à 60 jours,2011-12-10
17220,25,14,3187.55,3,Champions,2.1682809809174306,0.6718406555166619,Maintenir une relation durable,Tester des avantages de fidélité et un accès anticipé,Taux de réachat à 90 jours,2011-12-10
17221,8,2,334.48,0,Occasionnels récents,0.06074206402262917,-1.4550510118769668,Encourager un achat supplémentaire,Tester une relance après achat avec des produits complémentaires,Taux de nouvel achat à 60 jours,2011-12-10
17222,66,1,328.65,2,Occasionnels en sommeil,-1.1011413297889618,-0.31229528968205383,Réactiver les clients,Tester une campagne de retour avec une offre ciblée,Taux de réactivation à 60 jours,2011-12-10
17223,311,2,416.89,2,Occasionnels en sommeil,-1.2248998254809293,0.929650918495172,Réactiver les clients,Tester une campagne de retour avec une offre ciblée,Taux de réactivation à 60 jours,2011-12-10
17226,309,1,393.49,2,Occasionnels en sommeil,-1.6164325588758106,0.7487629289461415,Réactiver les clients,Tester une campagne de retour avec une offre ciblée,Taux de réactivation à 60 jours,2011-12-10
17227,19,6,939.32,1,Acheteurs réguliers,1.0028011925147506,-0.23563766970537653,Entretenir la relation et développer les achats,Tester des recommandations adaptées à l'historique d'achat,Nombre de commandes par client sur 90 jours,2011-12-10
17228,16,8,1906.09,3,Champions,1.6290842704838524,0.012476335158266438,Maintenir une relation durable,Tester des avantages de fidélité et un accès anticipé,Taux de réachat à 90 jours,2011-12-10
17229,97,2,318.76,2,Occasionnels en sommeil,-0.8979046320539213,0.0795541252459079,Réactiver les clients,Tester une campagne de retour avec une offre ciblée,Taux de réactivation à 60 jours,2011-12-10
17230,265,8,3638.41,1,Acheteurs réguliers,0.857507581272701,2.035271158343141,Entretenir la relation et développer les achats,Tester des recommandations adaptées à l'historique d'achat,Nombre de commandes par client sur 90 jours,2011-12-10
17231,13,10,3124.72,3,Champions,2.1209554774919614,0.14308202653276134,Maintenir une relation durable,Tester des avantages de fidélité et un accès anticipé,Taux de réachat à 90 jours,2011-12-10
17232,3,2,417.77,0,Occasionnels récents,0.4837383243951851,-1.9014986952460842,Encourager un achat supplémentaire,Tester une relance après achat avec des produits complémentaires,Taux de nouvel achat à 60 jours,2011-12-10
17233,36,1,190.88,0,Occasionnels récents,-1.1249979613558658,-0.8951085386123155,Encourager un achat supplémentaire,Tester une relance après achat avec des produits complémentaires,Taux de nouvel achat à 60 jours,2011-12-10
17234,183,1,149.89000000000001,2,Occasionnels en sommeil,-1.8676501312286338,0.06010473286661556,Réactiver les clients,Tester une campagne de retour avec une offre ciblée,Taux de réactivation à 60 jours,2011-12-10
17235,26,2,550.06,0,Occasionnels récents,-0.13455546083581196,-0.5604125573644816,Encourager un achat supplémentaire,Tester une relance après achat avec des produits complémentaires,Taux de nouvel achat à 60 jours,2011-12-10
17236,13,6,916.13,1,Acheteurs réguliers,1.1307623310977764,-0.4765642428925544,Entretenir la relation et développer les achats,Tester des recommandations adaptées à l'historique d'achat,Nombre de commandes par client sur 90 jours,2011-12-10
17237,12,2,314.69,0,Occasionnels récents,-0.11221905290044264,-1.2381424800953669,Encourager un achat supplémentaire,Tester une relance après achat avec des produits complémentaires,Taux de nouvel achat à 60 jours,2011-12-10
17238,3,17,3719.1,3,Champions,3.1399566407061767,-0.41873508977001955,Maintenir une relation durable,Tester des avantages de fidélité et un accès anticipé,Taux de réachat à 90 jours,2011-12-10
17239,313,1,382.5,2,Occasionnels en sommeil,-1.63485437003783,0.7468188255601732,Réactiver les clients,Tester une campagne de retour avec une offre ciblée,Taux de réactivation à 60 jours,2011-12-10
17242,109,2,1135.04,1,Acheteurs réguliers,-0.3420875858066706,0.6157883110491335,Entretenir la relation et développer les achats,Tester des recommandations adaptées à l'historique d'achat,Nombre de commandes par client sur 90 jours,2011-12-10
17243,2,26,8540.05,3,Champions,4.013526593448706,-0.14765330192053308,Maintenir une relation durable,Tester des avantages de fidélité et un accès anticipé,Taux de réachat à 90 jours,2011-12-10
17244,54,1,954.9,0,Occasionnels récents,-0.5189967164850996,-0.05331555949755921,Encourager un achat supplémentaire,Tester une relance après achat avec des produits complémentaires,Taux de nouvel achat à 60 jours,2011-12-10
17245,205,1,171.45,2,Occasionnels en sommeil,-1.8485924461439924,0.18209969366633114,Réactiver les clients,Tester une campagne de retour avec une offre ciblée,Taux de réactivation à 60 jours,2011-12-10
17247,16,1,280.09000000000003,0,Occasionnels récents,-0.6391395927049565,-1.2617412409799942,Encourager un achat supplémentaire,Tester une relance après achat avec des produits complémentaires,Taux de nouvel achat à 60 jours,2011-12-10
17248,121,1,318.65,2,Occasionnels en sommeil,-1.3506581068398908,0.06607008796565098,Réactiver les clients,Tester une campagne de retour avec une offre ciblée,Taux de réactivation à 60 jours,2011-12-10
17250,4,2,381.97,0,Occasionnels récents,0.353903416935359,-1.7889600113422486,Encourager un achat supplémentaire,Tester une relance après achat avec des produits complémentaires,Taux de nouvel achat à 60 jours,2011-12-10
17251,363,1,269.83,2,Occasionnels en sommeil,-1.8577017906376192,0.7163322676978515,Réactiver les clients,Tester une campagne de retour avec une offre ciblée,Taux de réactivation à 60 jours,2011-12-10
17252,117,2,348.91,2,Occasionnels en sommeil,-0.927974462249187,0.23304917986611348,Réactiver les clients,Tester une campagne de retour avec une offre ciblée,Taux de réactivation à 60 jours,2011-12-10
17253,19,1,178.26,0,Occasionnels récents,-0.9161295637238291,-1.3197344268619333,Encourager un achat supplémentaire,Tester une relance après achat avec des produits complémentaires,Taux de nouvel achat à 60 jours,2011-12-10
17254,5,2,271.19,0,Occasionnels récents,0.12054046483602258,-1.794656554424829,Encourager un achat supplémentaire,Tester une relance après achat avec des produits complémentaires,Taux de nouvel achat à 60 jours,2011-12-10
17255,41,2,291.48,0,Occasionnels récents,-0.6080825267002274,-0.5036380055047226,Encourager un achat supplémentaire,Tester une relance après achat avec des produits complémentaires,Taux de nouvel achat à 60 jours,2011-12-10
17256,108,2,240.0,2,Occasionnels en sommeil,-1.073677748517852,0.045841188678555675,Réactiver les clients,Tester une campagne de retour avec une offre ciblée,Taux de réactivation à 60 jours,2011-12-10
17259,149,2,581.23,2,Occasionnels en sommeil,-0.7805934985732003,0.574242407133128,Réactiver les clients,Tester une campagne de retour avec une offre ciblée,Taux de réactivation à 60 jours,2011-12-10
17262,53,5,1253.3600000000001,1,Acheteurs réguliers,0.6106957453040046,0.45559726657035426,Entretenir la relation et développer les achats,Tester des recommandations adaptées à l'historique d'achat,Nombre de commandes par client sur 90 jours,2011-12-10
17263,209,1,63.440000000000005,2,Occasionnels en sommeil,-2.3228686685794067,-0.16347418134694375,Réactiver les clients,Tester une campagne de retour avec une offre ciblée,Taux de réactivation à 60 jours,2011-12-10
17265,139,2,550.01,2,Occasionnels en sommeil,-0.7796828162460405,0.5093484773935925,Réactiver les clients,Tester une campagne de retour avec une offre ciblée,Taux de réactivation à 60 jours,2011-12-10
17266,3,3,296.58,0,Occasionnels récents,0.5819506806829147,-1.9152690368652103,Encourager un achat supplémentaire,Tester une relance après achat avec des produits complémentaires,Taux de nouvel achat à 60 jours,2011-12-10
17267,128,2,317.2,2,Occasionnels en sommeil,-1.0079507790008866,0.2564277392530349,Réactiver les clients,Tester une campagne de retour avec une offre ciblée,Taux de réactivation à 60 jours,2011-12-10
17268,108,4,763.64,1,Acheteurs réguliers,-0.0641963782607827,0.6620576406357896,Entretenir la relation et développer les achats,Tester des recommandations adaptées à l'historique d'achat,Nombre de commandes par client sur 90 jours,2011-12-10
17272,43,4,2148.63,1,Acheteurs réguliers,0.781471377259812,0.4483915520692779,Entretenir la relation et développer les achats,Tester des recommandations adaptées à l'historique d'achat,Nombre de commandes par client sur 90 jours,2011-12-10
17274,36,1,107.82,0,Occasionnels récents,-1.3939228574557148,-1.1014235857252594,Encourager un achat supplémentaire,Tester une relance après achat avec des produits complémentaires,Taux de nouvel achat à 60 jours,2011-12-10
17277,228,2,1065.3500000000001,2,Occasionnels en sommeil,-0.6595033293091094,1.0693760097824505,Réactiver les clients,Tester une campagne de retour avec une offre ciblée,Taux de réactivation à 60 jours,2011-12-10
17278,242,1,246.04,2,Occasionnels en sommeil,-1.7429087657609474,0.4202227872600261,Réactiver les clients,Tester une campagne de retour avec une offre ciblée,Taux de réactivation à 60 jours,2011-12-10
17279,58,1,187.82999999999998,2,Occasionnels en sommeil,-1.3154898518613285,-0.597628575673573,Réactiver les clients,Tester une campagne de retour avec une offre ciblée,Taux de réactivation à 60 jours,2011-12-10
17282,131,3,1685.46,1,Acheteurs réguliers,0.03397782132985398,0.9885184868009678,Entretenir la relation et développer les achats,Tester des recommandations adaptées à l'historique d'achat,Nombre de commandes par client sur 90 jours,2011-12-10
17284,61,6,1647.48,1,Acheteurs réguliers,0.8255219909672602,0.703997957806208,Entretenir la relation et développer les achats,Tester des recommandations adaptées à l'historique d'achat,Nombre de commandes par client sur 90 jours,2011-12-10
17286,22,1,151.37,0,Occasionnels récents,-1.0479713114826126,-1.2880075467105374,Encourager un achat supplémentaire,Tester une relance après achat avec des produits complémentaires,Taux de nouvel achat à 60 jours,2011-12-10
17287,27,7,1049.06,1,Acheteurs réguliers,1.0440313261615117,0.07451783727417216,Entretenir la relation et développer les achats,Tester des recommandations adaptées à l'historique d'achat,Nombre de commandes par client sur 90 jours,2011-12-10
17288,10,7,1417.63,3,Champions,1.552884709872093,-0.42335992647684256,Maintenir une relation durable,Tester des avantages de fidélité et un accès anticipé,Taux de réachat à 90 jours,2011-12-10
17289,32,3,931.02,1,Acheteurs réguliers,0.2961597926236111,-0.1283110491868381,Entretenir la relation et développer les achats,Tester des recommandations adaptées à l'historique d'achat,Nombre de commandes par client sur 90 jours,2011-12-10
17290,4,2,513.01,0,Occasionnels récents,0.49343855874534626,-1.681910795096572,Encourager un achat supplémentaire,Tester une relance après achat avec des produits complémentaires,Taux de nouvel achat à 60 jours,2011-12-10
17291,309,1,550.8000000000001,2,Occasionnels en sommeil,-1.4573123522237001,0.8708375059308714,Réactiver les clients,Tester une campagne de retour avec une offre ciblée,Taux de réactivation à 60 jours,2011-12-10
17293,9,9,1854.06,3,Champions,1.9192472543175407,-0.3020298652587479,Maintenir une relation durable,Tester des avantages de fidélité et un accès anticipé,Taux de réachat à 90 jours,2011-12-10
17295,29,3,547.0,0,Occasionnels récents,0.08170721805003298,-0.38344863216885433,Encourager un achat supplémentaire,Tester une relance après achat avec des produits complémentaires,Taux de nouvel achat à 60 jours,2011-12-10
17297,18,1,128.18,0,Occasionnels récents,-1.0513701510584805,-1.4722542561298555,Encourager un achat supplémentaire,Tester une relance après achat avec des produits complémentaires,Taux de nouvel achat à 60 jours,2011-12-10
17298,102,2,498.42,2,Occasionnels en sommeil,-0.7059974429356933,0.2740914089238731,Réactiver les clients,Tester une campagne de retour avec une offre ciblée,Taux de réactivation à 60 jours,2011-12-10
17299,12,4,656.61,0,Occasionnels récents,0.6977612982057227,-0.7749801438489993,Encourager un achat supplémentaire,Tester une relance après achat avec des produits complémentaires,Taux de nouvel achat à 60 jours,2011-12-10
17301,22,1,163.24,0,Occasionnels récents,-1.0124021530075717,-1.260719434999894,Encourager un achat supplémentaire,Tester une relance après achat avec des produits complémentaires,Taux de nouvel achat à 60 jours,2011-12-10
17302,15,5,1135.63,1,Acheteurs réguliers,1.0407389551161685,-0.3709260620901723,Entretenir la relation et développer les achats,Tester des recommandations adaptées à l'historique d'achat,Nombre de commandes par client sur 90 jours,2011-12-10
17303,362,1,250.04,2,Occasionnels en sommeil,-1.8926013930257037,0.6869423791022434,Réactiver les clients,Tester une campagne de retour avec une offre ciblée,Taux de réactivation à 60 jours,2011-12-10
17306,11,19,8631.31,3,Champions,3.203763250437571,0.6420457871938083,Maintenir une relation durable,Tester des avantages de fidélité et un accès anticipé,Taux de réachat à 90 jours,2011-12-10
17309,96,1,82.75,2,Occasionnels en sommeil,-1.8958478012111968,-0.5701996970529895,Réactiver les clients,Tester une campagne de retour avec une offre ciblée,Taux de réactivation à 60 jours,2011-12-10
17311,79,2,1384.85,1,Acheteurs réguliers,-0.12302345900636782,0.48109204909171543,Entretenir la relation et développer les achats,Tester des recommandations adaptées à l'historique d'achat,Nombre de commandes par client sur 90 jours,2011-12-10
17312,139,3,644.3,1,Acheteurs réguliers,-0.4445856021514472,0.6773125579404982,Entretenir la relation et développer les achats,Tester des recommandations adaptées à l'historique d'achat,Nombre de commandes par client sur 90 jours,2011-12-10
17313,32,1,2328.84,1,Acheteurs réguliers,0.10364393007029866,-0.06128505524002106,Entretenir la relation et développer les achats,Tester des recommandations adaptées à l'historique d'achat,Nombre de commandes par client sur 90 jours,2011-12-10
17314,25,8,2527.92,3,Champions,1.5963596122978505,0.3913135118451888,Maintenir une relation durable,Tester des avantages de fidélité et un accès anticipé,Taux de réachat à 90 jours,2011-12-10
17315,2,38,6281.23,3,Champions,4.200483673813636,-0.11813546242752909,Maintenir une relation durable,Tester des avantages de fidélité et un accès anticipé,Taux de réachat à 90 jours,2011-12-10
17317,47,3,2600.34,1,Acheteurs réguliers,0.6359748454911882,0.48861670089460085,Entretenir la relation et développer les achats,Tester des recommandations adaptées à l'historique d'achat,Nombre de commandes par client sur 90 jours,2011-12-10
17320,101,3,1200.6200000000001,1,Acheteurs réguliers,-0.025682038388678767,0.69762623285259,Entretenir la relation et développer les achats,Tester des recommandations adaptées à l'historique d'achat,Nombre de commandes par client sur 90 jours,2011-12-10
17321,9,2,657.16,0,Occasionnels récents,0.33896686736492654,-1.1414333451974519,Encourager un achat supplémentaire,Tester une relance après achat avec des produits complémentaires,Taux de nouvel achat à 60 jours,2011-12-10
17323,16,7,906.52,1,Acheteurs réguliers,1.1704421850472937,-0.3029003227545728,Entretenir la relation et développer les achats,Tester des recommandations adaptées à l'historique d'achat,Nombre de commandes par client sur 90 jours,2011-12-10
17324,18,4,986.48,1,Acheteurs réguliers,0.7417799474736237,-0.3804230532034084,Entretenir la relation et développer les achats,Tester des recommandations adaptées à l'historique d'achat,Nombre de commandes par client sur 90 jours,2011-12-10
17325,281,1,96.8,2,Occasionnels en sommeil,-2.24060748709942,0.1799058204244529,Réactiver les clients,Tester une campagne de retour avec une offre ciblée,Taux de réactivation à 60 jours,2011-12-10
17329,15,2,523.11,0,Occasionnels récents,0.04676031661526318,-0.9187699919658948,Encourager un achat supplémentaire,Tester une relance après achat avec des produits complémentaires,Taux de nouvel achat à 60 jours,2011-12-10
17330,23,2,363.9,0,Occasionnels récents,-0.2838430705325132,-0.786921872863328,Encourager un achat supplémentaire,Tester une relance après achat avec des produits complémentaires,Taux de nouvel achat à 60 jours,2011-12-10
17331,124,1,175.2,2,Occasionnels en sommeil,-1.6425856108567083,-0.13479676742915073,Réactiver les clients,Tester une campagne de retour avec une offre ciblée,Taux de réactivation à 60 jours,2011-12-10
17333,86,1,494.25,2,Occasionnels en sommeil,-1.0105334455209907,0.005559306424693465,Réactiver les clients,Tester une campagne de retour avec une offre ciblée,Taux de réactivation à 60 jours,2011-12-10
17334,303,2,307.02,2,Occasionnels en sommeil,-1.35935907395037,0.8018005524735771,Réactiver les clients,Tester une campagne de retour avec une offre ciblée,Taux de réactivation à 60 jours,2011-12-10
17337,152,4,1981.06,1,Acheteurs réguliers,0.2545147613010782,1.2289460793375226,Entretenir la relation et développer les achats,Tester des recommandations adaptées à l'historique d'achat,Nombre de commandes par client sur 90 jours,2011-12-10
17338,18,8,6493.54,3,Champions,2.166501665329276,0.530518634322652,Maintenir une relation durable,Tester des avantages de fidélité et un accès anticipé,Taux de réachat à 90 jours,2011-12-10
17339,95,2,243.36,2,Occasionnels en sommeil,-1.01733451291619,-0.03167371942104135,Réactiver les clients,Tester une campagne de retour avec une offre ciblée,Taux de réactivation à 60 jours,2011-12-10
17340,30,11,12353.29,3,Champions,2.539716539180639,1.193147075684848,Maintenir une relation durable,Tester des avantages de fidélité et un accès anticipé,Taux de réachat à 90 jours,2011-12-10
17341,157,3,682.29,2,Occasionnels en sommeil,-0.4648705939826021,0.7767417435554336,Réactiver les clients,Tester une campagne de retour avec une offre ciblée,Taux de réactivation à 60 jours,2011-12-10
17343,356,1,193.64,2,Occasionnels en sommeil,-2.0067206063712826,0.5835462476763824,Réactiver les clients,Tester une campagne de retour avec une offre ciblée,Taux de réactivation à 60 jours,2011-12-10
17344,47,1,157.62,2,Occasionnels en sommeil,-1.3172758634720008,-0.7951660181443035,Réactiver les clients,Tester une campagne de retour avec une offre ciblée,Taux de réactivation à 60 jours,2011-12-10
17345,16,4,519.6899999999999,0,Occasionnels récents,0.48192020403074737,-0.6855273880656235,Encourager un achat supplémentaire,Tester une relance après achat avec des produits complémentaires,Taux de nouvel achat à 60 jours,2011-12-10
17346,4,15,2622.88,3,Champions,2.780439527751173,-0.4459185628303977,Maintenir une relation durable,Tester des avantages de fidélité et un accès anticipé,Taux de réachat à 90 jours,2011-12-10
17347,87,1,228.96,2,Occasionnels en sommeil,-1.3787590827841307,-0.2660723050463574,Réactiver les clients,Tester une campagne de retour avec une offre ciblée,Taux de réactivation à 60 jours,2011-12-10
17348,15,5,1156.6,1,Acheteurs réguliers,1.0494069265050894,-0.36427612766084055,Entretenir la relation et développer les achats,Tester des recommandations adaptées à l'historique d'achat,Nombre de commandes par client sur 90 jours,2011-12-10
17349,180,1,98.25,2,Occasionnels en sommeil,-2.059831802256107,-0.10296264313240143,Réactiver les clients,Tester une campagne de retour avec une offre ciblée,Taux de réactivation à 60 jours,2011-12-10
17350,9,4,1281.32,1,Acheteurs réguliers,1.1172394365704816,-0.7025967319002994,Entretenir la relation et développer les achats,Tester des recommandations adaptées à l'historique d'achat,Nombre de commandes par client sur 90 jours,2011-12-10
17351,37,3,587.15,1,Acheteurs réguliers,0.02257853219246906,-0.20407277959015904,Entretenir la relation et développer les achats,Tester des recommandations adaptées à l'historique d'achat,Nombre de commandes par client sur 90 jours,2011-12-10
17353,130,2,1740.0,1,Acheteurs réguliers,-0.20814999960547098,0.8846492854287695,Entretenir la relation et développer les achats,Tester des recommandations adaptées à l'historique d'achat,Nombre de commandes par client sur 90 jours,2011-12-10
17354,51,1,1393.06,1,Acheteurs réguliers,-0.3181054622196421,0.04747999877873239,Entretenir la relation et développer les achats,Tester des recommandations adaptées à l'historique d'achat,Nombre de commandes par client sur 90 jours,2011-12-10
17356,312,1,178.22,2,Occasionnels en sommeil,-1.9943005752836678,0.46802463346736917,Réactiver les clients,Tester une campagne de retour avec une offre ciblée,Taux de réactivation à 60 jours,2011-12-10
17357,25,2,384.39,0,Occasionnels récents,-0.2893124643433204,-0.7150200661492175,Encourager un achat supplémentaire,Tester une relance après achat avec des produits complémentaires,Taux de nouvel achat à 60 jours,2011-12-10
17358,304,2,360.81,2,Occasionnels en sommeil,-1.2843300399812312,0.8624838953396298,Réactiver les clients,Tester une campagne de retour avec une offre ciblée,Taux de réactivation à 60 jours,2011-12-10
17359,12,1,127.86,0,Occasionnels récents,-0.903802692707594,-1.719829429545739,Encourager un achat supplémentaire,Tester une relance après achat avec des produits complémentaires,Taux de nouvel achat à 60 jours,2011-12-10
17360,18,3,568.24,0,Occasionnels récents,0.278767037893617,-0.6665146528539059,Encourager un achat supplémentaire,Tester une relance après achat avec des produits complémentaires,Taux de nouvel achat à 60 jours,2011-12-10
17361,50,3,488.2,1,Acheteurs réguliers,-0.18009365787225268,-0.07982174583552554,Entretenir la relation et développer les achats,Tester des recommandations adaptées à l'historique d'achat,Nombre de commandes par client sur 90 jours,2011-12-10
17362,240,2,312.23,2,Occasionnels en sommeil,-1.2603817965148008,0.656949011542365,Réactiver les clients,Tester une campagne de retour avec une offre ciblée,Taux de réactivation à 60 jours,2011-12-10
17364,1,11,4462.68,3,Champions,3.1313100591250076,-0.9587505187190405,Maintenir une relation durable,Tester des avantages de fidélité et un accès anticipé,Taux de réachat à 90 jours,2011-12-10
17365,13,8,4767.36,3,Champions,2.1397055433370435,0.21962999853730925,Maintenir une relation durable,Tester des avantages de fidélité et un accès anticipé,Taux de réachat à 90 jours,2011-12-10
17367,239,1,167.55,2,Occasionnels en sommeil,-1.919314900819123,0.2730764295581392,Réactiver les clients,Tester une campagne de retour avec une offre ciblée,Taux de réactivation à 60 jours,2011-12-10
17368,24,8,1878.87,1,Acheteurs réguliers,1.4711050187045818,0.2579323734124824,Entretenir la relation et développer les achats,Tester des recommandations adaptées à l'historique d'achat,Nombre de commandes par client sur 90 jours,2011-12-10
17370,73,4,446.18,1,Acheteurs réguliers,-0.1667521450430621,0.21518268826253875,Entretenir la relation et développer les achats,Tester des recommandations adaptées à l'historique d'achat,Nombre de commandes par client sur 90 jours,2011-12-10
17371,18,3,418.4,0,Occasionnels récents,0.13392572694713867,-0.7776346805092408,Encourager un achat supplémentaire,Tester une relance après achat avec des produits complémentaires,Taux de nouvel achat à 60 jours,2011-12-10
17372,41,8,1337.18,1,Acheteurs réguliers,1.1066012005154526,0.47151593877370923,Entretenir la relation et développer les achats,Tester des recommandations adaptées à l'historique d'achat,Nombre de commandes par client sur 90 jours,2011-12-10
17373,41,4,646.92,1,Acheteurs réguliers,0.23106722433381655,-0.01809735394558429,Entretenir la relation et développer les achats,Tester des recommandations adaptées à l'historique d'achat,Nombre de commandes par client sur 90 jours,2011-12-10
17374,219,2,495.77,2,Occasionnels en sommeil,-1.005975334442474,0.765449591166368,Réactiver les clients,Tester une campagne de retour avec une offre ciblée,Taux de réactivation à 60 jours,2011-12-10
17375,200,3,400.1,2,Occasionnels en sommeil,-0.8118011180720839,0.7394285829382076,Réactiver les clients,Tester une campagne de retour avec une offre ciblée,Taux de réactivation à 60 jours,2011-12-10
17376,71,2,203.2,2,Occasionnels en sommeil,-0.989705409734263,-0.28398089691504624,Réactiver les clients,Tester une campagne de retour avec une offre ciblée,Taux de réactivation à 60 jours,2011-12-10
17377,24,20,4058.32,3,Champions,2.602465345032288,0.8634210540710517,Maintenir une relation durable,Tester des avantages de fidélité et un accès anticipé,Taux de réachat à 90 jours,2011-12-10
17379,12,1,389.71999999999997,0,Occasionnels récents,-0.3778471035380428,-1.3163243850795598,Encourager un achat supplémentaire,Tester une relance après achat avec des produits complémentaires,Taux de nouvel achat à 60 jours,2011-12-10
17381,9,29,20275.61,3,Champions,4.046857679709633,0.9899150954855885,Maintenir une relation durable,Tester des avantages de fidélité et un accès anticipé,Taux de réachat à 90 jours,2011-12-10
17382,66,1,65.4,2,Occasionnels en sommeil,-1.8608849588770173,-0.8951589252260937,Réactiver les clients,Tester une campagne de retour avec une offre ciblée,Taux de réactivation à 60 jours,2011-12-10
17383,5,1,193.39000000000001,0,Occasionnels récents,-0.40580466623811207,-2.0728565964930694,Encourager un achat supplémentaire,Tester une relance après achat avec des produits complémentaires,Taux de nouvel achat à 60 jours,2011-12-10
17384,20,2,336.4,0,Occasionnels récents,-0.2686560341903788,-0.902220974594542,Encourager un achat supplémentaire,Tester une relance après achat avec des produits complémentaires,Taux de nouvel achat à 60 jours,2011-12-10
17385,15,1,256.11,0,Occasionnels récents,-0.6576575717247248,-1.3335847165631767,Encourager un achat supplémentaire,Tester une relance après achat avec des produits complémentaires,Taux de nouvel achat à 60 jours,2011-12-10
17386,8,6,2686.42,3,Champions,1.8136922368094255,-0.3726881543868133,Maintenir une relation durable,Tester des avantages de fidélité et un accès anticipé,Taux de réachat à 90 jours,2011-12-10
17387,20,2,746.81,0,Occasionnels récents,0.10870874680116205,-0.612712514432756,Encourager un achat supplémentaire,Tester une relance après achat avec des produits complémentaires,Taux de nouvel achat à 60 jours,2011-12-10
17388,78,4,1259.56,1,Acheteurs réguliers,0.2990039782654061,0.634664029374087,Entretenir la relation et développer les achats,Tester des recommandations adaptées à l'historique d'achat,Nombre de commandes par client sur 90 jours,2011-12-10
17389,1,34,31833.68,3,Champions,5.030994655965579,0.16705994529005894,Maintenir une relation durable,Tester des avantages de fidélité et un accès anticipé,Taux de réachat à 90 jours,2011-12-10
17391,164,2,508.8,2,Occasionnels en sommeil,-0.8809401195665503,0.5878708855047875,Réactiver les clients,Tester une campagne de retour avec une offre ciblée,Taux de réactivation à 60 jours,2011-12-10
17392,307,2,417.27,2,Occasionnels en sommeil,-1.219411289770722,0.9215941719605069,Réactiver les clients,Tester une campagne de retour avec une offre ciblée,Taux de réactivation à 60 jours,2011-12-10
17394,220,1,203.86999999999998,2,Occasionnels en sommeil,-1.794461053370058,0.2904509612412102,Réactiver les clients,Tester une campagne de retour avec une offre ciblée,Taux de réactivation à 60 jours,2011-12-10
17396,40,8,7330.8,3,Champions,1.9225297016400928,1.0745738292063394,Maintenir une relation durable,Tester des avantages de fidélité et un accès anticipé,Taux de réachat à 90 jours,2011-12-10
17397,23,2,681.41,0,Occasionnels récents,0.0129770279845406,-0.5592060551843377,Encourager un achat supplémentaire,Tester une relance après achat avec des produits complémentaires,Taux de nouvel achat à 60 jours,2011-12-10
17398,115,3,653.38,1,Acheteurs réguliers,-0.3642520698435175,0.5601590409260925,Entretenir la relation et développer les achats,Tester des recommandations adaptées à l'historique d'achat,Nombre de commandes par client sur 90 jours,2011-12-10
17400,127,5,2097.84,1,Acheteurs réguliers,0.5164911885973944,1.2038363809682193,Entretenir la relation et développer les achats,Tester des recommandations adaptées à l'historique d'achat,Nombre de commandes par client sur 90 jours,2011-12-10
17402,5,13,2633.85,3,Champions,2.5901805128630966,-0.3771814445112529,Maintenir une relation durable,Tester des avantages de fidélité et un accès anticipé,Taux de réachat à 90 jours,2011-12-10
17403,37,1,263.92,0,Occasionnels récents,-0.9825106673276299,-0.7604405611187796,Encourager un achat supplémentaire,Tester une relance après achat avec des produits complémentaires,Taux de nouvel achat à 60 jours,2011-12-10
17404,5,15,31906.82,3,Champions,3.8934924393132264,0.5813344512815186,Maintenir une relation durable,Tester des avantages de fidélité et un accès anticipé,Taux de réachat à 90 jours,2011-12-10
17405,2,3,1031.41,0,Occasionnels récents,1.2845345032712319,-1.6497613271807146,Encourager un achat supplémentaire,Tester une relance après achat avec des produits complémentaires,Taux de nouvel achat à 60 jours,2011-12-10
17406,334,3,2184.42,1,Acheteurs réguliers,-0.2081746107485307,1.6881713923260382,Entretenir la relation et développer les achats,Tester des recommandations adaptées à l'historique d'achat,Nombre de commandes par client sur 90 jours,2011-12-10
17408,164,1,32.65,2,Occasionnels en sommeil,-2.536407747731271,-0.5565745825616303,Réactiver les clients,Tester une campagne de retour avec une offre ciblée,Taux de réactivation à 60 jours,2011-12-10
17409,185,2,771.85,2,Occasionnels en sommeil,-0.7306199050248545,0.8170910994834101,Réactiver les clients,Tester une campagne de retour avec une offre ciblée,Taux de réactivation à 60 jours,2011-12-10
17410,17,5,1214.72,1,Acheteurs réguliers,1.0264684599177136,-0.26989601090093857,Entretenir la relation et développer les achats,Tester des recommandations adaptées à l'historique d'achat,Nombre de commandes par client sur 90 jours,2011-12-10
17411,13,3,778.94,0,Occasionnels récents,0.5477796296031723,-0.7504633898463012,Encourager un achat supplémentaire,Tester une relance après achat avec des produits complémentaires,Taux de nouvel achat à 60 jours,2011-12-10
17412,3,7,1258.06,3,Champions,1.892810073138038,-1.1243190627764008,Maintenir une relation durable,Tester des avantages de fidélité et un accès anticipé,Taux de réachat à 90 jours,2011-12-10
17414,44,2,778.0,1,Acheteurs réguliers,-0.1706423810607165,-0.10244805767408874,Entretenir la relation et développer les achats,Tester des recommandations adaptées à l'historique d'achat,Nombre de commandes par client sur 90 jours,2011-12-10
17415,80,1,507.84,2,Occasionnels en sommeil,-0.9696890024333463,-0.031042608132218347,Réactiver les clients,Tester une campagne de retour avec une offre ciblée,Taux de réactivation à 60 jours,2011-12-10
17416,30,7,6893.42,3,Champions,1.8964194520114919,0.8252232903647571,Maintenir une relation durable,Tester des avantages de fidélité et un accès anticipé,Taux de réachat à 90 jours,2011-12-10
17418,43,2,463.46000000000004,0,Occasionnels récents,-0.40703279862816855,-0.30516844492113615,Encourager un achat supplémentaire,Tester une relance après achat avec des produits complémentaires,Taux de nouvel achat à 60 jours,2011-12-10
17419,12,12,4226.57,3,Champions,2.4442729248133976,0.2689210568287439,Maintenir une relation durable,Tester des avantages de fidélité et un accès anticipé,Taux de réachat à 90 jours,2011-12-10
17420,51,3,598.83,1,Acheteurs réguliers,-0.09103784350455695,0.006961581124533168,Entretenir la relation et développer les achats,Tester des recommandations adaptées à l'historique d'achat,Nombre de commandes par client sur 90 jours,2011-12-10
17422,17,6,1979.37,1,Acheteurs réguliers,1.3972522363692932,-0.033188764940993674,Entretenir la relation et développer les achats,Tester des recommandations adaptées à l'historique d'achat,Nombre de commandes par client sur 90 jours,2011-12-10
17423,47,2,698.41,0,Occasionnels récents,-0.2470394674731451,-0.09970095682846233,Encourager un achat supplémentaire,Tester une relance après achat avec des produits complémentaires,Taux de nouvel achat à 60 jours,2011-12-10
17425,20,2,759.17,0,Occasionnels récents,0.11648152926034366,-0.6067493551919347,Encourager un achat supplémentaire,Tester une relance après achat avec des produits complémentaires,Taux de nouvel achat à 60 jours,2011-12-10
17426,9,6,5037.26,3,Champions,2.0703876106381984,-0.07558753513881747,Maintenir une relation durable,Tester des avantages de fidélité et un accès anticipé,Taux de réachat à 90 jours,2011-12-10
17427,72,1,100.8,2,Occasionnels en sommeil,-1.6918922124114502,-0.6839704419517066,Réactiver les clients,Tester une campagne de retour avec une offre ciblée,Taux de réactivation à 60 jours,2011-12-10
17428,1,28,17256.85,3,Champions,4.570591475269065,-0.12790000187816225,Maintenir une relation durable,Tester des avantages de fidélité et un accès anticipé,Taux de réachat à 90 jours,2011-12-10
17429,129,3,524.9200000000001,2,Occasionnels en sommeil,-0.5125331513263512,0.5547286458848693,Réactiver les clients,Tester une campagne de retour avec une offre ciblée,Taux de réactivation à 60 jours,2011-12-10
17430,33,2,265.76,0,Occasionnels récents,-0.5689023916008787,-0.6744744353348331,Encourager un achat supplémentaire,Tester une relance après achat avec des produits complémentaires,Taux de nouvel achat à 60 jours,2011-12-10
17431,314,1,403.3,2,Occasionnels en sommeil,-1.6110573186629025,0.7680985028951494,Réactiver les clients,Tester une campagne de retour avec une offre ciblée,Taux de réactivation à 60 jours,2011-12-10
17432,19,2,365.76,0,Occasionnels récents,-0.20997020563779417,-0.9035836734405736,Encourager un achat supplémentaire,Tester une relance après achat avec des produits complémentaires,Taux de nouvel achat à 60 jours,2011-12-10
17433,89,1,303.15999999999997,2,Occasionnels en sommeil,-1.2549726969310975,-0.14974000029072085,Réactiver les clients,Tester une campagne de retour avec une offre ciblée,Taux de réactivation à 60 jours,2011-12-10
17434,3,7,2373.82,3,Champions,2.193683628366056,-0.8934934954073619,Maintenir une relation durable,Tester des avantages de fidélité et un accès anticipé,Taux de réachat à 90 jours,2011-12-10
17436,2,2,216.29999999999998,0,Occasionnels récents,0.28543576739498666,-2.3271371700308907,Encourager un achat supplémentaire,Tester une relance après achat avec des produits complémentaires,Taux de nouvel achat à 60 jours,2011-12-10
17438,254,1,388.45000000000005,2,Occasionnels en sommeil,-1.5459767453922153,0.6171324911596933,Réactiver les clients,Tester une campagne de retour avec une offre ciblée,Taux de réactivation à 60 jours,2011-12-10
17440,157,3,186.42000000000002,2,Occasionnels en sommeil,-1.0782129033513064,0.3061949504211062,Réactiver les clients,Tester une campagne de retour avec une offre ciblée,Taux de réactivation à 60 jours,2011-12-10
17442,37,6,2248.56,1,Acheteurs réguliers,1.1648072363361195,0.49887130540243685,Entretenir la relation et développer les achats,Tester des recommandations adaptées à l'historique d'achat,Nombre de commandes par client sur 90 jours,2011-12-10
17443,220,1,534.24,2,Occasionnels en sommeil,-1.339117968092457,0.6397831779829471,Réactiver les clients,Tester une campagne de retour avec une offre ciblée,Taux de réactivation à 60 jours,2011-12-10
17444,148,3,2940.04,1,Acheteurs réguliers,0.2501831568503476,1.2695617383852025,Entretenir la relation et développer les achats,Tester des recommandations adaptées à l'historique d'achat,Nombre de commandes par client sur 90 jours,2011-12-10
17446,177,2,120.9,2,Occasionnels en sommeil,-1.5890845562101545,0.116693790883009,Réactiver les clients,Tester une campagne de retour avec une offre ciblée,Taux de réactivation à 60 jours,2011-12-10
17447,41,2,541.53,0,Occasionnels récents,-0.3151315760250573,-0.278890538584112,Encourager un achat supplémentaire,Tester une relance après achat avec des produits complémentaires,Taux de nouvel achat à 60 jours,2011-12-10
17449,3,7,2519.21,3,Champions,2.2218577791651963,-0.8718787199299229,Maintenir une relation durable,Tester des avantages de fidélité et un accès anticipé,Taux de réachat à 90 jours,2011-12-10
17450,9,46,194390.79,3,Champions,5.524687204868587,1.9846086441140813,Maintenir une relation durable,Tester des avantages de fidélité et un accès anticipé,Taux de réachat à 90 jours,2011-12-10
17451,2,7,1721.4,3,Champions,2.1541447697080893,-1.197330900903511,Maintenir une relation durable,Tester des avantages de fidélité et un accès anticipé,Taux de réachat à 90 jours,2011-12-10
17453,18,2,486.71999999999997,0,Occasionnels récents,-0.05471726702068898,-0.8332413342669049,Encourager un achat supplémentaire,Tester une relance après achat avec des produits complémentaires,Taux de nouvel achat à 60 jours,2011-12-10
17454,193,4,517.53,2,Occasionnels en sommeil,-0.4743258917720484,0.8955098282607499,Réactiver les clients,Tester une campagne de retour avec une offre ciblée,Taux de réactivation à 60 jours,2011-12-10
17455,204,1,131.7,2,Occasionnels en sommeil,-1.9709196562948943,0.08362577626585359,Réactiver les clients,Tester une campagne de retour avec une offre ciblée,Taux de réactivation à 60 jours,2011-12-10
17456,366,1,249.86,2,Occasionnels en sommeil,-1.8972369448893638,0.693804959059237,Réactiver les clients,Tester une campagne de retour avec une offre ciblée,Taux de réactivation à 60 jours,2011-12-10
17457,127,5,1737.7,1,Acheteurs réguliers,0.4272342051211315,1.1353597950584229,Entretenir la relation et développer les achats,Tester des recommandations adaptées à l'historique d'achat,Nombre de commandes par client sur 90 jours,2011-12-10
17458,16,1,316.5,0,Occasionnels récents,-0.5813869866083339,-1.2174343291971002,Encourager un achat supplémentaire,Tester une relance après achat avec des produits complémentaires,Taux de nouvel achat à 60 jours,2011-12-10
17459,44,2,657.3,0,Occasionnels récents,-0.2504653312656926,-0.16368699825220162,Encourager un achat supplémentaire,Tester une relance après achat avec des produits complémentaires,Taux de nouvel achat à 60 jours,2011-12-10
17460,95,6,622.4300000000001,1,Acheteurs réguliers,0.1931047324144334,0.6344830925126254,Entretenir la relation et développer les achats,Tester des recommandations adaptées à l'historique d'achat,Nombre de commandes par client sur 90 jours,2011-12-10
17461,23,3,735.82,0,Occasionnels récents,0.30955000889034884,-0.420797174251168,Encourager un achat supplémentaire,Tester une relance après achat avec des produits complémentaires,Taux de nouvel achat à 60 jours,2011-12-10
17462,61,2,675.69,1,Acheteurs réguliers,-0.3630124347881797,0.054646186789900415,Entretenir la relation et développer les achats,Tester des recommandations adaptées à l'historique d'achat,Nombre de commandes par client sur 90 jours,2011-12-10
17463,17,5,1875.86,1,Acheteurs réguliers,1.2323737026437778,-0.1119286732913435,Entretenir la relation et développer les achats,Tester des recommandations adaptées à l'historique d'achat,Nombre de commandes par client sur 90 jours,2011-12-10
17464,159,1,289.96000000000004,2,Occasionnels en sommeil,-1.5015274990464211,0.20811454652260628,Réactiver les clients,Tester une campagne de retour avec une offre ciblée,Taux de réactivation à 60 jours,2011-12-10
17466,11,2,763.28,0,Occasionnels récents,0.33838328820803204,-0.9685451310037477,Encourager un achat supplémentaire,Tester une relance après achat avec des produits complémentaires,Taux de nouvel achat à 60 jours,2011-12-10
17468,11,2,137.0,0,Occasionnels récents,-0.47320657303065733,-1.591184399015877,Encourager un achat supplémentaire,Tester une relance après achat avec des produits complémentaires,Taux de nouvel achat à 60 jours,2011-12-10
17469,17,5,1870.97,1,Acheteurs réguliers,1.2311367380837508,-0.1128776534905746,Entretenir la relation et développer les achats,Tester des recommandations adaptées à l'historique d'achat,Nombre de commandes par client sur 90 jours,2011-12-10
17470,45,5,1125.07,1,Acheteurs réguliers,0.6223864305893526,0.31212594043455044,Entretenir la relation et développer les achats,Tester des recommandations adaptées à l'historique d'achat,Nombre de commandes par client sur 90 jours,2011-12-10
17472,192,3,697.54,2,Occasionnels en sommeil,-0.5328333044874084,0.914835359605655,Réactiver les clients,Tester une campagne de retour avec une offre ciblée,Taux de réactivation à 60 jours,2011-12-10
17475,80,1,194.37,2,Occasionnels en sommeil,-1.423561667536252,-0.3792467411151891,Réactiver les clients,Tester une campagne de retour avec une offre ciblée,Taux de réactivation à 60 jours,2011-12-10
17480,78,1,511.82,2,Occasionnels en sommeil,-0.9561953571165771,-0.04445961596515558,Réactiver les clients,Tester une campagne de retour avec une offre ciblée,Taux de réactivation à 60 jours,2011-12-10
17481,4,4,1255.59,0,Occasionnels récents,1.3793124246083175,-1.1605241207554393,Encourager un achat supplémentaire,Tester une relance après achat avec des produits complémentaires,Taux de nouvel achat à 60 jours,2011-12-10
17483,66,3,414.04,1,Acheteurs réguliers,-0.3649939404811095,0.037744468486548624,Entretenir la relation et développer les achats,Tester des recommandations adaptées à l'historique d'achat,Nombre de commandes par client sur 90 jours,2011-12-10
17486,262,1,396.87,2,Occasionnels en sommeil,-1.5479425300155536,0.6449924357341316,Réactiver les clients,Tester une campagne de retour avec une offre ciblée,Taux de réactivation à 60 jours,2011-12-10
17489,59,2,376.64,0,Occasionnels récents,-0.626717441709093,-0.17883803385387712,Encourager un achat supplémentaire,Tester une relance après achat avec des produits complémentaires,Taux de nouvel achat à 60 jours,2011-12-10
17490,1,7,2092.32,3,Champions,2.405543829500229,-1.3899433626419482,Maintenir une relation durable,Tester des avantages de fidélité et un accès anticipé,Taux de réachat à 90 jours,2011-12-10
17491,2,10,3558.87,3,Champions,2.786410448767774,-0.81091610009072,Maintenir une relation durable,Tester des avantages de fidélité et un accès anticipé,Taux de réachat à 90 jours,2011-12-10
17492,249,1,374.57,2,Occasionnels en sommeil,-1.5554220970578776,0.591059498130803,Réactiver les clients,Tester une campagne de retour avec une offre ciblée,Taux de réactivation à 60 jours,2011-12-10
17495,8,2,497.56,0,Occasionnels récents,0.24858128602466925,-1.3109436477055936,Encourager un achat supplémentaire,Tester une relance après achat avec des produits complémentaires,Taux de nouvel achat à 60 jours,2011-12-10
17496,359,1,271.05,2,Occasionnels en sommeil,-1.8512396502960737,0.7107846720887759,Réactiver les clients,Tester une campagne de retour avec une offre ciblée,Taux de réactivation à 60 jours,2011-12-10
17498,76,1,272.22,2,Occasionnels en sommeil,-1.2446907617833962,-0.2901675123040756,Réactiver les clients,Tester une campagne de retour avec une offre ciblée,Taux de réactivation à 60 jours,2011-12-10
17499,290,1,622.88,2,Occasionnels en sommeil,-1.3743092021712409,0.8743844144783485,Réactiver les clients,Tester une campagne de retour avec une offre ciblée,Taux de réactivation à 60 jours,2011-12-10
17500,18,3,1138.0,1,Acheteurs réguliers,0.6076378891168401,-0.4142099902948809,Entretenir la relation et développer les achats,Tester des recommandations adaptées à l'historique d'achat,Nombre de commandes par client sur 90 jours,2011-12-10
17501,221,2,288.6,2,Occasionnels en sommeil,-1.2653852821477893,0.5750380849826155,Réactiver les clients,Tester une campagne de retour avec une offre ciblée,Taux de réactivation à 60 jours,2011-12-10
17502,10,4,689.1,0,Occasionnels récents,0.786104779565767,-0.8660252877167628,Encourager un achat supplémentaire,Tester une relance après achat avec des produits complémentaires,Taux de nouvel achat à 60 jours,2011-12-10
17503,3,2,558.96,0,Occasionnels récents,0.6214989418071326,-1.7958108668454689,Encourager un achat supplémentaire,Tester une relance après achat avec des produits complémentaires,Taux de nouvel achat à 60 jours,2011-12-10
17504,207,9,2997.0299999999997,1,Acheteurs réguliers,0.9572866544036063,1.8453455454888852,Entretenir la relation et développer les achats,Tester des recommandations adaptées à l'historique d'achat,Nombre de commandes par client sur 90 jours,2011-12-10
17505,162,2,1145.84,1,Acheteurs réguliers,-0.49174599404580815,0.8748604020164263,Entretenir la relation et développer les achats,Tester des recommandations adaptées à l'historique d'achat,Nombre de commandes par client sur 90 jours,2011-12-10
17506,76,1,302.2,2,Occasionnels en sommeil,-1.1953246922668181,-0.2522946224905861,Réactiver les clients,Tester une campagne de retour avec une offre ciblée,Taux de réactivation à 60 jours,2011-12-10
17507,262,2,605.58,2,Occasionnels en sommeil,-0.9812581199767793,0.9541401526394452,Réactiver les clients,Tester une campagne de retour avec une offre ciblée,Taux de réactivation à 60 jours,2011-12-10
17508,281,1,387.31,2,Occasionnels en sommeil,-1.5868146021496183,0.6814856734494541,Réactiver les clients,Tester une campagne de retour avec une offre ciblée,Taux de réactivation à 60 jours,2011-12-10
17509,58,8,6083.64,1,Acheteurs réguliers,1.6914645291167838,1.2433316999761566,Entretenir la relation et développer les achats,Tester des recommandations adaptées à l'historique d'achat,Nombre de commandes par client sur 90 jours,2011-12-10
17510,25,1,308.48,0,Occasionnels récents,-0.7600535211820824,-0.9505615170571843,Encourager un achat supplémentaire,Tester une relance après achat avec des produits complémentaires,Taux de nouvel achat à 60 jours,2011-12-10
17511,3,31,91062.38,3,Champions,5.176588862623349,0.9655031455432646,Maintenir une relation durable,Tester des avantages de fidélité et un accès anticipé,Taux de réachat à 90 jours,2011-12-10
17512,29,10,2924.9900000000002,3,Champions,1.7909208313939298,0.6144628670684844,Maintenir une relation durable,Tester des avantages de fidélité et un accès anticipé,Taux de réachat à 90 jours,2011-12-10
17513,73,1,513.2,2,Occasionnels en sommeil,-0.9292939340337097,-0.08598165926391617,Réactiver les clients,Tester une campagne de retour avec une offre ciblée,Taux de réactivation à 60 jours,2011-12-10
17514,129,1,208.65,2,Occasionnels en sommeil,-1.5755421400633103,-0.04607430774701197,Réactiver les clients,Tester une campagne de retour avec une offre ciblée,Taux de réactivation à 60 jours,2011-12-10
17515,32,4,639.02,1,Acheteurs réguliers,0.31977552606241216,-0.1793182098653524,Entretenir la relation et développer les achats,Tester des recommandations adaptées à l'historique d'achat,Nombre de commandes par client sur 90 jours,2011-12-10
17516,16,5,764.88,1,Acheteurs réguliers,0.8297842877802106,-0.4751304739678642,Entretenir la relation et développer les achats,Tester des recommandations adaptées à l'historique d'achat,Nombre de commandes par client sur 90 jours,2011-12-10
17517,309,1,153.94,2,Occasionnels en sommeil,-2.0595503233742525,0.40880979041212306,Réactiver les clients,Tester une campagne de retour avec une offre ciblée,Taux de réactivation à 60 jours,2011-12-10
17519,18,6,1844.02,1,Acheteurs réguliers,1.3424936007203911,-0.02379620416031921,Entretenir la relation et développer les achats,Tester des recommandations adaptées à l'historique d'achat,Nombre de commandes par client sur 90 jours,2011-12-10
17520,54,1,546.81,0,Occasionnels récents,-0.7829666514715823,-0.25582923659838136,Encourager un achat supplémentaire,Tester une relance après achat avec des produits complémentaires,Taux de nouvel achat à 60 jours,2011-12-10
17521,30,3,723.2099999999999,1,Acheteurs réguliers,0.20105038825266658,-0.2607165939216989,Entretenir la relation et développer les achats,Tester des recommandations adaptées à l'historique d'achat,Nombre de commandes par client sur 90 jours,2011-12-10
17522,2,5,1070.71,3,Champions,1.668979343132111,-1.4804250076297576,Maintenir une relation durable,Tester des avantages de fidélité et un accès anticipé,Taux de réachat à 90 jours,2011-12-10
17523,12,4,652.74,0,Occasionnels récents,0.6949627196406476,-0.777127170312062,Encourager un achat supplémentaire,Tester une relance après achat avec des produits complémentaires,Taux de nouvel achat à 60 jours,2011-12-10
17524,362,1,145.0,2,Occasionnels en sommeil,-2.1495922840471726,0.48978291726868506,Réactiver les clients,Tester une campagne de retour avec une offre ciblée,Taux de réactivation à 60 jours,2011-12-10
17525,360,1,422.70000000000005,2,Occasionnels en sommeil,-1.6422604912745435,0.8737474862759942,Réactiver les clients,Tester une campagne de retour avec une offre ciblée,Taux de réactivation à 60 jours,2011-12-10
17526,5,4,1195.8999999999999,0,Occasionnels récents,1.284775013852079,-1.0597158421645112,Encourager un achat supplémentaire,Tester une relance après achat avec des produits complémentaires,Taux de nouvel achat à 60 jours,2011-12-10
17527,54,4,939.37,1,Acheteurs réguliers,0.3019938657616991,0.29268980390070337,Entretenir la relation et développer les achats,Tester des recommandations adaptées à l'historique d'achat,Nombre de commandes par client sur 90 jours,2011-12-10
17528,2,8,3628.5,3,Champions,2.614094572386251,-0.8809509824215515,Maintenir une relation durable,Tester des avantages de fidélité et un accès anticipé,Taux de réachat à 90 jours,2011-12-10
17530,2,10,2367.12,3,Champions,2.5931346295517526,-0.9591943380882202,Maintenir une relation durable,Tester des avantages de fidélité et un accès anticipé,Taux de réachat à 90 jours,2011-12-10
17531,191,1,296.7,2,Occasionnels en sommeil,-1.5621314242577558,0.3349560736912488,Réactiver les clients,Tester une campagne de retour avec une offre ciblée,Taux de réactivation à 60 jours,2011-12-10
17534,54,1,223.36,2,Occasionnels en sommeil,-1.206227459322005,-0.5805484231786366,Réactiver les clients,Tester une campagne de retour avec une offre ciblée,Taux de réactivation à 60 jours,2011-12-10
17535,281,1,164.4,2,Occasionnels en sommeil,-1.9914701279591902,0.37104017330164585,Réactiver les clients,Tester une campagne de retour avec une offre ciblée,Taux de réactivation à 60 jours,2011-12-10
17536,178,1,76.5,2,Occasionnels en sommeil,-2.172763816624609,-0.2001659629356083,Réactiver les clients,Tester une campagne de retour avec une offre ciblée,Taux de réactivation à 60 jours,2011-12-10
17537,30,2,887.67,0,Occasionnels récents,0.03788251412419315,-0.29677912727218153,Encourager un achat supplémentaire,Tester une relance après achat avec des produits complémentaires,Taux de nouvel achat à 60 jours,2011-12-10
17538,26,1,98.42,0,Occasionnels récents,-1.3132601660978336,-1.3390928384700984,Encourager un achat supplémentaire,Tester une relance après achat avec des produits complémentaires,Taux de nouvel achat à 60 jours,2011-12-10
17540,25,2,578.9,0,Occasionnels récents,-0.09557566406024046,-0.5663881705620053,Encourager un achat supplémentaire,Tester une relance après achat avec des produits complémentaires,Taux de nouvel achat à 60 jours,2011-12-10
17542,270,1,170.75,2,Occasionnels en sommeil,-1.9580122140071472,0.35888126524138164,Réactiver les clients,Tester une campagne de retour avec une offre ciblée,Taux de réactivation à 60 jours,2011-12-10
17545,44,3,642.32,1,Acheteurs réguliers,-0.0011798230814232741,-0.06155633961784799,Entretenir la relation et développer les achats,Tester des recommandations adaptées à l'historique d'achat,Nombre de commandes par client sur 90 jours,2011-12-10
17548,234,1,103.3,2,Occasionnels en sommeil,-2.1386354536490644,0.08480127009985094,Réactiver les clients,Tester une campagne de retour avec une offre ciblée,Taux de réactivation à 60 jours,2011-12-10
17549,24,2,148.86,0,Occasionnels récents,-0.7217981507817475,-1.0841041771002267,Encourager un achat supplémentaire,Tester une relance après achat avec des produits complémentaires,Taux de nouvel achat à 60 jours,2011-12-10
17550,198,3,267.16,2,Occasionnels en sommeil,-0.9987862762141324,0.586469209364075,Réactiver les clients,Tester une campagne de retour avec une offre ciblée,Taux de réactivation à 60 jours,2011-12-10
17551,360,1,290.34,2,Occasionnels en sommeil,-1.8198453559706154,0.7375071074279442,Réactiver les clients,Tester une campagne de retour avec une offre ciblée,Taux de réactivation à 60 jours,2011-12-10
17552,61,4,930.41,1,Acheteurs réguliers,0.25049757554994334,0.3670794972014686,Entretenir la relation et développer les achats,Tester des recommandations adaptées à l'historique d'achat,Nombre de commandes par client sur 90 jours,2011-12-10
17553,130,1,1487.6,2,Occasionnels en sommeil,-0.6491436007185746,0.6719296253573442,Réactiver les clients,Tester une campagne de retour avec une offre ciblée,Taux de réactivation à 60 jours,2011-12-10
17554,2,5,1952.45,3,Champions,1.9536300685413108,-1.2620453459649343,Maintenir une relation durable,Tester des avantages de fidélité et un accès anticipé,Taux de réachat à 90 jours,2011-12-10
17555,20,2,480.31,0,Occasionnels récents,-0.1002185766898099,-0.7729983459580633,Encourager un achat supplémentaire,Tester une relance après achat avec des produits complémentaires,Taux de nouvel achat à 60 jours,2011-12-10
17556,206,1,157.9,2,Occasionnels en sommeil,-1.8892911480707724,0.15548023313022932,Réactiver les clients,Tester une campagne de retour avec une offre ciblée,Taux de réactivation à 60 jours,2011-12-10
17557,15,3,541.46,0,Occasionnels récents,0.32327673625398495,-0.7957481965824622,Encourager un achat supplémentaire,Tester une relance après achat avec des produits complémentaires,Taux de nouvel achat à 60 jours,2011-12-10
17560,95,4,854.95,1,Acheteurs réguliers,0.039069116873571764,0.6205407688895798,Entretenir la relation et développer les achats,Tester des recommandations adaptées à l'historique d'achat,Nombre de commandes par client sur 90 jours,2011-12-10
17561,20,1,165.12,0,Occasionnels récents,-0.9713485806750721,-1.3157120434376581,Encourager un achat supplémentaire,Tester une relance après achat avec des produits complémentaires,Taux de nouvel achat à 60 jours,2011-12-10
17562,15,7,1122.38,1,Acheteurs réguliers,1.2953788934484929,-0.26468756693982437,Entretenir la relation et développer les achats,Tester des recommandations adaptées à l'historique d'achat,Nombre de commandes par client sur 90 jours,2011-12-10
17564,25,3,454.01,0,Occasionnels récents,0.049625927315709466,-0.5441090932109073,Encourager un achat supplémentaire,Tester une relance après achat avec des produits complémentaires,Taux de nouvel achat à 60 jours,2011-12-10
17566,9,2,869.77,0,Occasionnels récents,0.4716950229528819,-1.0396063441630223,Encourager un achat supplémentaire,Tester une relance après achat avec des produits complémentaires,Taux de nouvel achat à 60 jours,2011-12-10
17567,8,8,4331.48,3,Champions,2.267431884249188,-0.10243755480688166,Maintenir une relation durable,Tester des avantages de fidélité et un accès anticipé,Taux de réachat à 90 jours,2011-12-10
17569,333,1,344.14,2,Occasionnels en sommeil,-1.7090271213323085,0.7486194171874315,Réactiver les clients,Tester une campagne de retour avec une offre ciblée,Taux de réactivation à 60 jours,2011-12-10
17571,51,4,1425.67,1,Acheteurs réguliers,0.5216151953615218,0.40785478810624687,Entretenir la relation et développer les achats,Tester des recommandations adaptées à l'historique d'achat,Nombre de commandes par client sur 90 jours,2011-12-10
17572,72,4,226.75000000000003,2,Occasionnels en sommeil,-0.48133296425588973,-0.03909398544776542,Réactiver les clients,Tester une campagne de retour avec une offre ciblée,Taux de réactivation à 60 jours,2011-12-10
17573,30,3,380.6,0,Occasionnels récents,-0.10274023517446725,-0.4937800911799393,Encourager un achat supplémentaire,Tester une relance après achat avec des produits complémentaires,Taux de nouvel achat à 60 jours,2011-12-10
17574,243,1,185.65,2,Occasionnels en sommeil,-1.8774292655140836,0.32092510852182293,Réactiver les clients,Tester une campagne de retour avec une offre ciblée,Taux de réactivation à 60 jours,2011-12-10
17576,9,19,3564.83,3,Champions,2.8560239070889732,0.2019295803171338,Maintenir une relation durable,Tester des avantages de fidélité et un accès anticipé,Taux de réachat à 90 jours,2011-12-10
17578,219,1,143.45999999999998,2,Occasionnels en sommeil,-1.9583379608731468,0.1604154742314088,Réactiver les clients,Tester une campagne de retour avec une offre ciblée,Taux de réactivation à 60 jours,2011-12-10
17579,5,3,448.90000000000003,0,Occasionnels récents,0.6190113468953752,-1.5013547067466535,Encourager un achat supplémentaire,Tester une relance après achat avec des produits complémentaires,Taux de nouvel achat à 60 jours,2011-12-10
17580,253,3,215.72,2,Occasionnels en sommeil,-1.1954181315960741,0.667618841397835,Réactiver les clients,Tester une campagne de retour avec une offre ciblée,Taux de réactivation à 60 jours,2011-12-10
17581,1,25,11025.24,3,Champions,4.25941085442338,-0.3328055387654593,Maintenir une relation durable,Tester des avantages de fidélité et un accès anticipé,Taux de réachat à 90 jours,2011-12-10
17582,237,1,175.27,2,Occasionnels en sommeil,-1.8948004449335285,0.2839277188069862,Réactiver les clients,Tester une campagne de retour avec une offre ciblée,Taux de réactivation à 60 jours,2011-12-10
17584,8,2,1242.3,0,Occasionnels récents,0.6818579312032441,-0.9785404646631211,Encourager un achat supplémentaire,Tester une relance après achat avec des produits complémentaires,Taux de nouvel achat à 60 jours,2011-12-10
17585,110,4,1116.68,1,Acheteurs réguliers,0.10866600476185208,0.8119612164166718,Entretenir la relation et développer les achats,Tester des recommandations adaptées à l'historique d'achat,Nombre de commandes par client sur 90 jours,2011-12-10
17588,101,3,1240.2,1,Acheteurs réguliers,-0.010315847301008173,0.709414938488167,Entretenir la relation et développer les achats,Tester des recommandations adaptées à l'historique d'achat,Nombre de commandes par client sur 90 jours,2011-12-10
17589,61,4,2404.17,1,Acheteurs réguliers,0.7003105242240308,0.7121690781350605,Entretenir la relation et développer les achats,Tester des recommandations adaptées à l'historique d'achat,Nombre de commandes par client sur 90 jours,2011-12-10
17590,3,3,1468.02,0,Occasionnels récents,1.3390074389770885,-1.3344667272990383,Encourager un achat supplémentaire,Tester une relance après achat avec des produits complémentaires,Taux de nouvel achat à 60 jours,2011-12-10
17591,74,7,2203.67,1,Acheteurs réguliers,1.009532957786641,0.9847755973486055,Entretenir la relation et développer les achats,Tester des recommandations adaptées à l'historique d'achat,Nombre de commandes par client sur 90 jours,2011-12-10
17593,4,5,3923.86,3,Champions,2.0842375946756304,-0.6761954289969224,Maintenir une relation durable,Tester des avantages de fidélité et un accès anticipé,Taux de réachat à 90 jours,2011-12-10
17594,86,2,993.18,1,Acheteurs réguliers,-0.31338992875202365,0.4147932449543479,Entretenir la relation et développer les achats,Tester des recommandations adaptées à l'historique d'achat,Nombre de commandes par client sur 90 jours,2011-12-10
17595,13,2,386.69,0,Occasionnels récents,-0.043854672292368085,-1.1152387813705977,Encourager un achat supplémentaire,Tester une relance après achat avec des produits complémentaires,Taux de nouvel achat à 60 jours,2011-12-10
17596,24,7,2806.69,3,Champions,1.5547827930376337,0.3586151768635672,Maintenir une relation durable,Tester des avantages de fidélité et un accès anticipé,Taux de réachat à 90 jours,2011-12-10
17597,214,1,2044.3700000000001,2,Occasionnels en sommeil,-0.6926778281413176,1.1095539848607276,Réactiver les clients,Tester une campagne de retour avec une offre ciblée,Taux de réactivation à 60 jours,2011-12-10
17600,18,1,161.67000000000002,0,Occasionnels récents,-0.9420710631622661,-1.3884016757412525,Encourager un achat supplémentaire,Tester une relance après achat avec des produits complémentaires,Taux de nouvel achat à 60 jours,2011-12-10
17601,240,1,116.00999999999999,2,Occasionnels en sommeil,-2.0939958893245674,0.14301694452506725,Réactiver les clients,Tester une campagne de retour avec une offre ciblée,Taux de réactivation à 60 jours,2011-12-10
17602,3,6,5054.42,3,Champions,2.43114597494848,-0.6699510494797146,Maintenir une relation durable,Tester des avantages de fidélité et un accès anticipé,Taux de réachat à 90 jours,2011-12-10
17603,79,1,394.72,2,Occasionnels en sommeil,-1.0840333917204805,-0.13057614832125772,Réactiver les clients,Tester une campagne de retour avec une offre ciblée,Taux de réactivation à 60 jours,2011-12-10
17604,218,2,309.36,2,Occasionnels en sommeil,-1.2272261241849567,0.591378100411403,Réactiver les clients,Tester une campagne de retour avec une offre ciblée,Taux de réactivation à 60 jours,2011-12-10
17608,34,2,191.99,0,Occasionnels récents,-0.7337511654143787,-0.7733849808467708,Encourager un achat supplémentaire,Tester une relance après achat avec des produits complémentaires,Taux de nouvel achat à 60 jours,2011-12-10
17609,41,5,1105.78,1,Acheteurs réguliers,0.649850712240106,0.24670783704300214,Entretenir la relation et développer les achats,Tester des recommandations adaptées à l'historique d'achat,Nombre de commandes par client sur 90 jours,2011-12-10
17611,8,15,3961.12,3,Champions,2.745460952949445,0.08606429592511793,Maintenir une relation durable,Tester des avantages de fidélité et un accès anticipé,Taux de réachat à 90 jours,2011-12-10
17612,54,6,2048.45,1,Acheteurs réguliers,0.9757093214523398,0.7053225137955355,Entretenir la relation et développer les achats,Tester des recommandations adaptées à l'historique d'achat,Nombre de commandes par client sur 90 jours,2011-12-10
17613,23,14,4544.55,3,Champions,2.367778805998281,0.7487944792008113,Maintenir une relation durable,Tester des avantages de fidélité et un accès anticipé,Taux de réachat à 90 jours,2011-12-10
17614,58,1,386.32,2,Occasionnels en sommeil,-0.9748600076472189,-0.336302594418882,Réactiver les clients,Tester une campagne de retour avec une offre ciblée,Taux de réactivation à 60 jours,2011-12-10
17615,131,3,329.6,2,Occasionnels en sommeil,-0.7386357589905951,0.39578122247297637,Réactiver les clients,Tester une campagne de retour avec une offre ciblée,Taux de réactivation à 60 jours,2011-12-10
17616,174,3,571.1999999999999,2,Occasionnels en sommeil,-0.5890534550497319,0.7786250710013946,Réactiver les clients,Tester une campagne de retour avec une offre ciblée,Taux de réactivation à 60 jours,2011-12-10
17618,6,3,930.28,0,Occasionnels récents,0.9035500543225097,-1.1365075453390352,Encourager un achat supplémentaire,Tester une relance après achat avec des produits complémentaires,Taux de nouvel achat à 60 jours,2011-12-10
17619,313,1,214.37,2,Occasionnels en sommeil,-1.9084292856023302,0.536936354981276,Réactiver les clients,Tester une campagne de retour avec une offre ciblée,Taux de réactivation à 60 jours,2011-12-10
17620,60,1,81.44,2,Occasionnels en sommeil,-1.7215189275476552,-0.8774343912390531,Réactiver les clients,Tester une campagne de retour avec une offre ciblée,Taux de réactivation à 60 jours,2011-12-10
17621,22,3,1379.9,1,Acheteurs réguliers,0.6240662123080719,-0.21996726129929026,Entretenir la relation et développer les achats,Tester des recommandations adaptées à l'historique d'achat,Nombre de commandes par client sur 90 jours,2011-12-10
17623,33,1,527.0500000000001,0,Occasionnels récents,-0.611865276117641,-0.5818310470684693,Encourager un achat supplémentaire,Tester une relance après achat avec des produits complémentaires,Taux de nouvel achat à 60 jours,2011-12-10
17624,15,2,843.48,0,Occasionnels récents,0.2729381323706408,-0.7452498479025215,Encourager un achat supplémentaire,Tester une relance après achat avec des produits complémentaires,Taux de nouvel achat à 60 jours,2011-12-10
17625,19,4,2020.4,1,Acheteurs réguliers,1.0613497767321356,-0.08648866253431929,Entretenir la relation et développer les achats,Tester des recommandations adaptées à l'historique d'achat,Nombre de commandes par client sur 90 jours,2011-12-10
17628,82,1,75.75,2,Occasionnels en sommeil,-1.8761383380247925,-0.7032672747803779,Réactiver les clients,Tester une campagne de retour avec une offre ciblée,Taux de réactivation à 60 jours,2011-12-10
17629,6,8,1814.12,3,Champions,1.9534329210617651,-0.5822612518127784,Maintenir une relation durable,Tester des avantages de fidélité et un accès anticipé,Taux de réachat à 90 jours,2011-12-10
17630,170,2,503.59999999999997,2,Occasionnels en sommeil,-0.8998012385392887,0.6073586591071721,Réactiver les clients,Tester une campagne de retour avec une offre ciblée,Taux de réactivation à 60 jours,2011-12-10
17631,2,3,528.33,0,Occasionnels récents,0.9677851159181896,-1.8927665889563858,Encourager un achat supplémentaire,Tester une relance après achat avec des produits complémentaires,Taux de nouvel achat à 60 jours,2011-12-10
17633,32,4,1324.84,1,Acheteurs réguliers,0.6650984815541514,0.0856082542319195,Entretenir la relation et développer les achats,Tester des recommandations adaptées à l'historique d'achat,Nombre de commandes par client sur 90 jours,2011-12-10
17634,37,9,2358.59,1,Acheteurs réguliers,1.510050964683464,0.6532472159870414,Entretenir la relation et développer les achats,Tester des recommandations adaptées à l'historique d'achat,Nombre de commandes par client sur 90 jours,2011-12-10
17636,20,1,285.56,0,Occasionnels récents,-0.712825313434032,-1.1173769661199229,Encourager un achat supplémentaire,Tester une relance après achat avec des produits complémentaires,Taux de nouvel achat à 60 jours,2011-12-10
17637,32,2,547.0600000000001,0,Occasionnels récents,-0.21579800091749732,-0.43195984807005705,Encourager un achat supplémentaire,Tester une relance après achat avec des produits complémentaires,Taux de nouvel achat à 60 jours,2011-12-10
17639,277,1,108.5,2,Occasionnels en sommeil,-2.181429303724893,0.2117245324226133,Réactiver les clients,Tester une campagne de retour avec une offre ciblée,Taux de réactivation à 60 jours,2011-12-10
17640,87,1,621.66,2,Occasionnels en sommeil,-0.9064625379114484,0.09626634533471022,Réactiver les clients,Tester une campagne de retour avec une offre ciblée,Taux de réactivation à 60 jours,2011-12-10
17642,120,2,712.29,2,Occasionnels en sommeil,-0.6001209707097015,0.5084419276771104,Réactiver les clients,Tester une campagne de retour avec une offre ciblée,Taux de réactivation à 60 jours,2011-12-10
17643,374,1,101.55,2,Occasionnels en sommeil,-2.3298356463752103,0.38242328184770735,Réactiver les clients,Tester une campagne de retour avec une offre ciblée,Taux de réactivation à 60 jours,2011-12-10
17644,2,11,2895.64,3,Champions,2.76735327736655,-0.8524906113450168,Maintenir une relation durable,Tester des avantages de fidélité et un accès anticipé,Taux de réachat à 90 jours,2011-12-10
17646,220,3,1008.39,1,Acheteurs réguliers,-0.41139449896721486,1.1367971602061446,Entretenir la relation et développer les achats,Tester des recommandations adaptées à l'historique d'achat,Nombre de commandes par client sur 90 jours,2011-12-10
17647,66,1,133.06,2,Occasionnels en sommeil,-1.5277531394822128,-0.6395853133737308,Réactiver les clients,Tester une campagne de retour avec une offre ciblée,Taux de réactivation à 60 jours,2011-12-10
17648,61,4,1797.5,1,Acheteurs réguliers,0.5624910681002037,0.606436109578998,Entretenir la relation et développer les achats,Tester des recommandations adaptées à l'historique d'achat,Nombre de commandes par client sur 90 jours,2011-12-10
17649,139,1,868.49,2,Occasionnels en sommeil,-0.9301292263605342,0.5195321567629123,Réactiver les clients,Tester une campagne de retour avec une offre ciblée,Taux de réactivation à 60 jours,2011-12-10
17650,22,1,166.08,0,Occasionnels récents,-1.004273375764125,-1.2544831620319583,Encourager un achat supplémentaire,Tester une relance après achat avec des produits complémentaires,Taux de nouvel achat à 60 jours,2011-12-10
17651,12,10,3945.0,3,Champions,2.260496963802253,0.1796805135498211,Maintenir une relation durable,Tester des avantages de fidélité et un accès anticipé,Taux de réachat à 90 jours,2011-12-10
17652,26,12,4867.72,3,Champions,2.224748203118896,0.795371135880774,Maintenir une relation durable,Tester des avantages de fidélité et un accès anticipé,Taux de réachat à 90 jours,2011-12-10
17653,37,4,1207.56,1,Acheteurs réguliers,0.5658877968902906,0.1436209496117012,Entretenir la relation et développer les achats,Tester des recommandations adaptées à l'historique d'achat,Nombre de commandes par client sur 90 jours,2011-12-10
17654,278,1,117.55,2,Occasionnels en sommeil,-2.1451844740293478,0.24294471249969485,Réactiver les clients,Tester une campagne de retour avec une offre ciblée,Taux de réactivation à 60 jours,2011-12-10
17655,11,7,2638.94,3,Champions,1.8132565383771093,-0.14088359795981145,Maintenir une relation durable,Tester des avantages de fidélité et un accès anticipé,Taux de réachat à 90 jours,2011-12-10
17656,74,5,1674.69,1,Acheteurs réguliers,0.6192494472288445,0.7744734383273022,Entretenir la relation et développer les achats,Tester des recommandations adaptées à l'historique d'achat,Nombre de commandes par client sur 90 jours,2011-12-10
17658,26,2,595.42,0,Occasionnels récents,-0.09704968216993584,-0.5316387004078359,Encourager un achat supplémentaire,Tester une relance après achat avec des produits complémentaires,Taux de nouvel achat à 60 jours,2011-12-10
17659,18,12,2999.46,3,Champions,2.132962261937486,0.3908749603438227,Maintenir une relation durable,Tester des avantages de fidélité et un accès anticipé,Taux de réachat à 90 jours,2011-12-10
17660,142,1,178.75,2,Occasionnels en sommeil,-1.6858579168249157,-0.04009401246227701,Réactiver les clients,Tester une campagne de retour avec une offre ciblée,Taux de réactivation à 60 jours,2011-12-10
17663,26,7,1802.91,1,Acheteurs réguliers,1.3148517090581562,0.24771179028703083,Entretenir la relation et développer les achats,Tester des recommandations adaptées à l'historique d'achat,Nombre de commandes par client sur 90 jours,2011-12-10
17664,19,2,604.64,0,Occasionnels récents,0.027852020451131287,-0.721130116735195,Encourager un achat supplémentaire,Tester une relance après achat avec des produits complémentaires,Taux de nouvel achat à 60 jours,2011-12-10
17666,4,2,728.16,0,Occasionnels récents,0.6592246201576579,-1.5547222767890263,Encourager un achat supplémentaire,Tester une relance après achat avec des produits complémentaires,Taux de nouvel achat à 60 jours,2011-12-10
17667,67,5,2055.51,1,Acheteurs réguliers,0.7547520736930035,0.7852774793967742,Entretenir la relation et développer les achats,Tester des recommandations adaptées à l'historique d'achat,Nombre de commandes par client sur 90 jours,2011-12-10
17668,2,2,347.75,0,Occasionnels récents,0.5097440074861842,-2.1550513356830945,Encourager un achat supplémentaire,Tester une relance après achat avec des produits complémentaires,Taux de nouvel achat à 60 jours,2011-12-10
17669,43,7,3406.7200000000003,1,Acheteurs réguliers,1.4250379481781772,0.7965295176840911,Entretenir la relation et développer les achats,Tester des recommandations adaptées à l'historique d'achat,Nombre de commandes par client sur 90 jours,2011-12-10
17670,228,1,205.7,2,Occasionnels en sommeil,-1.804182236348001,0.3167997981225059,Réactiver les clients,Tester une campagne de retour avec une offre ciblée,Taux de réactivation à 60 jours,2011-12-10
17671,16,4,1572.71,1,Acheteurs réguliers,1.0063450850482785,-0.2831966793678327,Entretenir la relation et développer les achats,Tester des recommandations adaptées à l'historique d'achat,Nombre de commandes par client sur 90 jours,2011-12-10
17672,51,2,3178.17,1,Acheteurs réguliers,0.4395128848328101,0.5031092976488887,Entretenir la relation et développer les achats,Tester des recommandations adaptées à l'historique d'achat,Nombre de commandes par client sur 90 jours,2011-12-10
17673,2,6,1594.97,3,Champions,1.997222087045522,-1.2763545880091889,Maintenir une relation durable,Tester des avantages de fidélité et un accès anticipé,Taux de réachat à 90 jours,2011-12-10
17674,75,2,551.04,2,Occasionnels en sommeil,-0.5393474813202948,0.11292932855021813,Réactiver les clients,Tester une campagne de retour avec une offre ciblée,Taux de réactivation à 60 jours,2011-12-10
17675,2,31,20374.28,3,Champions,4.579437583228752,0.23387406094453728,Maintenir une relation durable,Tester des avantages de fidélité et un accès anticipé,Taux de réachat à 90 jours,2011-12-10
17676,5,6,1371.18,3,Champions,1.653903738633684,-0.8807573909524572,Maintenir une relation durable,Tester des avantages de fidélité et un accès anticipé,Taux de réachat à 90 jours,2011-12-10
17677,2,30,16345.38,3,Champions,4.4462594969169755,0.1415369033952351,Maintenir une relation durable,Tester des avantages de fidélité et un accès anticipé,Taux de réachat à 90 jours,2011-12-10
17678,264,1,298.11,2,Occasionnels en sommeil,-1.6861929305067638,0.5461312777617717,Réactiver les clients,Tester une campagne de retour avec une offre ciblée,Taux de réactivation à 60 jours,2011-12-10
17679,53,2,1992.1100000000001,1,Acheteurs réguliers,0.20332928053690255,0.35779318059208975,Entretenir la relation et développer les achats,Tester des recommandations adaptées à l'historique d'achat,Nombre de commandes par client sur 90 jours,2011-12-10
17680,24,1,184.4,0,Occasionnels récents,-0.9876236097558627,-1.1624375307261754,Encourager un achat supplémentaire,Tester une relance après achat avec des produits complémentaires,Taux de nouvel achat à 60 jours,2011-12-10
17682,11,6,2474.33,3,Champions,1.661954641042023,-0.21559510494951986,Maintenir une relation durable,Tester des avantages de fidélité et un accès anticipé,Taux de réachat à 90 jours,2011-12-10
17684,44,1,239.41,0,Occasionnels récents,-1.094812527687184,-0.6858533374006263,Encourager un achat supplémentaire,Tester une relance après achat avec des produits complémentaires,Taux de nouvel achat à 60 jours,2011-12-10
17685,17,7,3155.83,3,Champions,1.7391152464161515,0.1877182989391664,Maintenir une relation durable,Tester des avantages de fidélité et un accès anticipé,Taux de réachat à 90 jours,2011-12-10
17686,8,7,5739.46,3,Champions,2.2943255851033806,-0.04531861979996635,Maintenir une relation durable,Tester des avantages de fidélité et un accès anticipé,Taux de réachat à 90 jours,2011-12-10
17690,31,15,4726.8,3,Champions,2.332032397536202,0.9748816213448909,Maintenir une relation durable,Tester des avantages de fidélité et un accès anticipé,Taux de réachat à 90 jours,2011-12-10
17691,359,2,290.40000000000003,2,Occasionnels en sommeil,-1.4519296112503408,0.8915253439873401,Réactiver les clients,Tester une campagne de retour avec une offre ciblée,Taux de réactivation à 60 jours,2011-12-10
17692,128,4,740.9399999999999,1,Acheteurs réguliers,-0.14451644031747804,0.7605991532207856,Entretenir la relation et développer les achats,Tester des recommandations adaptées à l'historique d'achat,Nombre de commandes par client sur 90 jours,2011-12-10
17693,138,1,200.47,2,Occasionnels en sommeil,-1.620650120409101,-0.01704005430647114,Réactiver les clients,Tester une campagne de retour avec une offre ciblée,Taux de réactivation à 60 jours,2011-12-10
17694,142,1,283.12,2,Occasionnels en sommeil,-1.4687788963688062,0.126445675689188,Réactiver les clients,Tester une campagne de retour avec une offre ciblée,Taux de réactivation à 60 jours,2011-12-10
17695,132,2,765.34,2,Occasionnels en sommeil,-0.6031694662883911,0.5960014773910788,Réactiver les clients,Tester une campagne de retour avec une offre ciblée,Taux de réactivation à 60 jours,2011-12-10
17696,39,8,2285.71,1,Acheteurs réguliers,1.3797750304061807,0.6347051380338681,Entretenir la relation et développer les achats,Tester des recommandations adaptées à l'historique d'achat,Nombre de commandes par client sur 90 jours,2011-12-10
17697,237,1,338.95,2,Occasionnels en sommeil,-1.5833887597268679,0.5228379775324501,Réactiver les clients,Tester une campagne de retour avec une offre ciblée,Taux de réactivation à 60 jours,2011-12-10
17698,261,1,154.95,2,Occasionnels en sommeil,-1.9905315557196164,0.301823159823484,Réactiver les clients,Tester une campagne de retour avec une offre ciblée,Taux de réactivation à 60 jours,2011-12-10
17700,17,4,2534.64,1,Acheteurs réguliers,1.2101148810646911,-0.07252623456175597,Entretenir la relation et développer les achats,Tester des recommandations adaptées à l'historique d'achat,Nombre de commandes par client sur 90 jours,2011-12-10
17701,253,1,417.95,2,Occasionnels en sommeil,-1.509816205773929,0.6411386758248923,Réactiver les clients,Tester une campagne de retour avec une offre ciblée,Taux de réactivation à 60 jours,2011-12-10
17702,31,4,1824.37,1,Acheteurs réguliers,0.8287620438484604,0.18191333146730818,Entretenir la relation et développer les achats,Tester des recommandations adaptées à l'historique d'achat,Nombre de commandes par client sur 90 jours,2011-12-10
17703,36,3,798.74,1,Acheteurs réguliers,0.17873920920226793,-0.10962262369964383,Entretenir la relation et développer les achats,Tester des recommandations adaptées à l'historique d'achat,Nombre de commandes par client sur 90 jours,2011-12-10
17704,169,2,885.19,2,Occasionnels en sommeil,-0.6304786600511322,0.8084027421560663,Réactiver les clients,Tester une campagne de retour avec une offre ciblée,Taux de réactivation à 60 jours,2011-12-10
17705,4,9,1823.52,3,Champions,2.1830599541357163,-0.7586225739740822,Maintenir une relation durable,Tester des avantages de fidélité et un accès anticipé,Taux de réachat à 90 jours,2011-12-10
17706,5,17,10504.49,3,Champions,3.473267423514156,0.22245777665752228,Maintenir une relation durable,Tester des avantages de fidélité et un accès anticipé,Taux de réachat à 90 jours,2011-12-10
17707,186,2,152.4,2,Occasionnels en sommeil,-1.499435946641167,0.2323649308539961,Réactiver les clients,Tester une campagne de retour avec une offre ciblée,Taux de réactivation à 60 jours,2011-12-10
17708,188,2,263.33,2,Occasionnels en sommeil,-1.2455983834184727,0.4372192979656245,Réactiver les clients,Tester une campagne de retour avec une offre ciblée,Taux de réactivation à 60 jours,2011-12-10
17709,170,1,137.45,2,Occasionnels en sommeil,-1.8797271759774,-0.018821606405183638,Réactiver les clients,Tester une campagne de retour avec une offre ciblée,Taux de réactivation à 60 jours,2011-12-10
17711,11,2,385.1,0,Occasionnels récents,0.01461712109684128,-1.216933558367205,Encourager un achat supplémentaire,Tester une relance après achat avec des produits complémentaires,Taux de nouvel achat à 60 jours,2011-12-10
17712,45,1,522.91,0,Occasionnels récents,-0.7340783038506179,-0.38820789814481177,Encourager un achat supplémentaire,Tester une relance après achat avec des produits complémentaires,Taux de nouvel achat à 60 jours,2011-12-10
17714,321,1,153.0,2,Occasionnels en sommeil,-2.0773218928733943,0.43128317464330823,Réactiver les clients,Tester une campagne de retour avec une offre ciblée,Taux de réactivation à 60 jours,2011-12-10
17715,201,1,326.4,2,Occasionnels en sommeil,-1.5369422074427104,0.4025508895953874,Réactiver les clients,Tester une campagne de retour avec une offre ciblée,Taux de réactivation à 60 jours,2011-12-10
17716,23,11,5655.99,3,Champions,2.269668910174272,0.7426508634170489,Maintenir une relation durable,Tester des avantages de fidélité et un accès anticipé,Taux de réachat à 90 jours,2011-12-10
17718,233,1,139.35,2,Occasionnels en sommeil,-1.996204660682765,0.19001775545141997,Réactiver les clients,Tester une campagne de retour avec une offre ciblée,Taux de réactivation à 60 jours,2011-12-10
17719,38,15,5396.04,3,Champions,2.3172660657907755,1.1516291159411882,Maintenir une relation durable,Tester des avantages de fidélité et un accès anticipé,Taux de réachat à 90 jours,2011-12-10
17720,27,4,1195.94,1,Acheteurs réguliers,0.6810032757695094,-0.05839528706041182,Entretenir la relation et développer les achats,Tester des recommandations adaptées à l'historique d'achat,Nombre de commandes par client sur 90 jours,2011-12-10
17722,97,4,2424.04,1,Acheteurs réguliers,0.5247608467760263,1.0127590749690096,Entretenir la relation et développer les achats,Tester des recommandations adaptées à l'historique d'achat,Nombre de commandes par client sur 90 jours,2011-12-10
17723,128,6,3276.4000000000005,1,Acheteurs réguliers,0.8641769743402316,1.4302218048740352,Entretenir la relation et développer les achats,Tester des recommandations adaptées à l'historique d'achat,Nombre de commandes par client sur 90 jours,2011-12-10
17724,72,3,1033.0,1,Acheteurs réguliers,0.03419864784113395,0.4255387324336874,Entretenir la relation et développer les achats,Tester des recommandations adaptées à l'historique d'achat,Nombre de commandes par client sur 90 jours,2011-12-10
17725,17,11,3439.08,3,Champions,2.146587907220056,0.37472120879719845,Maintenir une relation durable,Tester des avantages de fidélité et un accès anticipé,Taux de réachat à 90 jours,2011-12-10
17727,16,1,1060.25,0,Occasionnels récents,-0.009220806529018848,-0.7784772296072292,Encourager un achat supplémentaire,Tester une relance après achat avec des produits complémentaires,Taux de nouvel achat à 60 jours,2011-12-10
17728,4,3,2876.01,3,Champions,1.5702462848818093,-0.9449178092479154,Maintenir une relation durable,Tester des avantages de fidélité et un accès anticipé,Taux de réachat à 90 jours,2011-12-10
17730,4,13,5298.4800000000005,3,Champions,2.9929689329749225,-0.24150428631243248,Maintenir une relation durable,Tester des avantages de fidélité et un accès anticipé,Taux de réachat à 90 jours,2011-12-10
17731,80,4,1240.11,1,Acheteurs réguliers,0.28183158708196815,0.6452587599176933,Entretenir la relation et développer les achats,Tester des recommandations adaptées à l'historique d'achat,Nombre de commandes par client sur 90 jours,2011-12-10
17732,373,1,303.97,2,Occasionnels en sommeil,-1.8120327301226427,0.7771350933179547,Réactiver les clients,Tester une campagne de retour avec une offre ciblée,Taux de réactivation à 60 jours,2011-12-10
17733,39,2,692.19,0,Occasionnels récents,-0.1798128914160189,-0.22146168805341215,Encourager un achat supplémentaire,Tester une relance après achat avec des produits complémentaires,Taux de nouvel achat à 60 jours,2011-12-10
17734,54,3,700.63,1,Acheteurs réguliers,-0.038695081517541884,0.10044326809938602,Entretenir la relation et développer les achats,Tester des recommandations adaptées à l'historique d'achat,Nombre de commandes par client sur 90 jours,2011-12-10
17735,3,19,13110.02,3,Champions,3.832537435566329,0.07996396422809647,Maintenir une relation durable,Tester des avantages de fidélité et un accès anticipé,Taux de réachat à 90 jours,2011-12-10
17736,10,3,377.44,0,Occasionnels récents,0.2994200942193743,-1.1702775099177127,Encourager un achat supplémentaire,Tester une relance après achat avec des produits complémentaires,Taux de nouvel achat à 60 jours,2011-12-10
17737,10,2,168.24,0,Occasionnels récents,-0.34234529088350535,-1.5735126980013612,Encourager un achat supplémentaire,Tester une relance après achat avec des produits complémentaires,Taux de nouvel achat à 60 jours,2011-12-10
17738,20,4,1879.05,1,Acheteurs réguliers,1.0078542301850462,-0.08114405910443058,Entretenir la relation et développer les achats,Tester des recommandations adaptées à l'historique d'achat,Nombre de commandes par client sur 90 jours,2011-12-10
17739,12,7,2791.35,3,Champions,1.8084959391081186,-0.06843801496686246,Maintenir une relation durable,Tester des avantages de fidélité et un accès anticipé,Taux de réachat à 90 jours,2011-12-10
17742,114,2,355.11,2,Occasionnels en sommeil,-0.9095528120479518,0.22269868997124534,Réactiver les clients,Tester une campagne de retour avec une offre ciblée,Taux de réactivation à 60 jours,2011-12-10
17744,4,6,2322.4,3,Champions,1.9750668570018135,-0.8077019097314582,Maintenir une relation durable,Tester des avantages de fidélité et un accès anticipé,Taux de réachat à 90 jours,2011-12-10
17746,241,1,110.25,2,Occasionnels en sommeil,-2.1195536437364297,0.12734614384848894,Réactiver les clients,Tester une campagne de retour avec une offre ciblée,Taux de réactivation à 60 jours,2011-12-10
17747,113,1,71.4,2,Occasionnels en sommeil,-2.02819398803559,-0.5182050193873039,Réactiver les clients,Tester une campagne de retour avec une offre ciblée,Taux de réactivation à 60 jours,2011-12-10
17749,179,2,674.52,2,Occasionnels en sommeil,-0.7815890863957567,0.7468145346108018,Réactiver les clients,Tester une campagne de retour avec une offre ciblée,Taux de réactivation à 60 jours,2011-12-10
17750,6,9,1710.45,3,Champions,2.020843365156757,-0.5631832825201857,Maintenir une relation durable,Tester des avantages de fidélité et un accès anticipé,Taux de réachat à 90 jours,2011-12-10
17752,360,1,80.64,2,Occasionnels en sommeil,-2.423042962562327,0.2747431743476189,Réactiver les clients,Tester une campagne de retour avec une offre ciblée,Taux de réactivation à 60 jours,2011-12-10
17754,1,5,1664.65,3,Champions,2.0369843247630346,-1.5835791982794347,Maintenir une relation durable,Tester des avantages de fidélité et un accès anticipé,Taux de réachat à 90 jours,2011-12-10
17757,2,30,5593.39,3,Champions,3.9378580469900926,-0.24850087523798256,Maintenir une relation durable,Tester des avantages de fidélité et un accès anticipé,Taux de réachat à 90 jours,2011-12-10
17758,20,8,3408.2000000000003,3,Champions,1.821692431195046,0.36113718312118276,Maintenir une relation durable,Tester des avantages de fidélité et un accès anticipé,Taux de réachat à 90 jours,2011-12-10
17759,18,3,819.96,0,Occasionnels récents,0.45238686941292816,-0.5333161865194675,Encourager un achat supplémentaire,Tester une relance après achat avec des produits complémentaires,Taux de nouvel achat à 60 jours,2011-12-10
17760,22,2,287.59,0,Occasionnels récents,-0.3784044160453731,-0.8999299682345043,Encourager un achat supplémentaire,Tester une relance après achat avec des produits complémentaires,Taux de nouvel achat à 60 jours,2011-12-10
17761,33,1,712.78,0,Occasionnels récents,-0.46896474953652967,-0.4721999593498375,Encourager un achat supplémentaire,Tester une relance après achat avec des produits complémentaires,Taux de nouvel achat à 60 jours,2011-12-10
17763,264,1,15.0,2,Occasionnels en sommeil,-3.0746037907052717,-0.5190361953442597,Réactiver les clients,Tester une campagne de retour avec une offre ciblée,Taux de réactivation à 60 jours,2011-12-10
17764,51,2,772.55,1,Acheteurs réguliers,-0.23064081443969592,-0.011022320670990609,Entretenir la relation et développer les achats,Tester des recommandations adaptées à l'historique d'achat,Nombre de commandes par client sur 90 jours,2011-12-10
17765,159,3,367.63,2,Occasionnels en sommeil,-0.7624099449993634,0.5604329694299126,Réactiver les clients,Tester une campagne de retour avec une offre ciblée,Taux de réactivation à 60 jours,2011-12-10
17767,16,1,271.2,0,Occasionnels récents,-0.6543776715243493,-1.2734316608523384,Encourager un achat supplémentaire,Tester une relance après achat avec des produits complémentaires,Taux de nouvel achat à 60 jours,2011-12-10
17768,9,3,2081.9,1,Acheteurs réguliers,1.145417432096867,-0.6118542183906363,Entretenir la relation et développer les achats,Tester des recommandations adaptées à l'historique d'achat,Nombre de commandes par client sur 90 jours,2011-12-10
17769,13,10,3957.43,3,Champions,2.2329410864937747,0.22899566462375637,Maintenir une relation durable,Tester des avantages de fidélité et un accès anticipé,Taux de réachat à 90 jours,2011-12-10
17770,199,5,1143.27,1,Acheteurs réguliers,0.0539393524654703,1.2732657802470195,Entretenir la relation et développer les achats,Tester des recommandations adaptées à l'historique d'achat,Nombre de commandes par client sur 90 jours,2011-12-10
17771,57,2,245.81,2,Occasionnels en sommeil,-0.8150953325736058,-0.3555893866152372,Réactiver les clients,Tester une campagne de retour avec une offre ciblée,Taux de réactivation à 60 jours,2011-12-10
17772,11,2,173.45,0,Occasionnels récents,-0.362073644669063,-1.5059249244069934,Encourager un achat supplémentaire,Tester une relance après achat avec des produits complémentaires,Taux de nouvel achat à 60 jours,2011-12-10
17774,97,4,1213.73,1,Acheteurs réguliers,0.19696993224961776,0.7612829232459599,Entretenir la relation et développer les achats,Tester des recommandations adaptées à l'historique d'achat,Nombre de commandes par client sur 90 jours,2011-12-10
17775,255,1,56.4,2,Occasionnels en sommeil,-2.455357776783212,-0.07680965492767855,Réactiver les clients,Tester une campagne de retour avec une offre ciblée,Taux de réactivation à 60 jours,2011-12-10
17777,25,3,647.56,0,Occasionnels récents,0.2176806245487234,-0.41518011236895735,Encourager un achat supplémentaire,Tester une relance après achat avec des produits complémentaires,Taux de nouvel achat à 60 jours,2011-12-10
17779,22,3,650.32,0,Occasionnels récents,0.2677489066566012,-0.49332842186415515,Encourager un achat supplémentaire,Tester une relance après achat avec des produits complémentaires,Taux de nouvel achat à 60 jours,2011-12-10
17781,160,2,188.02,2,Occasionnels en sommeil,-1.3417544125499177,0.2110096300527337,Réactiver les clients,Tester une campagne de retour avec une offre ciblée,Taux de réactivation à 60 jours,2011-12-10
17783,73,2,283.47,2,Occasionnels en sommeil,-0.8432513376605512,-0.14557495469705842,Réactiver les clients,Tester une campagne de retour avec une offre ciblée,Taux de réactivation à 60 jours,2011-12-10
17785,54,1,131.94,2,Occasionnels en sommeil,-1.4543747028818637,-0.770923174599906,Réactiver les clients,Tester une campagne de retour avec une offre ciblée,Taux de réactivation à 60 jours,2011-12-10
17786,86,2,266.85,2,Occasionnels en sommeil,-0.9352308073607302,-0.06227351988424529,Réactiver les clients,Tester une campagne de retour avec une offre ciblée,Taux de réactivation à 60 jours,2011-12-10
17787,153,4,1817.54,1,Acheteurs réguliers,0.21113585548595698,1.201860057619251,Entretenir la relation et développer les achats,Tester des recommandations adaptées à l'historique d'achat,Nombre de commandes par client sur 90 jours,2011-12-10
17788,74,2,1117.9,1,Acheteurs réguliers,-0.19917946996004135,0.3613085565740187,Entretenir la relation et développer les achats,Tester des recommandations adaptées à l'historique d'achat,Nombre de commandes par client sur 90 jours,2011-12-10
17789,282,1,225.9,2,Occasionnels en sommeil,-1.8429592075561694,0.48834083699294906,Réactiver les clients,Tester une campagne de retour avec une offre ciblée,Taux de réactivation à 60 jours,2011-12-10
17790,27,14,1964.3,3,Champions,1.9097835375231713,0.5439809864890237,Maintenir une relation durable,Tester des avantages de fidélité et un accès anticipé,Taux de réachat à 90 jours,2011-12-10
17791,30,1,106.1,0,Occasionnels récents,-1.332127903761194,-1.2222262108764796,Encourager un achat supplémentaire,Tester une relance après achat avec des produits complémentaires,Taux de nouvel achat à 60 jours,2011-12-10
17793,26,1,300.34,0,Occasionnels récents,-0.7874841616626712,-0.9357255686520591,Encourager un achat supplémentaire,Tester une relance après achat avec des produits complémentaires,Taux de nouvel achat à 60 jours,2011-12-10
17795,180,2,342.83,2,Occasionnels en sommeil,-1.1039695180940308,0.504756357426964,Réactiver les clients,Tester une campagne de retour avec une offre ciblée,Taux de réactivation à 60 jours,2011-12-10
17796,41,4,690.0,1,Acheteurs réguliers,0.2615893585655416,0.005318758334581356,Entretenir la relation et développer les achats,Tester des recommandations adaptées à l'historique d'achat,Nombre de commandes par client sur 90 jours,2011-12-10
17797,23,3,780.43,0,Occasionnels récents,0.3374213494873355,-0.39941471010685464,Encourager un achat supplémentaire,Tester une relance après achat avec des produits complémentaires,Taux de nouvel achat à 60 jours,2011-12-10
17799,23,10,3039.17,3,Champions,1.8965340619517508,0.4833416849145197,Maintenir une relation durable,Tester des avantages de fidélité et un accès anticipé,Taux de réachat à 90 jours,2011-12-10
17800,38,9,1187.21,1,Acheteurs réguliers,1.1745852694426324,0.4205783875896307,Entretenir la relation et développer les achats,Tester des recommandations adaptées à l'historique d'achat,Nombre de commandes par client sur 90 jours,2011-12-10
17802,83,3,1285.04,1,Acheteurs réguliers,0.08261195542522097,0.5961205912225699,Entretenir la relation et développer les achats,Tester des recommandations adaptées à l'historique d'achat,Nombre de commandes par client sur 90 jours,2011-12-10
17805,74,1,512.31,2,Occasionnels en sommeil,-0.9353765625443623,-0.07788668509687424,Réactiver les clients,Tester une campagne de retour avec une offre ciblée,Taux de réactivation à 60 jours,2011-12-10
17806,12,1,546.04,0,Occasionnels récents,-0.21828173613091217,-1.1939082876053668,Encourager un achat supplémentaire,Tester une relance après achat avec des produits complémentaires,Taux de nouvel achat à 60 jours,2011-12-10
17809,17,12,5411.91,3,Champions,2.4339116389173894,0.5703561525444167,Maintenir une relation durable,Tester des avantages de fidélité et un accès anticipé,Taux de réachat à 90 jours,2011-12-10
17811,5,39,7761.82,3,Champions,4.052038762581911,0.41912276046541735,Maintenir une relation durable,Tester des avantages de fidélité et un accès anticipé,Taux de réachat à 90 jours,2011-12-10
17812,13,4,699.81,0,Occasionnels récents,0.6988817407940748,-0.7036649608838416,Encourager un achat supplémentaire,Tester une relance après achat avec des produits complémentaires,Taux de nouvel achat à 60 jours,2011-12-10
17813,15,5,1698.07,1,Acheteurs réguliers,1.231352747596245,-0.2246900900911263,Entretenir la relation et développer les achats,Tester des recommandations adaptées à l'historique d'achat,Nombre de commandes par client sur 90 jours,2011-12-10
17816,37,4,36.56,0,Occasionnels récents,-1.0799960912965882,-1.1190758733988109,Encourager un achat supplémentaire,Tester une relance après achat avec des produits complémentaires,Taux de nouvel achat à 60 jours,2011-12-10
17817,5,3,387.68,0,Occasionnels récents,0.5496582186942569,-1.5545613607967534,Encourager un achat supplémentaire,Tester une relance après achat avec des produits complémentaires,Taux de nouvel achat à 60 jours,2011-12-10
17819,72,7,3704.87,1,Acheteurs réguliers,1.2663711348610174,1.1561213220315654,Entretenir la relation et développer les achats,Tester des recommandations adaptées à l'historique d'achat,Nombre de commandes par client sur 90 jours,2011-12-10
17824,52,1,298.4,2,Occasionnels en sommeil,-1.0549036521194244,-0.4996708345689814,Réactiver les clients,Tester une campagne de retour avec une offre ciblée,Taux de réactivation à 60 jours,2011-12-10
17827,6,5,1987.33,3,Champions,1.6299175841500997,-0.7048533931420656,Maintenir une relation durable,Tester des avantages de fidélité et un accès anticipé,Taux de réachat à 90 jours,2011-12-10
17828,23,4,1820.09,1,Acheteurs réguliers,0.9404078732070202,-0.0059375049783341365,Entretenir la relation et développer les achats,Tester des recommandations adaptées à l'historique d'achat,Nombre de commandes par client sur 90 jours,2011-12-10
17829,299,1,889.24,2,Occasionnels en sommeil,-1.2176726139579406,1.0235116377613982,Réactiver les clients,Tester une campagne de retour avec une offre ciblée,Taux de réactivation à 60 jours,2011-12-10
17830,2,3,398.7,0,Occasionnels récents,0.8345979967775716,-1.9949456997744914,Encourager un achat supplémentaire,Tester une relance après achat avec des produits complémentaires,Taux de nouvel achat à 60 jours,2011-12-10
17831,34,1,35.400000000000006,0,Occasionnels récents,-1.8913938400717867,-1.5359067957802124,Encourager un achat supplémentaire,Tester une relance après achat avec des produits complémentaires,Taux de nouvel achat à 60 jours,2011-12-10
17832,50,1,155.37,2,Occasionnels en sommeil,-1.3478119562331903,-0.7609560725070155,Réactiver les clients,Tester une campagne de retour avec une offre ciblée,Taux de réactivation à 60 jours,2011-12-10
17835,3,3,342.24,0,Occasionnels récents,0.6496337941147198,-1.8633435924792472,Encourager un achat supplémentaire,Tester une relance après achat avec des produits complémentaires,Taux de nouvel achat à 60 jours,2011-12-10
17836,48,1,110.21000000000001,2,Occasionnels en sommeil,-1.4937234553442276,-0.9109308231434209,Réactiver les clients,Tester une campagne de retour avec une offre ciblée,Taux de réactivation à 60 jours,2011-12-10
17837,43,8,1541.23,1,Acheteurs réguliers,1.155657951861115,0.5533788236313709,Entretenir la relation et développer les achats,Tester des recommandations adaptées à l'historique d'achat,Nombre de commandes par client sur 90 jours,2011-12-10
17838,27,5,2720.8,1,Acheteurs réguliers,1.235432050977628,0.31047488357935177,Entretenir la relation et développer les achats,Tester des recommandations adaptées à l'historique d'achat,Nombre de commandes par client sur 90 jours,2011-12-10
17839,43,1,318.15,0,Occasionnels récents,-0.9516707138535561,-0.5974024298437839,Encourager un achat supplémentaire,Tester une relance après achat avec des produits complémentaires,Taux de nouvel achat à 60 jours,2011-12-10
17841,2,124,40519.84,3,Champions,6.137821649850199,1.007346795534606,Maintenir une relation durable,Tester des avantages de fidélité et un accès anticipé,Taux de réachat à 90 jours,2011-12-10
17843,304,1,205.48,2,Occasionnels en sommeil,-1.9170179117450266,0.5026993370228053,Réactiver les clients,Tester une campagne de retour avec une offre ciblée,Taux de réactivation à 60 jours,2011-12-10
17844,107,1,51.559999999999995,2,Occasionnels en sommeil,-2.1588483129493414,-0.6698435538528807,Réactiver les clients,Tester une campagne de retour avec une offre ciblée,Taux de réactivation à 60 jours,2011-12-10
17846,86,1,2033.1,1,Acheteurs réguliers,-0.34068276105012013,0.5194584564458694,Entretenir la relation et développer les achats,Tester des recommandations adaptées à l'historique d'achat,Nombre de commandes par client sur 90 jours,2011-12-10
17848,82,9,901.1999999999999,1,Acheteurs réguliers,0.7479839849671698,0.8113518424563748,Entretenir la relation et développer les achats,Tester des recommandations adaptées à l'historique d'achat,Nombre de commandes par client sur 90 jours,2011-12-10
17849,219,4,605.8000000000001,1,Acheteurs réguliers,-0.4490853237998118,1.0344449080186984,Entretenir la relation et développer les achats,Tester des recommandations adaptées à l'historique d'achat,Nombre de commandes par client sur 90 jours,2011-12-10
17850,373,34,5391.21,3,Champions,2.13872957031661,2.921454585289623,Maintenir une relation durable,Tester des avantages de fidélité et un accès anticipé,Taux de réachat à 90 jours,2011-12-10
17852,12,2,114.34,0,Occasionnels récents,-0.5896274765272779,-1.6044028852908612,Encourager un achat supplémentaire,Tester une relance après achat avec des produits complémentaires,Taux de nouvel achat à 60 jours,2011-12-10
17854,186,2,311.26,2,Occasionnels en sommeil,-1.1624175928237552,0.4909202321822514,Réactiver les clients,Tester une campagne de retour avec une offre ciblée,Taux de réactivation à 60 jours,2011-12-10
17855,373,1,208.97,2,Occasionnels en sommeil,-1.9890078690312265,0.6413624867230355,Réactiver les clients,Tester une campagne de retour avec une offre ciblée,Taux de réactivation à 60 jours,2011-12-10
17856,2,4,1418.03,3,Champions,1.637176934117394,-1.448344262502973,Maintenir une relation durable,Tester des avantages de fidélité et un accès anticipé,Taux de réachat à 90 jours,2011-12-10
17857,5,23,26879.04,3,Champions,4.178922499997174,0.6747081540311598,Maintenir une relation durable,Tester des avantages de fidélité et un accès anticipé,Taux de réachat à 90 jours,2011-12-10
17858,6,12,5140.66,3,Champions,2.7797232358504207,-0.062256780944346175,Maintenir une relation durable,Tester des avantages de fidélité et un accès anticipé,Taux de réachat à 90 jours,2011-12-10
17859,305,1,141.92000000000002,2,Occasionnels en sommeil,-2.092748736454071,0.37099335024799085,Réactiver les clients,Tester une campagne de retour avec une offre ciblée,Taux de réactivation à 60 jours,2011-12-10
17860,369,1,226.45000000000002,2,Occasionnels en sommeil,-1.9468776330107644,0.6634613106472239,Réactiver les clients,Tester une campagne de retour avec une offre ciblée,Taux de réactivation à 60 jours,2011-12-10
17861,4,8,2097.88,3,Champions,2.1541865097517023,-0.7481355493733243,Maintenir une relation durable,Tester des avantages de fidélité et un accès anticipé,Taux de réachat à 90 jours,2011-12-10
17862,324,1,330.9,2,Occasionnels en sommeil,-1.7168674775289865,0.7166348522672834,Réactiver les clients,Tester une campagne de retour avec une offre ciblée,Taux de réactivation à 60 jours,2011-12-10
17863,60,6,3160.0,1,Acheteurs réguliers,1.1405822345455052,0.9302482054642186,Entretenir la relation et développer les achats,Tester des recommandations adaptées à l'historique d'achat,Nombre de commandes par client sur 90 jours,2011-12-10
17864,13,3,554.85,0,Occasionnels récents,0.3871769283628671,-0.8736753138942595,Encourager un achat supplémentaire,Tester une relance après achat avec des produits complémentaires,Taux de nouvel achat à 60 jours,2011-12-10
17865,31,20,10526.32,3,Champions,2.957550166868443,1.3705303705239251,Maintenir une relation durable,Tester des avantages de fidélité et un accès anticipé,Taux de réachat à 90 jours,2011-12-10
17866,143,1,329.65,2,Occasionnels en sommeil,-1.3995992613631059,0.18614445024954226,Réactiver les clients,Tester une campagne de retour avec une offre ciblée,Taux de réactivation à 60 jours,2011-12-10
17867,31,6,1157.8700000000001,1,Acheteurs réguliers,0.9176678207664756,0.14588904389589644,Entretenir la relation et développer les achats,Tester des recommandations adaptées à l'historique d'achat,Nombre de commandes par client sur 90 jours,2011-12-10
17869,108,5,428.18,1,Acheteurs réguliers,-0.17312615649256463,0.5220093244021309,Entretenir la relation et développer les achats,Tester des recommandations adaptées à l'historique d'achat,Nombre de commandes par client sur 90 jours,2011-12-10
17870,3,12,1865.89,3,Champions,2.518708047885756,-0.7945390163544134,Maintenir une relation durable,Tester des avantages de fidélité et un accès anticipé,Taux de réachat à 90 jours,2011-12-10
17871,205,1,155.9,2,Occasionnels en sommeil,-1.8933988039890386,0.14772494456787724,Réactiver les clients,Tester une campagne de retour avec une offre ciblée,Taux de réactivation à 60 jours,2011-12-10
17873,81,5,1848.96,1,Acheteurs réguliers,0.6311864415210973,0.868464737396557,Entretenir la relation et développer les achats,Tester des recommandations adaptées à l'historique d'achat,Nombre de commandes par client sur 90 jours,2011-12-10
17874,186,6,683.46,1,Acheteurs réguliers,-0.023953967590567997,1.1018584545887053,Entretenir la relation et développer les achats,Tester des recommandations adaptées à l'historique d'achat,Nombre de commandes par client sur 90 jours,2011-12-10
17877,171,1,237.61,2,Occasionnels en sommeil,-1.623923861507314,0.18297031117712456,Réactiver les clients,Tester une campagne de retour avec une offre ciblée,Taux de réactivation à 60 jours,2011-12-10
17878,44,1,379.45,0,Occasionnels récents,-0.8771743559193427,-0.5188846769565388,Encourager un achat supplémentaire,Tester une relance après achat avec des produits complémentaires,Taux de nouvel achat à 60 jours,2011-12-10
17879,174,1,178.51999999999998,2,Occasionnels en sommeil,-1.7656172439207434,0.09070461995916074,Réactiver les clients,Tester une campagne de retour avec une offre ciblée,Taux de réactivation à 60 jours,2011-12-10
17880,365,1,458.92,2,Occasionnels en sommeil,-1.608759110670756,0.9125266786530717,Réactiver les clients,Tester une campagne de retour avec une offre ciblée,Taux de réactivation à 60 jours,2011-12-10
17881,305,1,133.35000000000002,2,Occasionnels en sommeil,-2.1220684818006155,0.34849969224071603,Réactiver les clients,Tester une campagne de retour avec une offre ciblée,Taux de réactivation à 60 jours,2011-12-10
17883,4,4,664.34,0,Occasionnels récents,1.077821263466191,-1.3918235058896404,Encourager un achat supplémentaire,Tester une relance après achat avec des produits complémentaires,Taux de nouvel achat à 60 jours,2011-12-10
17884,4,4,695.0699999999999,0,Occasionnels récents,1.0992300127714383,-1.3753990424591467,Encourager un achat supplémentaire,Tester une relance après achat avec des produits complémentaires,Taux de nouvel achat à 60 jours,2011-12-10
17885,13,1,156.34,0,Occasionnels récents,-0.8381707351916275,-1.5990220038219323,Encourager un achat supplémentaire,Tester une relance après achat avec des produits complémentaires,Taux de nouvel achat à 60 jours,2011-12-10
17886,32,3,869.28,1,Acheteurs réguliers,0.26366203411849853,-0.1532428300456767,Entretenir la relation et développer les achats,Tester des recommandations adaptées à l'historique d'achat,Nombre de commandes par client sur 90 jours,2011-12-10
17887,130,1,111.35,2,Occasionnels en sommeil,-1.8743288701657514,-0.2680136831797236,Réactiver les clients,Tester une campagne de retour avec une offre ciblée,Taux de réactivation à 60 jours,2011-12-10
17888,22,8,716.0,1,Acheteurs réguliers,1.0467642584205121,-0.14688752279552092,Entretenir la relation et développer les achats,Tester des recommandations adaptées à l'historique d'achat,Nombre de commandes par client sur 90 jours,2011-12-10
17889,213,2,201.37,2,Occasionnels en sommeil,-1.4209359760929317,0.42080942552866435,Réactiver les clients,Tester une campagne de retour avec une offre ciblée,Taux de réactivation à 60 jours,2011-12-10
17890,323,2,586.89,2,Occasionnels en sommeil,-1.077855441946686,1.0783414237736288,Réactiver les clients,Tester une campagne de retour avec une offre ciblée,Taux de réactivation à 60 jours,2011-12-10
17891,163,1,203.85999999999999,2,Occasionnels en sommeil,-1.6775650078533497,0.09653692446686533,Réactiver les clients,Tester une campagne de retour avec une offre ciblée,Taux de réactivation à 60 jours,2011-12-10
17892,57,3,244.1,0,Occasionnels récents,-0.5581921783750607,-0.24761458703626285,Encourager un achat supplémentaire,Tester une relance après achat avec des produits complémentaires,Taux de nouvel achat à 60 jours,2011-12-10
17893,226,1,107.21,2,Occasionnels en sommeil,-2.1076100487574068,0.07567498091399905,Réactiver les clients,Tester une campagne de retour avec une offre ciblée,Taux de réactivation à 60 jours,2011-12-10
17894,72,8,1118.96,1,Acheteurs réguliers,0.8055249441198001,0.7660807063090835,Entretenir la relation et développer les achats,Tester des recommandations adaptées à l'historique d'achat,Nombre de commandes par client sur 90 jours,2011-12-10
17895,45,1,95.45,2,Occasionnels en sommeil,-1.5364766384465645,-1.0037955681835304,Réactiver les clients,Tester une campagne de retour avec une offre ciblée,Taux de réactivation à 60 jours,2011-12-10
17896,24,1,256.32,0,Occasionnels récents,-0.8321956298914845,-1.0431955733862244,Encourager un achat supplémentaire,Tester une relance après achat avec des produits complémentaires,Taux de nouvel achat à 60 jours,2011-12-10
17897,173,3,541.8100000000001,2,Occasionnels en sommeil,-0.6118087370276646,0.7557193272186767,Réactiver les clients,Tester une campagne de retour avec une offre ciblée,Taux de réactivation à 60 jours,2011-12-10
17898,86,2,152.06,2,Occasionnels en sommeil,-1.200562650563433,-0.2658320320370391,Réactiver les clients,Tester une campagne de retour avec une offre ciblée,Taux de réactivation à 60 jours,2011-12-10
17899,160,1,154.55,2,Occasionnels en sommeil,-1.8008898760928407,-0.015628188047968977,Réactiver les clients,Tester une campagne de retour avec une offre ciblée,Taux de réactivation à 60 jours,2011-12-10
17900,191,2,112.19999999999999,2,Occasionnels en sommeil,-1.6538685293068334,0.13897292366823877,Réactiver les clients,Tester une campagne de retour avec une offre ciblée,Taux de réactivation à 60 jours,2011-12-10
17901,30,1,110.38,0,Occasionnels récents,-1.3135485097504185,-1.2079723853428264,Encourager un achat supplémentaire,Tester une relance après achat avec des produits complémentaires,Taux de nouvel achat à 60 jours,2011-12-10
17904,22,1,181.07,0,Occasionnels récents,-0.9635352980144639,-1.2232295348962563,Encourager un achat supplémentaire,Tester une relance après achat avec des produits complémentaires,Taux de nouvel achat à 60 jours,2011-12-10
17905,72,4,798.99,1,Acheteurs réguliers,0.11436317533163955,0.4179149374388984,Entretenir la relation et développer les achats,Tester des recommandations adaptées à l'historique d'achat,Nombre de commandes par client sur 90 jours,2011-12-10
17906,248,1,72.9,2,Occasionnels en sommeil,-2.3246886875416637,-0.0029204950390173752,Réactiver les clients,Tester une campagne de retour avec une offre ciblée,Taux de réactivation à 60 jours,2011-12-10
17908,374,1,232.03,2,Occasionnels en sommeil,-1.9406470603923633,0.681002783475769,Réactiver les clients,Tester une campagne de retour avec une offre ciblée,Taux de réactivation à 60 jours,2011-12-10
17911,10,1,366.23,0,Occasionnels récents,-0.3417676737243723,-1.447465706034252,Encourager un achat supplémentaire,Tester une relance après achat avec des produits complémentaires,Taux de nouvel achat à 60 jours,2011-12-10
17912,311,5,310.06,2,Occasionnels en sommeil,-0.7379531558979056,1.0885077145198823,Réactiver les clients,Tester une campagne de retour avec une offre ciblée,Taux de réactivation à 60 jours,2011-12-10
17913,59,2,408.65,0,Occasionnels récents,-0.5881399202906483,-0.14924195232934653,Encourager un achat supplémentaire,Tester une relance après achat avec des produits complémentaires,Taux de nouvel achat à 60 jours,2011-12-10
17914,4,1,329.36,0,Occasionnels récents,-0.08289402594752834,-1.998460443311271,Encourager un achat supplémentaire,Tester une relance après achat avec des produits complémentaires,Taux de nouvel achat à 60 jours,2011-12-10
17917,46,3,335.03,0,Occasionnels récents,-0.32615562760436745,-0.26953081295761144,Encourager un achat supplémentaire,Tester une relance après achat avec des produits complémentaires,Taux de nouvel achat à 60 jours,2011-12-10
17919,89,1,1304.04,2,Occasionnels en sommeil,-0.5644069435137048,0.38005143225108395,Réactiver les clients,Tester une campagne de retour avec une offre ciblée,Taux de réactivation à 60 jours,2011-12-10
17920,5,17,4119.5,3,Champions,3.0295012065486797,-0.1179928446429747,Maintenir une relation durable,Tester des avantages de fidélité et un accès anticipé,Taux de réachat à 90 jours,2011-12-10
17921,65,4,820.23,1,Acheteurs réguliers,0.16629880964028013,0.36192256952974344,Entretenir la relation et développer les achats,Tester des recommandations adaptées à l'historique d'achat,Nombre de commandes par client sur 90 jours,2011-12-10
17923,283,1,207.50000000000003,2,Occasionnels en sommeil,-1.8844406325957495,0.45987042248971344,Réactiver les clients,Tester une campagne de retour avec une offre ciblée,Taux de réactivation à 60 jours,2011-12-10
17924,12,7,2962.5,3,Champions,1.8367018012996421,-0.04679891099656754,Maintenir une relation durable,Tester des avantages de fidélité et un accès anticipé,Taux de réachat à 90 jours,2011-12-10
17925,373,1,244.08,2,Occasionnels en sommeil,-1.9156950971139486,0.6976069185754057,Réactiver les clients,Tester une campagne de retour avec une offre ciblée,Taux de réactivation à 60 jours,2011-12-10
17926,134,2,397.29,2,Occasionnels en sommeil,-0.9193237083599046,0.36764284870171493,Réactiver les clients,Tester une campagne de retour avec une offre ciblée,Taux de réactivation à 60 jours,2011-12-10
17928,46,2,212.54,0,Occasionnels récents,-0.8013227477117877,-0.5449543726276859,Encourager un achat supplémentaire,Tester une relance après achat avec des produits complémentaires,Taux de nouvel achat à 60 jours,2011-12-10
17929,12,4,843.0,0,Occasionnels récents,0.8160803951480948,-0.6842075511509884,Encourager un achat supplémentaire,Tester une relance après achat avec des produits complémentaires,Taux de nouvel achat à 60 jours,2011-12-10
17930,36,5,1740.48,1,Acheteurs réguliers,0.9144538765559516,0.3292025087488199,Entretenir la relation et développer les achats,Tester des recommandations adaptées à l'historique d'achat,Nombre de commandes par client sur 90 jours,2011-12-10
17931,135,2,408.36,2,Occasionnels en sommeil,-0.909217821747097,0.3824123118742887,Réactiver les clients,Tester une campagne de retour avec une offre ciblée,Taux de réactivation à 60 jours,2011-12-10
17932,30,3,1331.57,1,Acheteurs réguliers,0.4901778981867593,-0.03890241197421347,Entretenir la relation et développer les achats,Tester des recommandations adaptées à l'historique d'achat,Nombre de commandes par client sur 90 jours,2011-12-10
17934,52,2,704.25,1,Acheteurs réguliers,-0.2819361514191037,-0.03226590092521143,Entretenir la relation et développer les achats,Tester des recommandations adaptées à l'historique d'achat,Nombre de commandes par client sur 90 jours,2011-12-10
17935,139,2,145.79,2,Occasionnels en sommeil,-1.4068620365554898,0.028186218848515535,Réactiver les clients,Tester une campagne de retour avec une offre ciblée,Taux de réactivation à 60 jours,2011-12-10
17936,6,1,380.13,0,Occasionnels récents,-0.14699350032961594,-1.7277472095254467,Encourager un achat supplémentaire,Tester une relance après achat avec des produits complémentaires,Taux de nouvel achat à 60 jours,2011-12-10
17937,9,7,4301.22,3,Champions,2.1162806824612908,-0.08174405902696626,Maintenir une relation durable,Tester des avantages de fidélité et un accès anticipé,Taux de réachat à 90 jours,2011-12-10
17939,160,1,99.14,2,Occasionnels en sommeil,-2.009703704955934,-0.1758269482390956,Réactiver les clients,Tester une campagne de retour avec une offre ciblée,Taux de réactivation à 60 jours,2011-12-10
17940,50,10,4020.04,3,Champions,1.733672880738127,1.0750196138405275,Maintenir une relation durable,Tester des avantages de fidélité et un accès anticipé,Taux de réachat à 90 jours,2011-12-10
17941,131,1,304.56,2,Occasionnels en sommeil,-1.4029116134693393,0.10088020121343826,Réactiver les clients,Tester une campagne de retour avec une offre ciblée,Taux de réactivation à 60 jours,2011-12-10
17942,8,1,77.50000000000001,0,Occasionnels récents,-0.9946715176549147,-2.1391442378610863,Encourager un achat supplémentaire,Tester une relance après achat avec des produits complémentaires,Taux de nouvel achat à 60 jours,2011-12-10
17946,234,2,149.57999999999998,2,Occasionnels en sommeil,-1.5977864958451329,0.37412842512220407,Réactiver les clients,Tester une campagne de retour avec une offre ciblée,Taux de réactivation à 60 jours,2011-12-10
17947,38,1,176.68,0,Occasionnels récents,-1.1820873595722472,-0.8888574349300095,Encourager un achat supplémentaire,Tester une relance après achat avec des produits complémentaires,Taux de nouvel achat à 60 jours,2011-12-10
17948,148,1,358.56000000000006,2,Occasionnels en sommeil,-1.3732345275709625,0.2388218464875103,Réactiver les clients,Tester une campagne de retour avec une offre ciblée,Taux de réactivation à 60 jours,2011-12-10
17949,2,45,58510.48,3,Champions,5.407853528320128,0.7570021878540579,Maintenir une relation durable,Tester des avantages de fidélité et un accès anticipé,Taux de réachat à 90 jours,2011-12-10
17950,73,3,482.2,1,Acheteurs réguliers,-0.33184671213312517,0.15764946218784284,Entretenir la relation et développer les achats,Tester des recommandations adaptées à l'historique d'achat,Nombre de commandes par client sur 90 jours,2011-12-10
17951,40,3,1008.5400000000001,1,Acheteurs réguliers,0.24896235533662847,0.041846388523198115,Entretenir la relation et développer les achats,Tester des recommandations adaptées à l'historique d'achat,Nombre de commandes par client sur 90 jours,2011-12-10
17954,6,12,2314.13,3,Champions,2.4013957551624476,-0.3525038095172593,Maintenir une relation durable,Tester des avantages de fidélité et un accès anticipé,Taux de réachat à 90 jours,2011-12-10
17955,199,4,557.3,2,Occasionnels en sommeil,-0.4512257226912396,0.9421899631404099,Réactiver les clients,Tester une campagne de retour avec une offre ciblée,Taux de réactivation à 60 jours,2011-12-10
17956,250,1,12.75,2,Occasionnels en sommeil,-3.1251866849881855,-0.6094444911853367,Réactiver les clients,Tester une campagne de retour avec une offre ciblée,Taux de réactivation à 60 jours,2011-12-10
17957,67,1,111.68,2,Occasionnels en sommeil,-1.615936354442214,-0.6931531891246803,Réactiver les clients,Tester une campagne de retour avec une offre ciblée,Taux de réactivation à 60 jours,2011-12-10
17958,117,1,508.4599999999999,2,Occasionnels en sommeil,-1.1165795962527194,0.21395807273885772,Réactiver les clients,Tester une campagne de retour avec une offre ciblée,Taux de réactivation à 60 jours,2011-12-10
17960,172,1,73.78,2,Occasionnels en sommeil,-2.1763404719794934,-0.23532381259987312,Réactiver les clients,Tester une campagne de retour avec une offre ciblée,Taux de réactivation à 60 jours,2011-12-10
17961,22,39,1296.44,3,Champions,2.677124827827945,0.6418193515150213,Maintenir une relation durable,Tester des avantages de fidélité et un accès anticipé,Taux de réachat à 90 jours,2011-12-10
17962,143,1,102.41,2,Occasionnels en sommeil,-1.9507293095886649,-0.23667405229176666,Réactiver les clients,Tester une campagne de retour avec une offre ciblée,Taux de réactivation à 60 jours,2011-12-10
17964,32,2,463.21,0,Occasionnels récents,-0.2945291981696951,-0.4923612125622262,Encourager un achat supplémentaire,Tester une relance après achat avec des produits complémentaires,Taux de nouvel achat à 60 jours,2011-12-10
17965,38,14,2599.19,3,Champions,1.912638726574651,0.8611978036105805,Maintenir une relation durable,Tester des avantages de fidélité et un accès anticipé,Taux de réachat à 90 jours,2011-12-10
17966,38,5,1098.43,1,Acheteurs réguliers,0.6757385556611074,0.1961129960070298,Entretenir la relation et développer les achats,Tester des recommandations adaptées à l'historique d'achat,Nombre de commandes par client sur 90 jours,2011-12-10
17967,372,1,112.27,2,Occasionnels en sommeil,-2.280597992464193,0.4151136010439808,Réactiver les clients,Tester une campagne de retour avec une offre ciblée,Taux de réactivation à 60 jours,2011-12-10
17968,374,1,265.1,2,Occasionnels en sommeil,-1.8777252637600068,0.7292754187910792,Réactiver les clients,Tester une campagne de retour avec une offre ciblée,Taux de réactivation à 60 jours,2011-12-10
17969,167,2,228.2,2,Occasionnels en sommeil,-1.26704763071014,0.3087856093237402,Réactiver les clients,Tester une campagne de retour avec une offre ciblée,Taux de réactivation à 60 jours,2011-12-10
17970,212,1,562.79,2,Occasionnels en sommeil,-1.3000264616291726,0.6347201916293246,Réactiver les clients,Tester une campagne de retour avec une offre ciblée,Taux de réactivation à 60 jours,2011-12-10
17972,242,1,135.19,2,Occasionnels en sommeil,-2.025263553254936,0.2036045338769016,Réactiver les clients,Tester une campagne de retour avec une offre ciblée,Taux de réactivation à 60 jours,2011-12-10
17973,52,1,337.04,2,Occasionnels en sommeil,-0.9973497879408133,-0.45551639453107073,Réactiver les clients,Tester une campagne de retour avec une offre ciblée,Taux de réactivation à 60 jours,2011-12-10
17974,25,3,703.99,0,Occasionnels récents,0.2572383624707082,-0.38483202380810666,Encourager un achat supplémentaire,Tester une relance après achat avec des produits complémentaires,Taux de nouvel achat à 60 jours,2011-12-10
17975,16,13,4483.26,3,Champions,2.4341026797567156,0.493204365644129,Maintenir une relation durable,Tester des avantages de fidélité et un accès anticipé,Taux de réachat à 90 jours,2011-12-10
17976,373,1,321.79,2,Occasionnels en sommeil,-1.7851065559450157,0.7977924403118372,Réactiver les clients,Tester une campagne de retour avec une offre ciblée,Taux de réactivation à 60 jours,2011-12-10
17977,30,1,288.14,0,Occasionnels récents,-0.8612287774067265,-0.8609596385053073,Encourager un achat supplémentaire,Tester une relance après achat avec des produits complémentaires,Taux de nouvel achat à 60 jours,2011-12-10
17978,366,1,300.91999999999996,2,Occasionnels en sommeil,-1.8093929397323496,0.761197529718928,Réactiver les clients,Tester une campagne de retour avec une offre ciblée,Taux de réactivation à 60 jours,2011-12-10
17979,36,4,732.41,1,Acheteurs réguliers,0.339513180759436,-0.055404092113457565,Entretenir la relation et développer les achats,Tester des recommandations adaptées à l'historique d'achat,Nombre de commandes par client sur 90 jours,2011-12-10
17980,166,3,811.45,1,Acheteurs réguliers,-0.40449289713736714,0.8757310619885247,Entretenir la relation et développer les achats,Tester des recommandations adaptées à l'historique d'achat,Nombre de commandes par client sur 90 jours,2011-12-10
17984,146,1,152.68,2,Occasionnels en sommeil,-1.7709675680792027,-0.07916053139194272,Réactiver les clients,Tester une campagne de retour avec une offre ciblée,Taux de réactivation à 60 jours,2011-12-10
17985,23,1,631.35,0,Occasionnels récents,-0.38987802160004104,-0.7426664046841416,Encourager un achat supplémentaire,Tester une relance après achat avec des produits complémentaires,Taux de nouvel achat à 60 jours,2011-12-10
17986,57,1,20.8,2,Occasionnels en sommeil,-2.3324452689406248,-1.3940730843002556,Réactiver les clients,Tester une campagne de retour avec une offre ciblée,Taux de réactivation à 60 jours,2011-12-10
17987,186,1,198.57,2,Occasionnels en sommeil,-1.741410797518232,0.17232939719406612,Réactiver les clients,Tester une campagne de retour avec une offre ciblée,Taux de réactivation à 60 jours,2011-12-10
17988,12,7,201.12,0,Occasionnels récents,0.5634889739210894,-1.0235882238308813,Encourager un achat supplémentaire,Tester une relance après achat avec des produits complémentaires,Taux de nouvel achat à 60 jours,2011-12-10
17990,237,3,630.84,2,Occasionnels en sommeil,-0.6625634670575422,1.0145597847984902,Réactiver les clients,Tester une campagne de retour avec une offre ciblée,Taux de réactivation à 60 jours,2011-12-10
17991,226,2,93.35,2,Occasionnels en sommeil,-1.8058671140498512,0.1815636698978587,Réactiver les clients,Tester une campagne de retour avec une offre ciblée,Taux de réactivation à 60 jours,2011-12-10
17994,122,4,674.89,1,Acheteurs réguliers,-0.17005693912484093,0.695724151416224,Entretenir la relation et développer les achats,Tester des recommandations adaptées à l'historique d'achat,Nombre de commandes par client sur 90 jours,2011-12-10
17995,282,1,76.1,2,Occasionnels en sommeil,-2.3547574322675295,0.09569710495097292,Réactiver les clients,Tester une campagne de retour avec une offre ciblée,Taux de réactivation à 60 jours,2011-12-10
17997,75,8,1962.46,1,Acheteurs réguliers,1.0559332306690565,0.9964791146822024,Entretenir la relation et développer les achats,Tester des recommandations adaptées à l'historique d'achat,Nombre de commandes par client sur 90 jours,2011-12-10
17999,38,2,380.39,0,Occasionnels récents,-0.45318412971269906,-0.455257932640338,Encourager un achat supplémentaire,Tester une relance après achat avec des produits complémentaires,Taux de nouvel achat à 60 jours,2011-12-10
18001,13,2,415.13,0,Occasionnels récents,-0.010288949755003956,-1.0894876749200253,Encourager un achat supplémentaire,Tester une relance après achat avec des produits complémentaires,Taux de nouvel achat à 60 jours,2011-12-10
18004,363,1,157.92,2,Occasionnels en sommeil,-2.1104655194610205,0.522415819734324,Réactiver les clients,Tester une campagne de retour avec une offre ciblée,Taux de réactivation à 60 jours,2011-12-10
18005,4,2,226.47,0,Occasionnels récents,0.10690157760445727,-1.9784560262430702,Encourager un achat supplémentaire,Tester une relance après achat avec des produits complémentaires,Taux de nouvel achat à 60 jours,2011-12-10
18006,24,1,444.68,0,Occasionnels récents,-0.571755268761453,-0.8433897311011569,Encourager un achat supplémentaire,Tester une relance après achat avec des produits complémentaires,Taux de nouvel achat à 60 jours,2011-12-10
18008,71,9,2116.19,1,Acheteurs réguliers,1.2081626061741748,1.0292263200978302,Entretenir la relation et développer les achats,Tester des recommandations adaptées à l'historique d'achat,Nombre de commandes par client sur 90 jours,2011-12-10
18009,236,1,247.39,2,Occasionnels en sommeil,-1.7305253172393935,0.40595405350869673,Réactiver les clients,Tester une campagne de retour avec une offre ciblée,Taux de réactivation à 60 jours,2011-12-10
18010,257,1,174.8,2,Occasionnels en sommeil,-1.9276929349766858,0.3354053033103982,Réactiver les clients,Tester une campagne de retour avec une offre ciblée,Taux de réactivation à 60 jours,2011-12-10
18011,374,1,102.78999999999999,2,Occasionnels en sommeil,-2.3241367942851126,0.386795353584129,Réactiver les clients,Tester une campagne de retour avec une offre ciblée,Taux de réactivation à 60 jours,2011-12-10
18013,156,2,187.29,2,Occasionnels en sommeil,-1.3337280659081483,0.19324868763022168,Réactiver les clients,Tester une campagne de retour avec une offre ciblée,Taux de réactivation à 60 jours,2011-12-10
18014,29,1,162.22,0,Occasionnels récents,-1.1195001012154429,-1.0902752209770592,Encourager un achat supplémentaire,Tester une relance après achat avec des produits complémentaires,Taux de nouvel achat à 60 jours,2011-12-10
18015,5,1,120.03,0,Occasionnels récents,-0.6304692549684242,-2.245215816039982,Encourager un achat supplémentaire,Tester une relance après achat avec des produits complémentaires,Taux de nouvel achat à 60 jours,2011-12-10
18016,33,5,1477.66,1,Acheteurs réguliers,0.8700265412577992,0.21472852181837065,Entretenir la relation et développer les achats,Tester des recommandations adaptées à l'historique d'achat,Nombre de commandes par client sur 90 jours,2011-12-10
18017,82,3,523.0,1,Acheteurs réguliers,-0.33839880423259117,0.26174165676386546,Entretenir la relation et développer les achats,Tester des recommandations adaptées à l'historique d'achat,Nombre de commandes par client sur 90 jours,2011-12-10
18018,109,2,122.14,2,Occasionnels en sommeil,-1.3956358055673181,-0.19247769090172978,Réactiver les clients,Tester une campagne de retour avec une offre ciblée,Taux de réactivation à 60 jours,2011-12-10
18019,52,1,38.45,2,Occasionnels en sommeil,-2.015881370625449,-1.2369181706967842,Réactiver les clients,Tester une campagne de retour avec une offre ciblée,Taux de réactivation à 60 jours,2011-12-10
18022,36,1,612.72,0,Occasionnels récents,-0.57372098580533,-0.47217731568544746,Encourager un achat supplémentaire,Tester une relance après achat avec des produits complémentaires,Taux de nouvel achat à 60 jours,2011-12-10
18024,153,2,389.78,2,Occasionnels en sommeil,-0.9799614099481777,0.4463106821828777,Réactiver les clients,Tester une campagne de retour avec une offre ciblée,Taux de réactivation à 60 jours,2011-12-10
18027,99,1,115.31,2,Occasionnels en sommeil,-1.7520654488173328,-0.4309340459306033,Réactiver les clients,Tester une campagne de retour avec une offre ciblée,Taux de réactivation à 60 jours,2011-12-10
18030,5,2,230.64999999999998,0,Occasionnels récents,0.044073321318876243,-1.853320971688282,Encourager un achat supplémentaire,Tester une relance après achat avec des produits complémentaires,Taux de nouvel achat à 60 jours,2011-12-10
18032,335,1,73.5,2,Occasionnels en sommeil,-2.4383076167736983,0.19480255977902752,Réactiver les clients,Tester une campagne de retour avec une offre ciblée,Taux de réactivation à 60 jours,2011-12-10
18033,66,1,93.82000000000001,2,Occasionnels en sommeil,-1.6919539522364406,-0.7655576532748829,Réactiver les clients,Tester une campagne de retour avec une offre ciblée,Taux de réactivation à 60 jours,2011-12-10
18034,22,2,418.68,0,Occasionnels récents,-0.20084286387677233,-0.7637074743992343,Encourager un achat supplémentaire,Tester une relance après achat avec des produits complémentaires,Taux de nouvel achat à 60 jours,2011-12-10
18035,36,3,713.89,1,Acheteurs réguliers,0.12555972499884627,-0.1504211066515432,Entretenir la relation et développer les achats,Tester des recommandations adaptées à l'historique d'achat,Nombre de commandes par client sur 90 jours,2011-12-10
18036,33,3,403.12,0,Occasionnels récents,-0.11175943179216322,-0.4128787344280389,Encourager un achat supplémentaire,Tester une relance après achat avec des produits complémentaires,Taux de nouvel achat à 60 jours,2011-12-10
18037,155,6,70.02,2,Occasionnels en sommeil,-1.0271730350526134,0.15988454225045987,Réactiver les clients,Tester une campagne de retour avec une offre ciblée,Taux de réactivation à 60 jours,2011-12-10
18040,20,2,357.20000000000005,0,Occasionnels récents,-0.2402914023732995,-0.8804600650076911,Encourager un achat supplémentaire,Tester une relance après achat avec des produits complémentaires,Taux de nouvel achat à 60 jours,2011-12-10
18041,12,21,4097.37,3,Champions,2.9053914978335147,0.459712483638475,Maintenir une relation durable,Tester des avantages de fidélité et un accès anticipé,Taux de réachat à 90 jours,2011-12-10
18042,54,1,165.04999999999998,2,Occasionnels en sommeil,-1.3489284366487122,-0.6900264197762128,Réactiver les clients,Tester une campagne de retour avec une offre ciblée,Taux de réactivation à 60 jours,2011-12-10
18043,25,3,529.29,0,Occasionnels récents,0.1222201779932493,-0.4884158998105291,Encourager un achat supplémentaire,Tester une relance après achat avec des produits complémentaires,Taux de nouvel achat à 60 jours,2011-12-10
18044,5,10,2088.6,3,Champions,2.262123860872184,-0.5541549550192015,Maintenir une relation durable,Tester des avantages de fidélité et un accès anticipé,Taux de réachat à 90 jours,2011-12-10
18045,46,1,178.34,2,Occasionnels en sommeil,-1.2508117261258702,-0.7641915555968158,Réactiver les clients,Tester une campagne de retour avec une offre ciblée,Taux de réactivation à 60 jours,2011-12-10
18048,204,2,172.29000000000002,2,Occasionnels en sommeil,-1.4776503063492155,0.33645058740240247,Réactiver les clients,Tester une campagne de retour avec une offre ciblée,Taux de réactivation à 60 jours,2011-12-10
18050,360,1,74.4,2,Occasionnels en sommeil,-2.460743446399396,0.2458199425761068,Réactiver les clients,Tester une campagne de retour avec une offre ciblée,Taux de réactivation à 60 jours,2011-12-10
18053,71,1,300.02,2,Occasionnels en sommeil,-1.1724304263670604,-0.2985608683684876,Réactiver les clients,Tester une campagne de retour avec une offre ciblée,Taux de réactivation à 60 jours,2011-12-10
18055,8,10,6761.34,3,Champions,2.6600367821223316,0.13659967913453938,Maintenir une relation durable,Tester des avantages de fidélité et un accès anticipé,Taux de réachat à 90 jours,2011-12-10
18056,289,1,363.65,2,Occasionnels en sommeil,-1.6275869246621957,0.6768009485483509,Réactiver les clients,Tester une campagne de retour avec une offre ciblée,Taux de réactivation à 60 jours,2011-12-10
18058,10,1,170.16,0,Occasionnels récents,-0.7037272912886557,-1.7251555615805056,Encourager un achat supplémentaire,Tester une relance après achat avec des produits complémentaires,Taux de nouvel achat à 60 jours,2011-12-10
18059,24,3,306.46,0,Occasionnels récents,-0.1208551244402512,-0.7121872752491374,Encourager un achat supplémentaire,Tester une relance après achat avec des produits complémentaires,Taux de nouvel achat à 60 jours,2011-12-10
18061,22,10,2119.41,3,Champions,1.7423781851442999,0.3246135810575828,Maintenir une relation durable,Tester des avantages de fidélité et un accès anticipé,Taux de réachat à 90 jours,2011-12-10
18062,174,3,720.52,2,Occasionnels en sommeil,-0.47911204407184227,0.8629704317862327,Réactiver les clients,Tester une campagne de retour avec une offre ciblée,Taux de réactivation à 60 jours,2011-12-10
18064,134,2,814.0,2,Occasionnels en sommeil,-0.5798300911545805,0.6280971340582261,Réactiver les clients,Tester une campagne de retour avec une offre ciblée,Taux de réactivation à 60 jours,2011-12-10
18065,6,14,2392.83,3,Champions,2.546676287378755,-0.2853761992110368,Maintenir une relation durable,Tester des avantages de fidélité et un accès anticipé,Taux de réachat à 90 jours,2011-12-10
18066,76,1,318.0,2,Occasionnels en sommeil,-1.1712387103971216,-0.23381622738371236,Réactiver les clients,Tester une campagne de retour avec une offre ciblée,Taux de réactivation à 60 jours,2011-12-10
18067,41,1,396.33,0,Occasionnels récents,-0.8295482403482966,-0.5479392442926931,Encourager un achat supplémentaire,Tester une relance après achat avec des produits complémentaires,Taux de nouvel achat à 60 jours,2011-12-10
18068,290,1,101.69999999999999,2,Occasionnels en sommeil,-2.2297413440386666,0.21811002259097112,Réactiver les clients,Tester une campagne de retour avec une offre ciblée,Taux de réactivation à 60 jours,2011-12-10
18069,27,5,2009.24,1,Acheteurs réguliers,1.0917465758343496,0.20024159538789874,Entretenir la relation et développer les achats,Tester des recommandations adaptées à l'historique d'achat,Nombre de commandes par client sur 90 jours,2011-12-10
18071,258,2,453.0,2,Occasionnels en sommeil,-1.1126303677598601,0.8387827457890579,Réactiver les clients,Tester une campagne de retour avec une offre ciblée,Taux de réactivation à 60 jours,2011-12-10
18072,186,1,247.44,2,Occasionnels en sommeil,-1.637555171388812,0.25200583737712745,Réactiver les clients,Tester une campagne de retour avec une offre ciblée,Taux de réactivation à 60 jours,2011-12-10
18073,115,12,3859.82,1,Acheteurs réguliers,1.5433928606009166,1.6585544473922553,Entretenir la relation et développer les achats,Tester des recommandations adaptées à l'historique d'achat,Nombre de commandes par client sur 90 jours,2011-12-10
18074,374,1,489.6,2,Occasionnels en sommeil,-1.5876619412745916,0.9518075417451991,Réactiver les clients,Tester une campagne de retour avec une offre ciblée,Taux de réactivation à 60 jours,2011-12-10
18075,24,10,2611.75,3,Champions,1.808695391242769,0.45476330904910284,Maintenir une relation durable,Tester des avantages de fidélité et un accès anticipé,Taux de réachat à 90 jours,2011-12-10
18077,9,11,2584.41,3,Champions,2.2415530635528387,-0.11124086655666039,Maintenir une relation durable,Tester des avantages de fidélité et un accès anticipé,Taux de réachat à 90 jours,2011-12-10
18078,218,2,336.13,2,Occasionnels en sommeil,-1.1879971600045307,0.6214739588107366,Réactiver les clients,Tester une campagne de retour avec une offre ciblée,Taux de réactivation à 60 jours,2011-12-10
18079,46,4,3613.15,1,Acheteurs réguliers,1.0019674967197298,0.6802600473464866,Entretenir la relation et développer les achats,Tester des recommandations adaptées à l'historique d'achat,Nombre de commandes par client sur 90 jours,2011-12-10
18080,19,2,1231.5,0,Occasionnels récents,0.364740870514212,-0.4626741686968867,Encourager un achat supplémentaire,Tester une relance après achat avec des produits complémentaires,Taux de nouvel achat à 60 jours,2011-12-10
18081,37,3,343.45,0,Occasionnels récents,-0.2311063184762053,-0.3986958980764252,Encourager un achat supplémentaire,Tester une relance après achat avec des produits complémentaires,Taux de nouvel achat à 60 jours,2011-12-10
18082,26,1,680.84,0,Occasionnels récents,-0.4003158658197957,-0.6386960025690326,Encourager un achat supplémentaire,Tester une relance après achat avec des produits complémentaires,Taux de nouvel achat à 60 jours,2011-12-10
18084,17,1,90.47999999999999,0,Occasionnels récents,-1.1938001715445867,-1.6329269232548944,Encourager un achat supplémentaire,Tester une relance après achat avec des produits complémentaires,Taux de nouvel achat à 60 jours,2011-12-10
18085,331,2,689.95,2,Occasionnels en sommeil,-1.0108278446673937,1.1529532984102888,Réactiver les clients,Tester une campagne de retour avec une offre ciblée,Taux de réactivation à 60 jours,2011-12-10
18086,275,1,101.34,2,Occasionnels en sommeil,-2.2106630371384375,0.18243245989999196,Réactiver les clients,Tester une campagne de retour avec une offre ciblée,Taux de réactivation à 60 jours,2011-12-10
18087,99,2,4055.7199999999993,1,Acheteurs réguliers,0.29877785210925983,1.0168375616498397,Entretenir la relation et développer les achats,Tester des recommandations adaptées à l'historique d'achat,Nombre de commandes par client sur 90 jours,2011-12-10
18088,62,1,166.03,2,Occasionnels en sommeil,-1.3993666268491547,-0.599613196137881,Réactiver les clients,Tester une campagne de retour avec une offre ciblée,Taux de réactivation à 60 jours,2011-12-10
18092,3,11,9068.26,3,Champions,3.1957580806038317,-0.25032122974683885,Maintenir une relation durable,Tester des avantages de fidélité et un accès anticipé,Taux de réachat à 90 jours,2011-12-10
18093,94,4,2106.52,1,Acheteurs réguliers,0.47040692053108785,0.9415012755917453,Entretenir la relation et développer les achats,Tester des recommandations adaptées à l'historique d'achat,Nombre de commandes par client sur 90 jours,2011-12-10
18094,82,7,3017.3,1,Acheteurs réguliers,1.118744608621673,1.164918483026725,Entretenir la relation et développer les achats,Tester des recommandations adaptées à l'historique d'achat,Nombre de commandes par client sur 90 jours,2011-12-10
18095,313,2,580.0500000000001,2,Occasionnels en sommeil,-1.0711163697894257,1.0537061021584335,Réactiver les clients,Tester une campagne de retour avec une offre ciblée,Taux de réactivation à 60 jours,2011-12-10
18096,12,3,849.06,0,Occasionnels récents,0.6176461092787187,-0.767318497066589,Encourager un achat supplémentaire,Tester une relance après achat avec des produits complémentaires,Taux de nouvel achat à 60 jours,2011-12-10
18097,8,6,2662.4,3,Champions,1.8094352777167664,-0.37595402797641864,Maintenir une relation durable,Tester des avantages de fidélité et un accès anticipé,Taux de réachat à 90 jours,2011-12-10
18099,128,1,168.31,2,Occasionnels en sommeil,-1.673844705876971,-0.1288319941936642,Réactiver les clients,Tester une campagne de retour avec une offre ciblée,Taux de réactivation à 60 jours,2011-12-10
18101,12,2,222.4,0,Occasionnels récents,-0.27617792184837714,-1.3639292044268265,Encourager un achat supplémentaire,Tester une relance après achat avec des produits complémentaires,Taux de nouvel achat à 60 jours,2011-12-10
18102,1,60,259657.3,3,Champions,6.5285974807308,1.143908578039232,Maintenir une relation durable,Tester des avantages de fidélité et un accès anticipé,Taux de réachat à 90 jours,2011-12-10
18104,38,1,754.64,0,Occasionnels récents,-0.4957198067924689,-0.362286797394173,Encourager un achat supplémentaire,Tester une relance après achat avec des produits complémentaires,Taux de nouvel achat à 60 jours,2011-12-10
18105,38,1,113.48000000000002,0,Occasionnels récents,-1.390515245208415,-1.048760105409098,Encourager un achat supplémentaire,Tester une relance après achat avec des produits complémentaires,Taux de nouvel achat à 60 jours,2011-12-10
18106,330,1,421.9,2,Occasionnels en sommeil,-1.6091505995820548,0.8166652073863597,Réactiver les clients,Tester une campagne de retour avec une offre ciblée,Taux de réactivation à 60 jours,2011-12-10
18108,255,1,271.0,2,Occasionnels en sommeil,-1.7176983797358532,0.4891112972128963,Réactiver les clients,Tester une campagne de retour avec une offre ciblée,Taux de réactivation à 60 jours,2011-12-10
18109,2,26,8004.92,3,Champions,3.982847947132314,-0.17118948786658114,Maintenir une relation durable,Tester des avantages de fidélité et un accès anticipé,Taux de réachat à 90 jours,2011-12-10
18110,20,1,198.8,0,Occasionnels récents,-0.883817806952037,-1.2485597791199827,Encourager un achat supplémentaire,Tester une relance après achat avec des produits complémentaires,Taux de nouvel achat à 60 jours,2011-12-10
18112,13,2,352.69,0,Occasionnels récents,-0.08737445249992129,-1.1486264878793047,Encourager un achat supplémentaire,Tester une relance après achat avec des produits complémentaires,Taux de nouvel achat à 60 jours,2011-12-10
18113,369,1,76.32000000000001,2,Occasionnels en sommeil,-2.4584727651883655,0.2709733880757671,Réactiver les clients,Tester une campagne de retour avec une offre ciblée,Taux de réactivation à 60 jours,2011-12-10
18114,291,1,220.1,2,Occasionnels en sommeil,-1.8675078869408126,0.49927142645439637,Réactiver les clients,Tester une campagne de retour avec une offre ciblée,Taux de réactivation à 60 jours,2011-12-10
18116,68,8,1403.1100000000001,1,Acheteurs réguliers,0.9348227704285562,0.8117004020808835,Entretenir la relation et développer les achats,Tester des recommandations adaptées à l'historique d'achat,Nombre de commandes par client sur 90 jours,2011-12-10
18117,26,1,315.65,0,Occasionnels récents,-0.7639863989678712,-0.9176984462556764,Encourager un achat supplémentaire,Tester une relance après achat avec des produits complémentaires,Taux de nouvel achat à 60 jours,2011-12-10
18118,11,26,5625.08,3,Champions,3.2722163438788834,0.6015963828177718,Maintenir une relation durable,Tester des avantages de fidélité et un accès anticipé,Taux de réachat à 90 jours,2011-12-10
18119,368,1,180.7,2,Occasionnels en sommeil,-2.0522979079892605,0.5800115160377254,Réactiver les clients,Tester une campagne de retour avec une offre ciblée,Taux de réactivation à 60 jours,2011-12-10
18120,215,1,111.15,2,Occasionnels en sommeil,-2.0711837535393456,0.05639710619926272,Réactiver les clients,Tester une campagne de retour avec une offre ciblée,Taux de réactivation à 60 jours,2011-12-10
18121,150,2,653.3,2,Occasionnels en sommeil,-0.7278646106988543,0.6210122691549835,Réactiver les clients,Tester une campagne de retour avec une offre ciblée,Taux de réactivation à 60 jours,2011-12-10
18122,9,6,1793.06,3,Champions,1.580792092670198,-0.45119769180631303,Maintenir une relation durable,Tester des avantages de fidélité et un accès anticipé,Taux de réachat à 90 jours,2011-12-10
18123,25,2,574.4399999999999,0,Occasionnels récents,-0.09923642277201118,-0.5691966483825478,Encourager un achat supplémentaire,Tester une relance après achat avec des produits complémentaires,Taux de nouvel achat à 60 jours,2011-12-10
18125,30,4,1131.75,1,Acheteurs réguliers,0.6149738437283092,-0.01228566899181261,Entretenir la relation et développer les achats,Tester des recommandations adaptées à l'historique d'achat,Nombre de commandes par client sur 90 jours,2011-12-10
18126,61,1,200.92000000000002,2,Occasionnels en sommeil,-1.3031501970709487,-0.5410092022578211,Réactiver les clients,Tester une campagne de retour avec une offre ciblée,Taux de réactivation à 60 jours,2011-12-10
18127,20,3,347.08,0,Occasionnels récents,0.0063195962082950585,-0.7803812490352939,Encourager un achat supplémentaire,Tester une relance après achat avec des produits complémentaires,Taux de nouvel achat à 60 jours,2011-12-10
18129,244,1,112.55000000000001,2,Occasionnels en sommeil,-2.1146800839353133,0.14279833930590646,Réactiver les clients,Tester une campagne de retour avec une offre ciblée,Taux de réactivation à 60 jours,2011-12-10
18130,16,3,1059.39,1,Acheteurs réguliers,0.6173253293598936,-0.5125218685722063,Entretenir la relation et développer les achats,Tester des recommandations adaptées à l'historique d'achat,Nombre de commandes par client sur 90 jours,2011-12-10
18133,213,1,931.4999999999999,2,Occasionnels en sommeil,-1.0632770819097739,0.8208036851559924,Réactiver les clients,Tester une campagne de retour avec une offre ciblée,Taux de réactivation à 60 jours,2011-12-10
18135,30,5,681.9100000000001,1,Acheteurs réguliers,0.5399400600695669,-0.12632949914516353,Entretenir la relation et développer les achats,Tester des recommandations adaptées à l'historique d'achat,Nombre de commandes par client sur 90 jours,2011-12-10
18136,64,3,784.33,1,Acheteurs réguliers,-0.05073759103311917,0.25002534487725714,Entretenir la relation et développer les achats,Tester des recommandations adaptées à l'historique d'achat,Nombre de commandes par client sur 90 jours,2011-12-10
18138,296,1,152.65,2,Occasionnels en sommeil,-2.046723029341904,0.3779218910470174,Réactiver les clients,Tester une campagne de retour avec une offre ciblée,Taux de réactivation à 60 jours,2011-12-10
18139,18,6,8438.34,3,Champions,2.063394818795724,0.5292681306336158,Maintenir une relation durable,Tester des avantages de fidélité et un accès anticipé,Taux de réachat à 90 jours,2011-12-10
18142,158,2,1019.52,2,Occasionnels en sommeil,-0.5373395774274773,0.8162602300078681,Réactiver les clients,Tester une campagne de retour avec une offre ciblée,Taux de réactivation à 60 jours,2011-12-10
18143,117,2,1000.16,1,Acheteurs réguliers,-0.4295317926732233,0.6154467352731239,Entretenir la relation et développer les achats,Tester des recommandations adaptées à l'historique d'achat,Nombre de commandes par client sur 90 jours,2011-12-10
18144,8,12,2888.75,3,Champions,2.4080119842835015,-0.10849942184396573,Maintenir une relation durable,Tester des avantages de fidélité et un accès anticipé,Taux de réachat à 90 jours,2011-12-10
18145,13,4,2861.55,1,Acheteurs réguliers,1.3661176186545119,-0.191771850306565,Entretenir la relation et développer les achats,Tester des recommandations adaptées à l'historique d'achat,Nombre de commandes par client sur 90 jours,2011-12-10
18146,141,2,160.35000000000002,2,Occasionnels en sommeil,-1.3675802367950658,0.07180816401784375,Réactiver les clients,Tester une campagne de retour avec une offre ciblée,Taux de réactivation à 60 jours,2011-12-10
18147,46,2,179.33999999999997,0,Occasionnels récents,-0.8814443728701685,-0.6064224520396397,Encourager un achat supplémentaire,Tester une relance après achat avec des produits complémentaires,Taux de nouvel achat à 60 jours,2011-12-10
18149,51,3,612.0799999999999,1,Acheteurs réguliers,-0.08067811255724602,0.014909407485980542,Entretenir la relation et développer les achats,Tester des recommandations adaptées à l'historique d'achat,Nombre de commandes par client sur 90 jours,2011-12-10
18150,33,3,566.58,0,Occasionnels récents,0.04929433829928193,-0.28932075729007767,Encourager un achat supplémentaire,Tester une relance après achat avec des produits complémentaires,Taux de nouvel achat à 60 jours,2011-12-10
18151,135,2,653.35,2,Occasionnels en sommeil,-0.6868199399166067,0.5530325487252507,Réactiver les clients,Tester une campagne de retour avec une offre ciblée,Taux de réactivation à 60 jours,2011-12-10
18154,4,2,399.19,0,Occasionnels récents,0.3747577617968499,-1.7729608784802227,Encourager un achat supplémentaire,Tester une relance après achat avec des produits complémentaires,Taux de nouvel achat à 60 jours,2011-12-10
18155,76,3,371.62,2,Occasionnels en sommeil,-0.4706407481484632,0.08895055671322726,Réactiver les clients,Tester une campagne de retour avec une offre ciblée,Taux de réactivation à 60 jours,2011-12-10
18156,13,2,675.64,0,Occasionnels récents,0.22021413627363554,-0.9126492499791802,Encourager un achat supplémentaire,Tester une relance après achat avec des produits complémentaires,Taux de nouvel achat à 60 jours,2011-12-10
18158,10,2,453.4,0,Occasionnels récents,0.12595172043927322,-1.2142424282899353,Encourager un achat supplémentaire,Tester une relance après achat avec des produits complémentaires,Taux de nouvel achat à 60 jours,2011-12-10
18159,302,1,530.15,2,Occasionnels en sommeil,-1.4664448331232518,0.8421173482763941,Réactiver les clients,Tester une campagne de retour avec une offre ciblée,Taux de réactivation à 60 jours,2011-12-10
18160,58,2,638.0600000000001,0,Occasionnels récents,-0.37070092498208707,0.0015951153676352437,Encourager un achat supplémentaire,Tester une relance après achat avec des produits complémentaires,Taux de nouvel achat à 60 jours,2011-12-10
18161,16,5,1618.69,1,Acheteurs réguliers,1.1849043156357177,-0.20268784652679672,Entretenir la relation et développer les achats,Tester des recommandations adaptées à l'historique d'achat,Nombre de commandes par client sur 90 jours,2011-12-10
18164,38,1,399.65000000000003,0,Occasionnels récents,-0.7965557192802568,-0.5930834858314482,Encourager un achat supplémentaire,Tester une relance après achat avec des produits complémentaires,Taux de nouvel achat à 60 jours,2011-12-10
18165,178,1,302.46000000000004,2,Occasionnels en sommeil,-1.5255651650203272,0.29635489561515294,Réactiver les clients,Tester une campagne de retour avec une offre ciblée,Taux de réactivation à 60 jours,2011-12-10
18167,24,3,1384.8600000000001,1,Acheteurs réguliers,0.5930842633279422,-0.16446394966870612,Entretenir la relation et développer les achats,Tester des recommandations adaptées à l'historique d'achat,Nombre de commandes par client sur 90 jours,2011-12-10
18168,177,6,1160.04,1,Acheteurs réguliers,0.24593865679777482,1.2620218234294676,Entretenir la relation et développer les achats,Tester des recommandations adaptées à l'historique d'achat,Nombre de commandes par client sur 90 jours,2011-12-10
18169,61,1,202.65,2,Occasionnels en sommeil,-1.2991051198882964,-0.5379058812131062,Réactiver les clients,Tester une campagne de retour avec une offre ciblée,Taux de réactivation à 60 jours,2011-12-10
18170,34,3,980.31,1,Acheteurs réguliers,0.29753167922482593,-0.07131798439937342,Entretenir la relation et développer les achats,Tester des recommandations adaptées à l'historique d'achat,Nombre de commandes par client sur 90 jours,2011-12-10
18171,59,5,1231.31,1,Acheteurs réguliers,0.5609899704972758,0.5176316337420728,Entretenir la relation et développer les achats,Tester des recommandations adaptées à l'historique d'achat,Nombre de commandes par client sur 90 jours,2011-12-10
18172,15,20,7561.68,3,Champions,3.072410201106553,0.7996634660668192,Maintenir une relation durable,Tester des avantages de fidélité et un accès anticipé,Taux de réachat à 90 jours,2011-12-10
18173,87,4,2106.84,1,Acheteurs réguliers,0.5004792959271752,0.8918045033209847,Entretenir la relation et développer les achats,Tester des recommandations adaptées à l'historique d'achat,Nombre de commandes par client sur 90 jours,2011-12-10
18174,8,1,104.0,0,Occasionnels récents,-0.8567600187912958,-2.033340655529684,Encourager un achat supplémentaire,Tester une relance après achat avec des produits complémentaires,Taux de nouvel achat à 60 jours,2011-12-10
18176,359,1,476.35,2,Occasionnels en sommeil,-1.5846432636510996,0.9153133225353913,Réactiver les clients,Tester une campagne de retour avec une offre ciblée,Taux de réactivation à 60 jours,2011-12-10
18177,32,6,1340.8700000000001,1,Acheteurs réguliers,0.9751256602081054,0.21922490760147578,Entretenir la relation et développer les achats,Tester des recommandations adaptées à l'historique d'achat,Nombre de commandes par client sur 90 jours,2011-12-10
18178,129,4,1590.81,1,Acheteurs réguliers,0.21440180594081387,1.0432971842361394,Entretenir la relation et développer les achats,Tester des recommandations adaptées à l'historique d'achat,Nombre de commandes par client sur 90 jours,2011-12-10
18179,10,6,1793.17,3,Champions,1.5434637104586544,-0.38922258918452857,Maintenir une relation durable,Tester des avantages de fidélité et un accès anticipé,Taux de réachat à 90 jours,2011-12-10
18180,5,6,1843.75,3,Champions,1.794224537732377,-0.7731054305098513,Maintenir une relation durable,Tester des avantages de fidélité et un accès anticipé,Taux de réachat à 90 jours,2011-12-10
18181,25,1,366.85,0,Occasionnels récents,-0.6781293911840153,-0.8877105836353767,Encourager un achat supplémentaire,Tester une relance après achat avec des produits complémentaires,Taux de nouvel achat à 60 jours,2011-12-10
18183,228,2,632.07,2,Occasionnels en sommeil,-0.9067316145677841,0.8797062690461466,Réactiver les clients,Tester une campagne de retour avec une offre ciblée,Taux de réactivation à 60 jours,2011-12-10
18184,16,1,49.8,0,Occasionnels récents,-1.4503017815489383,-1.8840524053039092,Encourager un achat supplémentaire,Tester une relance après achat avec des produits complémentaires,Taux de nouvel achat à 60 jours,2011-12-10
18185,250,1,304.25,2,Occasionnels en sommeil,-1.6552841956451316,0.5182421073348965,Réactiver les clients,Tester une campagne de retour avec une offre ciblée,Taux de réactivation à 60 jours,2011-12-10
18188,16,3,2001.04,1,Acheteurs réguliers,0.9186605441646343,-0.2813421230712686,Entretenir la relation et développer les achats,Tester des recommandations adaptées à l'historique d'achat,Nombre de commandes par client sur 90 jours,2011-12-10
18189,78,2,1090.24,1,Acheteurs réguliers,-0.2314140175497955,0.38597763544228164,Entretenir la relation et développer les achats,Tester des recommandations adaptées à l'historique d'achat,Nombre de commandes par client sur 90 jours,2011-12-10
18190,193,2,284.46000000000004,2,Occasionnels en sommeil,-1.219369135896998,0.48216624245552225,Réactiver les clients,Tester une campagne de retour avec une offre ciblée,Taux de réactivation à 60 jours,2011-12-10
18191,262,1,207.79999999999998,2,Occasionnels en sommeil,-1.853648709732218,0.4104593531312332,Réactiver les clients,Tester une campagne de retour avec une offre ciblée,Taux de réactivation à 60 jours,2011-12-10
18192,72,1,957.97,2,Occasionnels en sommeil,-0.6284495687883388,0.131886409916532,Réactiver les clients,Tester une campagne de retour avec une offre ciblée,Taux de réactivation à 60 jours,2011-12-10
18193,166,1,243.76,2,Occasionnels en sommeil,-1.6002948973801912,0.1730513508587806,Réactiver les clients,Tester une campagne de retour avec une offre ciblée,Taux de réactivation à 60 jours,2011-12-10
18194,83,1,973.8399999999999,2,Occasionnels en sommeil,-0.6756811021635674,0.22909101671121984,Réactiver les clients,Tester une campagne de retour avec une offre ciblée,Taux de réactivation à 60 jours,2011-12-10
18196,96,2,686.63,2,Occasionnels en sommeil,-0.5308388164752768,0.35141036390733077,Réactiver les clients,Tester une campagne de retour avec une offre ciblée,Taux de réactivation à 60 jours,2011-12-10
18198,5,17,5425.56,3,Champions,3.1600487961959276,-0.017838740284585493,Maintenir une relation durable,Tester des avantages de fidélité et un accès anticipé,Taux de réachat à 90 jours,2011-12-10
18200,107,1,150.35,2,Occasionnels en sommeil,-1.6573706064509084,-0.2851175647652034,Réactiver les clients,Tester une campagne de retour avec une offre ciblée,Taux de réactivation à 60 jours,2011-12-10
18202,200,3,1396.99,1,Acheteurs réguliers,-0.21978943758260638,1.1936108454322314,Entretenir la relation et développer les achats,Tester des recommandations adaptées à l'historique d'achat,Nombre de commandes par client sur 90 jours,2011-12-10
18203,158,1,160.42000000000002,2,Occasionnels en sommeil,-1.7784267566589476,-0.010278926355062525,Réactiver les clients,Tester une campagne de retour avec une offre ciblée,Taux de réactivation à 60 jours,2011-12-10
18204,72,3,1975.35,1,Acheteurs réguliers,0.3413597365482646,0.6611879988532066,Entretenir la relation et développer les achats,Tester des recommandations adaptées à l'historique d'achat,Nombre de commandes par client sur 90 jours,2011-12-10
18205,37,2,517.36,0,Occasionnels récents,-0.29751174132668007,-0.3605237659730556,Encourager un achat supplémentaire,Tester une relance après achat avec des produits complémentaires,Taux de nouvel achat à 60 jours,2011-12-10
18209,29,1,139.10000000000002,0,Occasionnels récents,-1.1919226632492292,-1.1458366974886758,Encourager un achat supplémentaire,Tester une relance après achat avec des produits complémentaires,Taux de nouvel achat à 60 jours,2011-12-10
18210,2,6,2621.38,3,Champions,2.232684257487945,-1.0957116297235134,Maintenir une relation durable,Tester des avantages de fidélité et un accès anticipé,Taux de réachat à 90 jours,2011-12-10
18211,26,5,600.07,1,Acheteurs réguliers,0.533563210059934,-0.26256338641103893,Entretenir la relation et développer les achats,Tester des recommandations adaptées à l'historique d'achat,Nombre de commandes par client sur 90 jours,2011-12-10
18212,327,1,216.07,2,Occasionnels en sommeil,-1.921798733555124,0.5681503212100892,Réactiver les clients,Tester une campagne de retour avec une offre ciblée,Taux de réactivation à 60 jours,2011-12-10
18213,237,1,232.48000000000002,2,Occasionnels en sommeil,-1.7615271637499166,0.38617293182023,Réactiver les clients,Tester une campagne de retour avec une offre ciblée,Taux de réactivation à 60 jours,2011-12-10
18215,90,1,299.34000000000003,2,Occasionnels en sommeil,-1.265296372997492,-0.14715491554082857,Réactiver les clients,Tester une campagne de retour avec une offre ciblée,Taux de réactivation à 60 jours,2011-12-10
18216,32,1,481.75,0,Occasionnels récents,-0.6426915169477057,-0.6338621395736651,Encourager un achat supplémentaire,Tester une relance après achat avec des produits complémentaires,Taux de nouvel achat à 60 jours,2011-12-10
18217,30,2,621.75,0,Occasionnels récents,-0.13071540729237233,-0.4261248613588021,Encourager un achat supplémentaire,Tester une relance après achat avec des produits complémentaires,Taux de nouvel achat à 60 jours,2011-12-10
18218,212,2,641.92,2,Occasionnels en sommeil,-0.8710217499195352,0.8382421600106891,Réactiver les clients,Tester une campagne de retour avec une offre ciblée,Taux de réactivation à 60 jours,2011-12-10
18219,3,10,2069.77,3,Champions,2.4167565270792832,-0.8210051066888635,Maintenir une relation durable,Tester des avantages de fidélité et un accès anticipé,Taux de réachat à 90 jours,2011-12-10
18220,227,1,305.28000000000003,2,Occasionnels en sommeil,-1.6160170857561853,0.4569965226018375,Réactiver les clients,Tester une campagne de retour avec une offre ciblée,Taux de réactivation à 60 jours,2011-12-10
18221,23,5,1041.61,1,Acheteurs réguliers,0.8408760328145565,-0.13877586774095568,Entretenir la relation et développer les achats,Tester des recommandations adaptées à l'historique d'achat,Nombre de commandes par client sur 90 jours,2011-12-10
18222,93,1,443.0,2,Occasionnels en sommeil,-1.0926606933941347,0.016125243463299944,Réactiver les clients,Tester une campagne de retour avec une offre ciblée,Taux de réactivation à 60 jours,2011-12-10
18223,5,14,6484.54,3,Champions,3.0796707005605435,-0.023024515361141973,Maintenir une relation durable,Tester des avantages de fidélité et un accès anticipé,Taux de réachat à 90 jours,2011-12-10
18224,264,1,158.95000000000002,2,Occasionnels en sommeil,-1.9829859198627107,0.31843625781453505,Réactiver les clients,Tester une campagne de retour avec une offre ciblée,Taux de réactivation à 60 jours,2011-12-10
18225,4,12,5504.96,3,Champions,2.944063620412222,-0.25606672906823863,Maintenir une relation durable,Tester des avantages de fidélité et un accès anticipé,Taux de réachat à 90 jours,2011-12-10
18226,45,11,5228.05,3,Champions,1.9773692415874444,1.1369267230855267,Maintenir une relation durable,Tester des avantages de fidélité et un accès anticipé,Taux de réachat à 90 jours,2011-12-10
18227,218,1,93.75,2,Occasionnels en sommeil,-2.156529313048061,0.004034829571944047,Réactiver les clients,Tester une campagne de retour avec une offre ciblée,Taux de réactivation à 60 jours,2011-12-10
18228,57,2,779.9,1,Acheteurs réguliers,-0.2689582778653919,0.06339856803814707,Entretenir la relation et développer les achats,Tester des recommandations adaptées à l'historique d'achat,Nombre de commandes par client sur 90 jours,2011-12-10
18229,12,20,7276.900000000001,3,Champions,3.135596470459535,0.6507330415574152,Maintenir une relation durable,Tester des avantages de fidélité et un accès anticipé,Taux de réachat à 90 jours,2011-12-10
18230,10,7,2810.2000000000003,3,Champions,1.8771639100153739,-0.1745779080561006,Maintenir une relation durable,Tester des avantages de fidélité et un accès anticipé,Taux de réachat à 90 jours,2011-12-10
18231,193,5,2071.77,1,Acheteurs réguliers,0.3475783608729921,1.4695830742917424,Entretenir la relation et développer les achats,Tester des recommandations adaptées à l'historique d'achat,Nombre de commandes par client sur 90 jours,2011-12-10
18232,82,4,592.97,1,Acheteurs réguliers,-0.07714390869927791,0.39304760890777296,Entretenir la relation et développer les achats,Tester des recommandations adaptées à l'historique d'achat,Nombre de commandes par client sur 90 jours,2011-12-10
18233,326,1,440.0,2,Occasionnels en sommeil,-1.584513981532302,0.8240070488482654,Réactiver les clients,Tester une campagne de retour avec une offre ciblée,Taux de réactivation à 60 jours,2011-12-10
18235,72,3,1796.48,1,Acheteurs réguliers,0.29637920256945466,0.6266796245018861,Entretenir la relation et développer les achats,Tester des recommandations adaptées à l'historique d'achat,Nombre de commandes par client sur 90 jours,2011-12-10
18236,30,6,882.24,1,Acheteurs réguliers,0.8013315838435767,0.026453691837795838,Entretenir la relation et développer les achats,Tester des recommandations adaptées à l'historique d'achat,Nombre de commandes par client sur 90 jours,2011-12-10
18237,3,5,987.1,3,Champions,1.5177069005935444,-1.3229750997843592,Maintenir une relation durable,Tester des avantages de fidélité et un accès anticipé,Taux de réachat à 90 jours,2011-12-10
18239,219,5,1561.6100000000001,1,Acheteurs réguliers,0.16432196233062807,1.4485624857823902,Entretenir la relation et développer les achats,Tester des recommandations adaptées à l'historique d'achat,Nombre de commandes par client sur 90 jours,2011-12-10
18240,47,1,422.58,0,Occasionnels récents,-0.8515530242557311,-0.437870613709888,Encourager un achat supplémentaire,Tester une relance après achat avec des produits complémentaires,Taux de nouvel achat à 60 jours,2011-12-10
18241,10,17,2073.09,3,Champions,2.4664424513235113,0.026299826143973908,Maintenir une relation durable,Tester des avantages de fidélité et un accès anticipé,Taux de réachat à 90 jours,2011-12-10
18242,73,4,2232.4900000000002,1,Acheteurs réguliers,0.5958482428247204,0.8002379852361359,Entretenir la relation et développer les achats,Tester des recommandations adaptées à l'historique d'achat,Nombre de commandes par client sur 90 jours,2011-12-10
18245,8,7,2567.06,3,Champions,1.9129263588394996,-0.3379222443682802,Maintenir une relation durable,Tester des avantages de fidélité et un accès anticipé,Taux de réachat à 90 jours,2011-12-10
18246,24,2,596.1,0,Occasionnels récents,-0.06634400969880896,-0.5812498339021495,Encourager un achat supplémentaire,Tester une relance après achat avec des produits complémentaires,Taux de nouvel achat à 60 jours,2011-12-10
18248,123,2,804.02,2,Occasionnels en sommeil,-0.5523584145301738,0.5683686186497939,Réactiver les clients,Tester une campagne de retour avec une offre ciblée,Taux de réactivation à 60 jours,2011-12-10
18249,18,1,95.34,0,Occasionnels récents,-1.1904487433740027,-1.5789532146202032,Encourager un achat supplémentaire,Tester une relance après achat avec des produits complémentaires,Taux de nouvel achat à 60 jours,2011-12-10
18250,311,1,349.27,2,Occasionnels en sommeil,-1.6753244074375786,0.7096959548677123,Réactiver les clients,Tester une campagne de retour avec une offre ciblée,Taux de réactivation à 60 jours,2011-12-10
18251,88,1,4314.72,1,Acheteurs réguliers,0.007067938004919208,0.8078555483212945,Entretenir la relation et développer les achats,Tester des recommandations adaptées à l'historique d'achat,Nombre de commandes par client sur 90 jours,2011-12-10
18252,51,2,518.27,0,Occasionnels récents,-0.4196202338019311,-0.15600442673312342,Encourager un achat supplémentaire,Tester une relance après achat avec des produits complémentaires,Taux de nouvel achat à 60 jours,2011-12-10
18255,90,1,103.3,2,Occasionnels en sommeil,-1.766776043869202,-0.5318824116654932,Réactiver les clients,Tester une campagne de retour avec une offre ciblée,Taux de réactivation à 60 jours,2011-12-10
18257,40,8,2337.63,1,Acheteurs réguliers,1.3807417819313188,0.6589224640815676,Entretenir la relation et développer les achats,Tester des recommandations adaptées à l'historique d'achat,Nombre de commandes par client sur 90 jours,2011-12-10
18259,25,3,2338.6000000000004,1,Acheteurs réguliers,0.8260033444299854,0.05151572885794667,Entretenir la relation et développer les achats,Tester des recommandations adaptées à l'historique d'achat,Nombre de commandes par client sur 90 jours,2011-12-10
18260,173,6,2628.35,1,Acheteurs réguliers,0.6424254273110576,1.5445922798326372,Entretenir la relation et développer les achats,Tester des recommandations adaptées à l'historique d'achat,Nombre de commandes par client sur 90 jours,2011-12-10
18261,44,2,324.24,0,Occasionnels récents,-0.5847858295348762,-0.4201725462678814,Encourager un achat supplémentaire,Tester une relance après achat avec des produits complémentaires,Taux de nouvel achat à 60 jours,2011-12-10
18262,141,1,149.48,2,Occasionnels en sommeil,-1.7673808827635997,-0.10930889397163132,Réactiver les clients,Tester une campagne de retour avec une offre ciblée,Taux de réactivation à 60 jours,2011-12-10
18263,26,3,1213.1599999999999,1,Acheteurs réguliers,0.5002040789996064,-0.1625521460954186,Entretenir la relation et développer les achats,Tester des recommandations adaptées à l'historique d'achat,Nombre de commandes par client sur 90 jours,2011-12-10
18265,73,2,801.51,1,Acheteurs réguliers,-0.35150463893376965,0.23168555478653186,Entretenir la relation et développer les achats,Tester des recommandations adaptées à l'historique d'achat,Nombre de commandes par client sur 90 jours,2011-12-10
18268,135,1,25.5,2,Occasionnels en sommeil,-2.573905160446956,-0.7691063764146202,Réactiver les clients,Tester une campagne de retour avec une offre ciblée,Taux de réactivation à 60 jours,2011-12-10
18269,367,1,168.6,2,Occasionnels en sommeil,-2.083909806331503,0.5531793912890483,Réactiver les clients,Tester une campagne de retour avec une offre ciblée,Taux de réactivation à 60 jours,2011-12-10
18270,39,2,283.15,0,Occasionnels récents,-0.6026589417763821,-0.5458626790618071,Encourager un achat supplémentaire,Tester une relance après achat avec des produits complémentaires,Taux de nouvel achat à 60 jours,2011-12-10
18272,3,6,3078.58,3,Champions,2.1961261321733287,-0.8502546607773048,Maintenir une relation durable,Tester des avantages de fidélité et un accès anticipé,Taux de réachat à 90 jours,2011-12-10
18273,3,3,204.0,0,Occasionnels récents,0.4052484758038438,-2.050832252667479,Encourager un achat supplémentaire,Tester une relance après achat avec des produits complémentaires,Taux de nouvel achat à 60 jours,2011-12-10
18274,31,1,175.92,0,Occasionnels récents,-1.1065807039258602,-1.0190058865629166,Encourager un achat supplémentaire,Tester une relance après achat avec des produits complémentaires,Taux de nouvel achat à 60 jours,2011-12-10
18276,44,1,335.86,0,Occasionnels récents,-0.9348721662849379,-0.5631495502967582,Encourager un achat supplémentaire,Tester une relance après achat avec des produits complémentaires,Taux de nouvel achat à 60 jours,2011-12-10
18277,59,1,110.38,2,Occasionnels en sommeil,-1.5723799271645778,-0.7787319056088362,Réactiver les clients,Tester une campagne de retour avec une offre ciblée,Taux de réactivation à 60 jours,2011-12-10
18278,74,1,173.9,2,Occasionnels en sommeil,-1.4458753647707652,-0.4695335201795446,Réactiver les clients,Tester une campagne de retour avec une offre ciblée,Taux de réactivation à 60 jours,2011-12-10
18280,278,1,180.60000000000002,2,Occasionnels en sommeil,-1.9429738019174825,0.39807763231686805,Réactiver les clients,Tester une campagne de retour avec une offre ciblée,Taux de réactivation à 60 jours,2011-12-10
18281,181,1,80.82,2,Occasionnels en sommeil,-2.1535589037803584,-0.16963051981394858,Réactiver les clients,Tester une campagne de retour avec une offre ciblée,Taux de réactivation à 60 jours,2011-12-10
18282,8,2,178.05,0,Occasionnels récents,-0.23697414519337093,-1.6834543119116363,Encourager un achat supplémentaire,Tester une relance après achat avec des produits complémentaires,Taux de nouvel achat à 60 jours,2011-12-10
18283,4,16,2045.53,3,Champions,2.71744286786596,-0.513028758737565,Maintenir une relation durable,Tester des avantages de fidélité et un accès anticipé,Taux de réachat à 90 jours,2011-12-10
18287,43,3,1837.28,1,Acheteurs réguliers,0.5054570831577635,0.3057624161843727,Entretenir la relation et développer les achats,Tester des recommandations adaptées à l'historique d'achat,Nombre de commandes par client sur 90 jours,2011-12-10
