id_client,recence,frequence,montant_total,cluster,segment,PC1,PC2,objectif_marketing,action_recommandee,indicateur_suivi,date_reference
13297,8,4,2089.85,1,Acheteurs réguliers,1.390347010043328,-0.5932406726542154,Entretenir la relation et développer les achats,Tester des recommandations adaptées à l'historique d'achat,Nombre de commandes par client sur 90 jours,2011-12-10
15783,11,1,246.3,0,Occasionnels récents,-0.5633439139988641,-1.534732528702889,Encourager un achat supplémentaire,Tester une relance après achat avec des produits complémentaires,Taux de nouvel achat à 60 jours,2011-12-10
12539,23,4,5568.35,1,Acheteurs réguliers,1.4704309315148714,0.4006880392967849,Entretenir la relation et développer les achats,Tester des recommandations adaptées à l'historique d'achat,Nombre de commandes par client sur 90 jours,2011-12-10
12631,58,1,640.5,2,Occasionnels en sommeil,-0.7356248716250404,-0.15276507492808247,Réactiver les clients,Tester une campagne de retour avec une offre ciblée,Taux de réactivation à 60 jours,2011-12-10
17325,281,1,96.8,2,Occasionnels en sommeil,-2.24060748709942,0.1799058204244529,Réactiver les clients,Tester une campagne de retour avec une offre ciblée,Taux de réactivation à 60 jours,2011-12-10
12560,6,3,2134.01,1,Acheteurs réguliers,1.296934806963466,-0.8347088091428208,Entretenir la relation et développer les achats,Tester des recommandations adaptées à l'historique d'achat,Nombre de commandes par client sur 90 jours,2011-12-10
15826,57,3,1654.31,1,Acheteurs réguliers,0.34746710629392347,0.4471932968547874,Entretenir la relation et développer les achats,Tester des recommandations adaptées à l'historique d'achat,Nombre de commandes par client sur 90 jours,2011-12-10
15036,73,3,429.56,1,Acheteurs réguliers,-0.38653681733313017,0.11569205402448156,Entretenir la relation et développer les achats,Tester des recommandations adaptées à l'historique d'achat,Nombre de commandes par client sur 90 jours,2011-12-10
13813,40,4,1366.8600000000001,1,Acheteurs réguliers,0.5948126299635589,0.23805261533991515,Entretenir la relation et développer les achats,Tester des recommandations adaptées à l'historique d'achat,Nombre de commandes par client sur 90 jours,2011-12-10
12573,228,1,160.54000000000002,2,Occasionnels en sommeil,-1.9210671459052222,0.22712749194399337,Réactiver les clients,Tester une campagne de retour avec une offre ciblée,Taux de réactivation à 60 jours,2011-12-10
14665,61,5,1835.7,1,Acheteurs réguliers,0.7373607707958258,0.6841143933267207,Entretenir la relation et développer les achats,Tester des recommandations adaptées à l'historique d'achat,Nombre de commandes par client sur 90 jours,2011-12-10
16026,44,1,236.09,0,Occasionnels récents,-1.1014060215219759,-0.6909117645336014,Encourager un achat supplémentaire,Tester une relance après achat avec des produits complémentaires,Taux de nouvel achat à 60 jours,2011-12-10
12778,20,6,822.23,1,Acheteurs réguliers,0.9206231795231529,-0.2522978137036212,Entretenir la relation et développer les achats,Tester des recommandations adaptées à l'historique d'achat,Nombre de commandes par client sur 90 jours,2011-12-10
17025,61,3,357.77,0,Occasionnels récents,-0.4036747040615211,-0.06566663316037508,Encourager un achat supplémentaire,Tester une relance après achat avec des produits complémentaires,Taux de nouvel achat à 60 jours,2011-12-10
13298,2,1,360.0,0,Occasionnels récents,0.15938199293077532,-2.298239835487272,Encourager un achat supplémentaire,Tester une relance après achat avec des produits complémentaires,Taux de nouvel achat à 60 jours,2011-12-10
18108,255,1,271.0,2,Occasionnels en sommeil,-1.7176983797358532,0.4891112972128963,Réactiver les clients,Tester une campagne de retour avec une offre ciblée,Taux de réactivation à 60 jours,2011-12-10
17431,314,1,403.3,2,Occasionnels en sommeil,-1.6110573186629025,0.7680985028951494,Réactiver les clients,Tester une campagne de retour avec une offre ciblée,Taux de réactivation à 60 jours,2011-12-10
14976,58,7,790.86,1,Acheteurs réguliers,0.6180800893222802,0.45633415593089055,Entretenir la relation et développer les achats,Tester des recommandations adaptées à l'historique d'achat,Nombre de commandes par client sur 90 jours,2011-12-10
17631,2,3,528.33,0,Occasionnels récents,0.9677851159181896,-1.8927665889563858,Encourager un achat supplémentaire,Tester une relance après achat avec des produits complémentaires,Taux de nouvel achat à 60 jours,2011-12-10
13623,31,5,727.74,1,Acheteurs réguliers,0.5582937260426636,-0.08206486960079437,Entretenir la relation et développer les achats,Tester des recommandations adaptées à l'historique d'achat,Nombre de commandes par client sur 90 jours,2011-12-10
16527,82,1,228.06,2,Occasionnels en sommeil,-1.3576904343481564,-0.3055220112368428,Réactiver les clients,Tester une campagne de retour avec une offre ciblée,Taux de réactivation à 60 jours,2011-12-10
13533,183,3,269.09,2,Occasionnels en sommeil,-0.9646686899393947,0.5381370116005255,Réactiver les clients,Tester une campagne de retour avec une offre ciblée,Taux de réactivation à 60 jours,2011-12-10
17457,127,5,1737.7,1,Acheteurs réguliers,0.4272342051211315,1.1353597950584229,Entretenir la relation et développer les achats,Tester des recommandations adaptées à l'historique d'achat,Nombre de commandes par client sur 90 jours,2011-12-10
12641,116,1,185.9,2,Occasionnels en sommeil,-1.5887087591443345,-0.15634340920766404,Réactiver les clients,Tester une campagne de retour avec une offre ciblée,Taux de réactivation à 60 jours,2011-12-10
17189,107,2,383.75,2,Occasionnels en sommeil,-0.848260294543894,0.21001557814831978,Réactiver les clients,Tester une campagne de retour avec une offre ciblée,Taux de réactivation à 60 jours,2011-12-10
13663,180,1,189.47,2,Occasionnels en sommeil,-1.7507571238019586,0.134154699930584,Réactiver les clients,Tester une campagne de retour avec une offre ciblée,Taux de réactivation à 60 jours,2011-12-10
18261,44,2,324.24,0,Occasionnels récents,-0.5847858295348762,-0.4201725462678814,Encourager un achat supplémentaire,Tester une relance après achat avec des produits complémentaires,Taux de nouvel achat à 60 jours,2011-12-10
14868,4,8,2953.59,3,Champions,2.316324267087266,-0.62374595388175,Maintenir une relation durable,Tester des avantages de fidélité et un accès anticipé,Taux de réachat à 90 jours,2011-12-10
16882,67,3,705.12,1,Acheteurs réguliers,-0.11883369495327581,0.24067975701251634,Entretenir la relation et développer les achats,Tester des recommandations adaptées à l'historique d'achat,Nombre de commandes par client sur 90 jours,2011-12-10
18130,16,3,1059.39,1,Acheteurs réguliers,0.6173253293598936,-0.5125218685722063,Entretenir la relation et développer les achats,Tester des recommandations adaptées à l'historique d'achat,Nombre de commandes par client sur 90 jours,2011-12-10
16425,303,1,302.7,2,Occasionnels en sommeil,-1.7327869505126057,0.6409162778428396,Réactiver les clients,Tester une campagne de retour avec une offre ciblée,Taux de réactivation à 60 jours,2011-12-10
16903,30,1,363.2,0,Occasionnels récents,-0.751799137967085,-0.7770069009790667,Encourager un achat supplémentaire,Tester une relance après achat avec des produits complémentaires,Taux de nouvel achat à 60 jours,2011-12-10
12794,54,2,860.41,1,Acheteurs réguliers,-0.2016164818700457,0.06456982564170932,Entretenir la relation et développer les achats,Tester des recommandations adaptées à l'historique d'achat,Nombre de commandes par client sur 90 jours,2011-12-10
13690,60,1,172.25,2,Occasionnels en sommeil,-1.3693858756427162,-0.6072833258396713,Réactiver les clients,Tester une campagne de retour avec une offre ciblée,Taux de réactivation à 60 jours,2011-12-10
17234,183,1,149.89000000000001,2,Occasionnels en sommeil,-1.8676501312286338,0.06010473286661556,Réactiver les clients,Tester une campagne de retour avec une offre ciblée,Taux de réactivation à 60 jours,2011-12-10
15201,88,5,1236.54,1,Acheteurs réguliers,0.4084527538321638,0.7754667522062114,Entretenir la relation et développer les achats,Tester des recommandations adaptées à l'historique d'achat,Nombre de commandes par client sur 90 jours,2011-12-10
12488,10,3,1298.66,0,Occasionnels récents,0.8844240733926473,-0.7214714481703441,Encourager un achat supplémentaire,Tester une relance après achat avec des produits complémentaires,Taux de nouvel achat à 60 jours,2011-12-10
13247,18,4,501.12,0,Occasionnels récents,0.42110555823990015,-0.6264395160975903,Encourager un achat supplémentaire,Tester une relance après achat avec des produits complémentaires,Taux de nouvel achat à 60 jours,2011-12-10
14704,12,9,1493.96,3,Champions,1.7140823783555552,-0.20999543612686652,Maintenir une relation durable,Tester des avantages de fidélité et un accès anticipé,Taux de réachat à 90 jours,2011-12-10
16306,214,6,632.27,1,Acheteurs réguliers,-0.11550054314316179,1.1642781006306635,Entretenir la relation et développer les achats,Tester des recommandations adaptées à l'historique d'achat,Nombre de commandes par client sur 90 jours,2011-12-10
17988,12,7,201.12,0,Occasionnels récents,0.5634889739210894,-1.0235882238308813,Encourager un achat supplémentaire,Tester une relance après achat avec des produits complémentaires,Taux de nouvel achat à 60 jours,2011-12-10
16136,60,3,709.38,1,Acheteurs réguliers,-0.0734020193537399,0.17225436552835405,Entretenir la relation et développer les achats,Tester des recommandations adaptées à l'historique d'achat,Nombre de commandes par client sur 90 jours,2011-12-10
17462,61,2,675.69,1,Acheteurs réguliers,-0.3630124347881797,0.054646186789900415,Entretenir la relation et développer les achats,Tester des recommandations adaptées à l'historique d'achat,Nombre de commandes par client sur 90 jours,2011-12-10
15592,47,1,388.58,0,Occasionnels récents,-0.8912264850450664,-0.468307483075996,Encourager un achat supplémentaire,Tester une relance après achat avec des produits complémentaires,Taux de nouvel achat à 60 jours,2011-12-10
16366,19,1,327.3,0,Occasionnels récents,-0.6292270990703961,-1.0996272654564854,Encourager un achat supplémentaire,Tester une relance après achat avec des produits complémentaires,Taux de nouvel achat à 60 jours,2011-12-10
15974,40,7,3442.15,1,Acheteurs réguliers,1.45762122566193,0.7543896927797253,Entretenir la relation et développer les achats,Tester des recommandations adaptées à l'historique d'achat,Nombre de commandes par client sur 90 jours,2011-12-10
14304,223,1,383.45,2,Occasionnels en sommeil,-1.5012991345317868,0.528179109639142,Réactiver les clients,Tester une campagne de retour avec une offre ciblée,Taux de réactivation à 60 jours,2011-12-10
12614,278,1,315.6,2,Occasionnels en sommeil,-1.6794268601692028,0.6002667955064309,Réactiver les clients,Tester une campagne de retour avec une offre ciblée,Taux de réactivation à 60 jours,2011-12-10
13165,47,2,1021.48,1,Acheteurs réguliers,-0.06698214974801393,0.03843624998372472,Entretenir la relation et développer les achats,Tester des recommandations adaptées à l'historique d'achat,Nombre de commandes par client sur 90 jours,2011-12-10
15683,118,1,193.75,2,Occasionnels en sommeil,-1.575844394047114,-0.13035985848092826,Réactiver les clients,Tester une campagne de retour avec une offre ciblée,Taux de réactivation à 60 jours,2011-12-10
18074,374,1,489.6,2,Occasionnels en sommeil,-1.5876619412745916,0.9518075417451991,Réactiver les clients,Tester une campagne de retour avec une offre ciblée,Taux de réactivation à 60 jours,2011-12-10
17582,237,1,175.27,2,Occasionnels en sommeil,-1.8948004449335285,0.2839277188069862,Réactiver les clients,Tester une campagne de retour avec une offre ciblée,Taux de réactivation à 60 jours,2011-12-10
18169,61,1,202.65,2,Occasionnels en sommeil,-1.2991051198882964,-0.5379058812131062,Réactiver les clients,Tester une campagne de retour avec une offre ciblée,Taux de réactivation à 60 jours,2011-12-10
15142,47,1,498.74,0,Occasionnels récents,-0.7731547590351869,-0.3777246695554869,Encourager un achat supplémentaire,Tester une relance après achat avec des produits complémentaires,Taux de nouvel achat à 60 jours,2011-12-10
14198,19,4,701.4,1,Acheteurs réguliers,0.5601551763913882,-0.4709974569289506,Entretenir la relation et développer les achats,Tester des recommandations adaptées à l'historique d'achat,Nombre de commandes par client sur 90 jours,2011-12-10
13652,46,3,1095.08,1,Acheteurs réguliers,0.2344271631644822,0.16053968838131524,Entretenir la relation et développer les achats,Tester des recommandations adaptées à l'historique d'achat,Nombre de commandes par client sur 90 jours,2011-12-10
17109,30,6,881.29,1,Acheteurs réguliers,0.8008213227636145,0.02606222737958056,Entretenir la relation et développer les achats,Tester des recommandations adaptées à l'historique d'achat,Nombre de commandes par client sur 90 jours,2011-12-10
18053,71,1,300.02,2,Occasionnels en sommeil,-1.1724304263670604,-0.2985608683684876,Réactiver les clients,Tester une campagne de retour avec une offre ciblée,Taux de réactivation à 60 jours,2011-12-10
16833,2,4,1106.53,0,Occasionnels récents,1.5196635166066954,-1.538498750323695,Encourager un achat supplémentaire,Tester une relance après achat avec des produits complémentaires,Taux de nouvel achat à 60 jours,2011-12-10
17514,129,1,208.65,2,Occasionnels en sommeil,-1.5755421400633103,-0.04607430774701197,Réactiver les clients,Tester une campagne de retour avec une offre ciblée,Taux de réactivation à 60 jours,2011-12-10
16097,241,1,185.04999999999998,2,Occasionnels en sommeil,-1.8757299053677159,0.31440396853615865,Réactiver les clients,Tester une campagne de retour avec une offre ciblée,Taux de réactivation à 60 jours,2011-12-10
13918,50,2,1212.8400000000001,1,Acheteurs réguliers,-0.009400567119595695,0.14024872187704227,Entretenir la relation et développer les achats,Tester des recommandations adaptées à l'historique d'achat,Nombre de commandes par client sur 90 jours,2011-12-10
16056,46,1,650.75,0,Occasionnels récents,-0.6389817932066767,-0.2948050344304565,Encourager un achat supplémentaire,Tester une relance après achat avec des produits complémentaires,Taux de nouvel achat à 60 jours,2011-12-10
15128,61,4,1471.0,1,Acheteurs réguliers,0.467504546728757,0.5335639102547358,Entretenir la relation et développer les achats,Tester des recommandations adaptées à l'historique d'achat,Nombre de commandes par client sur 90 jours,2011-12-10
17078,37,2,378.2,0,Occasionnels récents,-0.4457333441658595,-0.47423710161590815,Encourager un achat supplémentaire,Tester une relance après achat avec des produits complémentaires,Taux de nouvel achat à 60 jours,2011-12-10
17995,282,1,76.1,2,Occasionnels en sommeil,-2.3547574322675295,0.09569710495097292,Réactiver les clients,Tester une campagne de retour avec une offre ciblée,Taux de réactivation à 60 jours,2011-12-10
14155,267,1,118.75,2,Occasionnels en sommeil,-2.124642752899949,0.2204616637831083,Réactiver les clients,Tester une campagne de retour avec une offre ciblée,Taux de réactivation à 60 jours,2011-12-10
17873,81,5,1848.96,1,Acheteurs réguliers,0.6311864415210973,0.868464737396557,Entretenir la relation et développer les achats,Tester des recommandations adaptées à l'historique d'achat,Nombre de commandes par client sur 90 jours,2011-12-10
15060,9,4,294.25,0,Occasionnels récents,0.4209039331888706,-1.2368146279379038,Encourager un achat supplémentaire,Tester une relance après achat avec des produits complémentaires,Taux de nouvel achat à 60 jours,2011-12-10
14770,233,2,876.42,2,Occasionnels en sommeil,-0.7604333612109304,1.0124786505638612,Réactiver les clients,Tester une campagne de retour avec une offre ciblée,Taux de réactivation à 60 jours,2011-12-10
15821,45,2,570.96,0,Occasionnels récents,-0.3257413767210524,-0.200541936444861,Encourager un achat supplémentaire,Tester une relance après achat avec des produits complémentaires,Taux de nouvel achat à 60 jours,2011-12-10
14379,45,2,348.1,0,Occasionnels récents,-0.5598332804821368,-0.38013364719258896,Encourager un achat supplémentaire,Tester une relance après achat avec des produits complémentaires,Taux de nouvel achat à 60 jours,2011-12-10
12744,52,7,21279.29,3,Champions,2.2206087288622656,1.5838095121952322,Maintenir une relation durable,Tester des avantages de fidélité et un accès anticipé,Taux de réachat à 90 jours,2011-12-10
13093,276,8,7832.47,1,Acheteurs réguliers,1.2050992835751526,2.340462299937899,Entretenir la relation et développer les achats,Tester des recommandations adaptées à l'historique d'achat,Nombre de commandes par client sur 90 jours,2011-12-10
13476,179,2,1238.47,1,Acheteurs réguliers,-0.49380194476436134,0.9676004065969179,Entretenir la relation et développer les achats,Tester des recommandations adaptées à l'historique d'achat,Nombre de commandes par client sur 90 jours,2011-12-10
14191,2,13,4684.76,3,Champions,3.134831993835924,-0.6183189566071158,Maintenir une relation durable,Tester des avantages de fidélité et un accès anticipé,Taux de réachat à 90 jours,2011-12-10
14195,202,2,1012.0,2,Occasionnels en sommeil,-0.6366021030398143,0.9723690279991677,Réactiver les clients,Tester une campagne de retour avec une offre ciblée,Taux de réactivation à 60 jours,2011-12-10
13193,62,1,112.08,2,Occasionnels en sommeil,-1.5843212762457977,-0.7415075605401207,Réactiver les clients,Tester une campagne de retour avec une offre ciblée,Taux de réactivation à 60 jours,2011-12-10
16959,88,1,117.35000000000001,2,Occasionnels en sommeil,-1.6981451006524477,-0.5003576870854316,Réactiver les clients,Tester une campagne de retour avec une offre ciblée,Taux de réactivation à 60 jours,2011-12-10
14039,34,1,152.2,0,Occasionnels récents,-1.209959991418614,-1.0131212202229591,Encourager un achat supplémentaire,Tester une relance après achat avec des produits complémentaires,Taux de nouvel achat à 60 jours,2011-12-10
18180,5,6,1843.75,3,Champions,1.794224537732377,-0.7731054305098513,Maintenir une relation durable,Tester des avantages de fidélité et un accès anticipé,Taux de réachat à 90 jours,2011-12-10
15292,202,1,178.39,2,Occasionnels en sommeil,-1.8241349230588357,0.18691595293351324,Réactiver les clients,Tester une campagne de retour avec une offre ciblée,Taux de réactivation à 60 jours,2011-12-10
16093,107,1,17.0,2,Occasionnels en sommeil,-2.666937517506358,-1.059641782637315,Réactiver les clients,Tester une campagne de retour avec une offre ciblée,Taux de réactivation à 60 jours,2011-12-10
15882,199,4,516.36,2,Occasionnels en sommeil,-0.48733564501382576,0.9144869857170663,Réactiver les clients,Tester une campagne de retour avec une offre ciblée,Taux de réactivation à 60 jours,2011-12-10
17423,47,2,698.41,0,Occasionnels récents,-0.2470394674731451,-0.09970095682846233,Encourager un achat supplémentaire,Tester une relance après achat avec des produits complémentaires,Taux de nouvel achat à 60 jours,2011-12-10
14481,165,2,636.51,2,Occasionnels en sommeil,-0.7773119665367535,0.6731173337358063,Réactiver les clients,Tester une campagne de retour avec une offre ciblée,Taux de réactivation à 60 jours,2011-12-10
16528,4,1,244.41,0,Occasionnels récents,-0.2238357866755012,-2.1065887959721437,Encourager un achat supplémentaire,Tester une relance après achat avec des produits complémentaires,Taux de nouvel achat à 60 jours,2011-12-10
15017,34,1,125.58,0,Occasionnels récents,-1.3004604916692688,-1.0825518130901448,Encourager un achat supplémentaire,Tester une relance après achat avec des produits complémentaires,Taux de nouvel achat à 60 jours,2011-12-10
13363,18,2,992.5,0,Occasionnels récents,0.2826355062669602,-0.5744294714608613,Encourager un achat supplémentaire,Tester une relance après achat avec des produits complémentaires,Taux de nouvel achat à 60 jours,2011-12-10
16982,61,1,384.06,2,Occasionnels en sommeil,-0.9970745971931378,-0.3061927061850032,Réactiver les clients,Tester une campagne de retour avec une offre ciblée,Taux de réactivation à 60 jours,2011-12-10
16594,76,1,181.09,2,Occasionnels en sommeil,-1.43708875537537,-0.43777229597433026,Réactiver les clients,Tester une campagne de retour avec une offre ciblée,Taux de réactivation à 60 jours,2011-12-10
12949,31,8,4167.22,3,Champions,1.751904199574885,0.7080508878311906,Maintenir une relation durable,Tester des avantages de fidélité et un accès anticipé,Taux de réachat à 90 jours,2011-12-10
17076,37,3,841.0799999999999,1,Acheteurs réguliers,0.1927469243311538,-0.07352220450249096,Entretenir la relation et développer les achats,Tester des recommandations adaptées à l'historique d'achat,Nombre de commandes par client sur 90 jours,2011-12-10
12679,59,4,1113.02,1,Acheteurs réguliers,0.34823685755898787,0.4108897798959066,Entretenir la relation et développer les achats,Tester des recommandations adaptées à l'historique d'achat,Nombre de commandes par client sur 90 jours,2011-12-10
13504,65,1,295.93,2,Occasionnels en sommeil,-1.1448122242288137,-0.36009567156775113,Réactiver les clients,Tester une campagne de retour avec une offre ciblée,Taux de réactivation à 60 jours,2011-12-10
17880,365,1,458.92,2,Occasionnels en sommeil,-1.608759110670756,0.9125266786530717,Réactiver les clients,Tester une campagne de retour avec une offre ciblée,Taux de réactivation à 60 jours,2011-12-10
18219,3,10,2069.77,3,Champions,2.4167565270792832,-0.8210051066888635,Maintenir une relation durable,Tester des avantages de fidélité et un accès anticipé,Taux de réachat à 90 jours,2011-12-10
15125,26,15,11528.48,3,Champions,2.8213033578503266,1.1887171373306815,Maintenir une relation durable,Tester des avantages de fidélité et un accès anticipé,Taux de réachat à 90 jours,2011-12-10
12429,10,4,3750.4,3,Champions,1.5888600022659887,-0.2501638186095483,Maintenir une relation durable,Tester des avantages de fidélité et un accès anticipé,Taux de réachat à 90 jours,2011-12-10
15556,25,1,279.77,0,Occasionnels récents,-0.8062154496983827,-0.9859762391405155,Encourager un achat supplémentaire,Tester une relance après achat avec des produits complémentaires,Taux de nouvel achat à 60 jours,2011-12-10
14539,16,2,537.48,0,Occasionnels récents,0.03582321611724993,-0.8695240006861747,Encourager un achat supplémentaire,Tester une relance après achat avec des produits complémentaires,Taux de nouvel achat à 60 jours,2011-12-10
15568,3,3,758.29,0,Occasionnels récents,1.026085418384287,-1.5745356921200224,Encourager un achat supplémentaire,Tester une relance après achat avec des produits complémentaires,Taux de nouvel achat à 60 jours,2011-12-10
15148,11,1,301.29,0,Occasionnels récents,-0.46814227968318173,-1.4616952980339344,Encourager un achat supplémentaire,Tester une relance après achat avec des produits complémentaires,Taux de nouvel achat à 60 jours,2011-12-10
12384,29,2,585.27,0,Occasionnels récents,-0.14648503001434302,-0.4693968658268845,Encourager un achat supplémentaire,Tester une relance après achat avec des produits complémentaires,Taux de nouvel achat à 60 jours,2011-12-10
17676,5,6,1371.18,3,Champions,1.653903738633684,-0.8807573909524572,Maintenir une relation durable,Tester des avantages de fidélité et un accès anticipé,Taux de réachat à 90 jours,2011-12-10
17682,11,6,2474.33,3,Champions,1.661954641042023,-0.21559510494951986,Maintenir une relation durable,Tester des avantages de fidélité et un accès anticipé,Taux de réachat à 90 jours,2011-12-10
16520,187,3,1046.57,1,Acheteurs réguliers,-0.3304032939423043,1.0451819575346195,Entretenir la relation et développer les achats,Tester des recommandations adaptées à l'historique d'achat,Nombre de commandes par client sur 90 jours,2011-12-10
15121,51,2,457.72,0,Occasionnels récents,-0.4784069857456272,-0.20110471931584284,Encourager un achat supplémentaire,Tester une relance après achat avec des produits complémentaires,Taux de nouvel achat à 60 jours,2011-12-10
15539,8,1,538.46,0,Occasionnels récents,-0.08076550830210703,-1.4380095935386077,Encourager un achat supplémentaire,Tester une relance après achat avec des produits complémentaires,Taux de nouvel achat à 60 jours,2011-12-10
13058,25,3,271.40000000000003,0,Occasionnels récents,-0.1936346601466959,-0.7307348771784661,Encourager un achat supplémentaire,Tester une relance après achat avec des produits complémentaires,Taux de nouvel achat à 60 jours,2011-12-10
12947,144,6,1603.99,1,Acheteurs réguliers,0.479839045206828,1.2465225791598722,Entretenir la relation et développer les achats,Tester des recommandations adaptées à l'historique d'achat,Nombre de commandes par client sur 90 jours,2011-12-10
18210,2,6,2621.38,3,Champions,2.232684257487945,-1.0957116297235134,Maintenir une relation durable,Tester des avantages de fidélité et un accès anticipé,Taux de réachat à 90 jours,2011-12-10
14789,29,1,197.64,0,Occasionnels récents,-1.0263797346256076,-1.0188347069198438,Encourager un achat supplémentaire,Tester une relance après achat avec des produits complémentaires,Taux de nouvel achat à 60 jours,2011-12-10
17432,19,2,365.76,0,Occasionnels récents,-0.20997020563779417,-0.9035836734405736,Encourager un achat supplémentaire,Tester une relance après achat avec des produits complémentaires,Taux de nouvel achat à 60 jours,2011-12-10
16546,291,2,787.15,2,Occasionnels en sommeil,-0.8981001862159381,1.117382262417802,Réactiver les clients,Tester une campagne de retour avec une offre ciblée,Taux de réactivation à 60 jours,2011-12-10
15260,101,7,1810.77,1,Acheteurs réguliers,0.7959495875174746,1.113248183510519,Entretenir la relation et développer les achats,Tester des recommandations adaptées à l'historique d'achat,Nombre de commandes par client sur 90 jours,2011-12-10
17679,53,2,1992.1100000000001,1,Acheteurs réguliers,0.20332928053690255,0.35779318059208975,Entretenir la relation et développer les achats,Tester des recommandations adaptées à l'historique d'achat,Nombre de commandes par client sur 90 jours,2011-12-10
15307,96,1,205.3,2,Occasionnels en sommeil,-1.4684056518478383,-0.2422726495281067,Réactiver les clients,Tester une campagne de retour avec une offre ciblée,Taux de réactivation à 60 jours,2011-12-10
16416,27,3,1051.4,1,Acheteurs réguliers,0.4181562382173242,-0.19092270609116369,Entretenir la relation et développer les achats,Tester des recommandations adaptées à l'historique d'achat,Nombre de commandes par client sur 90 jours,2011-12-10
13014,11,10,3466.2799999999997,3,Champions,2.2305477324294833,0.08060608195269418,Maintenir une relation durable,Tester des avantages de fidélité et un accès anticipé,Taux de réachat à 90 jours,2011-12-10
15521,41,8,3000.2,1,Acheteurs réguliers,1.4895713408729734,0.7653247444908867,Entretenir la relation et développer les achats,Tester des recommandations adaptées à l'historique d'achat,Nombre de commandes par client sur 90 jours,2011-12-10
16305,139,1,361.21999999999997,2,Occasionnels en sommeil,-1.3453193073253582,0.20100470780824184,Réactiver les clients,Tester une campagne de retour avec une offre ciblée,Taux de réactivation à 60 jours,2011-12-10
13675,152,2,486.82000000000005,2,Occasionnels en sommeil,-0.8722410896434813,0.5227584482180511,Réactiver les clients,Tester une campagne de retour avec une offre ciblée,Taux de réactivation à 60 jours,2011-12-10
15349,159,2,463.90999999999997,2,Occasionnels en sommeil,-0.9125833907366576,0.5343395618264807,Réactiver les clients,Tester une campagne de retour avec une offre ciblée,Taux de réactivation à 60 jours,2011-12-10
14105,240,1,1266.23,2,Occasionnels en sommeil,-0.9644192725438743,1.0096107641700138,Réactiver les clients,Tester une campagne de retour avec une offre ciblée,Taux de réactivation à 60 jours,2011-12-10
13887,205,1,349.55,2,Occasionnels en sommeil,-1.5122337625115754,0.44014890616729657,Réactiver les clients,Tester une campagne de retour avec une offre ciblée,Taux de réactivation à 60 jours,2011-12-10
16837,32,11,3170.98,3,Champions,1.8705372212679487,0.7392020592307093,Maintenir une relation durable,Tester des avantages de fidélité et un accès anticipé,Taux de réachat à 90 jours,2011-12-10
17968,374,1,265.1,2,Occasionnels en sommeil,-1.8777252637600068,0.7292754187910792,Réactiver les clients,Tester une campagne de retour avec une offre ciblée,Taux de réactivation à 60 jours,2011-12-10
15952,34,4,781.91,1,Acheteurs réguliers,0.39226210874215806,-0.06776704322621965,Entretenir la relation et développer les achats,Tester des recommandations adaptées à l'historique d'achat,Nombre de commandes par client sur 90 jours,2011-12-10
14107,52,7,2703.23,1,Acheteurs réguliers,1.2424584830647531,0.8333876770583223,Entretenir la relation et développer les achats,Tester des recommandations adaptées à l'historique d'achat,Nombre de commandes par client sur 90 jours,2011-12-10
15831,59,3,794.64,1,Acheteurs réguliers,-0.013180102083845024,0.20274103158331488,Entretenir la relation et développer les achats,Tester des recommandations adaptées à l'historique d'achat,Nombre de commandes par client sur 90 jours,2011-12-10
12432,43,5,5059.32,1,Acheteurs réguliers,1.3523098743764639,0.8298510091520949,Entretenir la relation et développer les achats,Tester des recommandations adaptées à l'historique d'achat,Nombre de commandes par client sur 90 jours,2011-12-10
15435,23,1,149.29,0,Occasionnels récents,-1.0711700026729876,-1.2653431416142442,Encourager un achat supplémentaire,Tester une relance après achat avec des produits complémentaires,Taux de nouvel achat à 60 jours,2011-12-10
16763,199,1,611.85,2,Occasionnels en sommeil,-1.2357809416388,0.6241372504809934,Réactiver les clients,Tester une campagne de retour avec une offre ciblée,Taux de réactivation à 60 jours,2011-12-10
13722,132,3,2375.41,1,Acheteurs réguliers,0.19363309720620658,1.1181788059311801,Entretenir la relation et développer les achats,Tester des recommandations adaptées à l'historique d'achat,Nombre de commandes par client sur 90 jours,2011-12-10
14553,20,5,859.27,1,Acheteurs réguliers,0.802066150633882,-0.2955005754705475,Entretenir la relation et développer les achats,Tester des recommandations adaptées à l'historique d'achat,Nombre de commandes par client sur 90 jours,2011-12-10
16414,22,2,126.25,0,Occasionnels récents,-0.7666620713396936,-1.1977952741460378,Encourager un achat supplémentaire,Tester une relance après achat avec des produits complémentaires,Taux de nouvel achat à 60 jours,2011-12-10
14295,41,1,166.20000000000002,0,Occasionnels récents,-1.2399595726426778,-0.8628005107131989,Encourager un achat supplémentaire,Tester une relance après achat avec des produits complémentaires,Taux de nouvel achat à 60 jours,2011-12-10
17727,16,1,1060.25,0,Occasionnels récents,-0.009220806529018848,-0.7784772296072292,Encourager un achat supplémentaire,Tester une relance après achat avec des produits complémentaires,Taux de nouvel achat à 60 jours,2011-12-10
12613,58,5,3344.38,1,Acheteurs réguliers,1.0411043957426842,0.8699892541613723,Entretenir la relation et développer les achats,Tester des recommandations adaptées à l'historique d'achat,Nombre de commandes par client sur 90 jours,2011-12-10
17349,180,1,98.25,2,Occasionnels en sommeil,-2.059831802256107,-0.10296264313240143,Réactiver les clients,Tester une campagne de retour avec une offre ciblée,Taux de réactivation à 60 jours,2011-12-10
16614,183,1,506.19,2,Occasionnels en sommeil,-1.2928241360306048,0.5011024017361914,Réactiver les clients,Tester une campagne de retour avec une offre ciblée,Taux de réactivation à 60 jours,2011-12-10
15218,11,11,5756.89,3,Champions,2.549735042941165,0.29852753865684206,Maintenir une relation durable,Tester des avantages de fidélité et un accès anticipé,Taux de réachat à 90 jours,2011-12-10
15700,173,2,696.68,2,Occasionnels en sommeil,-0.7529967056083062,0.7365194395897535,Réactiver les clients,Tester une campagne de retour avec une offre ciblée,Taux de réactivation à 60 jours,2011-12-10
16475,89,4,544.3,1,Acheteurs réguliers,-0.14941646233422404,0.4145797580289136,Entretenir la relation et développer les achats,Tester des recommandations adaptées à l'historique d'achat,Nombre de commandes par client sur 90 jours,2011-12-10
16387,323,1,94.36,2,Occasionnels en sommeil,-2.3070048722998355,0.26096072487585903,Réactiver les clients,Tester une campagne de retour avec une offre ciblée,Taux de réactivation à 60 jours,2011-12-10
13043,274,1,516.42,2,Occasionnels en sommeil,-1.4408577719034021,0.7695643513662968,Réactiver les clients,Tester une campagne de retour avec une offre ciblée,Taux de réactivation à 60 jours,2011-12-10
16184,65,6,1158.79,1,Acheteurs réguliers,0.6342993276219009,0.6167339408992109,Entretenir la relation et développer les achats,Tester des recommandations adaptées à l'historique d'achat,Nombre de commandes par client sur 90 jours,2011-12-10
15615,11,23,10399.74,3,Champions,3.4570320497030984,0.7798706528943844,Maintenir une relation durable,Tester des avantages de fidélité et un accès anticipé,Taux de réachat à 90 jours,2011-12-10
16143,4,6,2424.94,3,Champions,1.995544098154962,-0.7919920850386697,Maintenir une relation durable,Tester des avantages de fidélité et un accès anticipé,Taux de réachat à 90 jours,2011-12-10
15392,5,4,1535.53,3,Champions,1.4032132652423281,-0.9688518360054039,Maintenir une relation durable,Tester des avantages de fidélité et un accès anticipé,Taux de réachat à 90 jours,2011-12-10
16313,4,2,274.15000000000003,0,Occasionnels récents,0.19713100934465488,-1.9092333929709864,Encourager un achat supplémentaire,Tester une relance après achat avec des produits complémentaires,Taux de nouvel achat à 60 jours,2011-12-10
14769,3,8,10416.98,3,Champions,3.0012954579867532,-0.31039261316086125,Maintenir une relation durable,Tester des avantages de fidélité et un accès anticipé,Taux de réachat à 90 jours,2011-12-10
17049,3,9,5655.03,3,Champions,2.8069760713908773,-0.4921097473822257,Maintenir une relation durable,Tester des avantages de fidélité et un accès anticipé,Taux de réachat à 90 jours,2011-12-10
17650,22,1,166.08,0,Occasionnels récents,-1.004273375764125,-1.2544831620319583,Encourager un achat supplémentaire,Tester une relance après achat avec des produits complémentaires,Taux de nouvel achat à 60 jours,2011-12-10
17341,157,3,682.29,2,Occasionnels en sommeil,-0.4648705939826021,0.7767417435554336,Réactiver les clients,Tester une campagne de retour avec une offre ciblée,Taux de réactivation à 60 jours,2011-12-10
17400,127,5,2097.84,1,Acheteurs réguliers,0.5164911885973944,1.2038363809682193,Entretenir la relation et développer les achats,Tester des recommandations adaptées à l'historique d'achat,Nombre de commandes par client sur 90 jours,2011-12-10
13832,20,1,52.199999999999996,0,Occasionnels récents,-1.5112381343660284,-1.7299070113300279,Encourager un achat supplémentaire,Tester une relance après achat avec des produits complémentaires,Taux de nouvel achat à 60 jours,2011-12-10
13061,73,1,248.61,2,Occasionnels en sommeil,-1.2719666494024917,-0.3488748998710673,Réactiver les clients,Tester une campagne de retour avec une offre ciblée,Taux de réactivation à 60 jours,2011-12-10
12409,79,3,11072.67,1,Acheteurs réguliers,1.1225773577616274,1.34758049984911,Entretenir la relation et développer les achats,Tester des recommandations adaptées à l'historique d'achat,Nombre de commandes par client sur 90 jours,2011-12-10
16084,300,1,436.18,2,Occasionnels en sommeil,-1.5561654387214674,0.7669889265541879,Réactiver les clients,Tester une campagne de retour avec une offre ciblée,Taux de réactivation à 60 jours,2011-12-10
14935,298,1,1784.71,2,Occasionnels en sommeil,-0.886318850212461,1.2745468075135336,Réactiver les clients,Tester une campagne de retour avec une offre ciblée,Taux de réactivation à 60 jours,2011-12-10
16240,25,2,3718.8,1,Acheteurs réguliers,0.7856613092680194,0.1096832914211315,Entretenir la relation et développer les achats,Tester des recommandations adaptées à l'historique d'achat,Nombre de commandes par client sur 90 jours,2011-12-10
13410,25,5,1003.06,1,Acheteurs réguliers,0.7916390494028455,-0.10045188309348536,Entretenir la relation et développer les achats,Tester des recommandations adaptées à l'historique d'achat,Nombre de commandes par client sur 90 jours,2011-12-10
16872,78,3,680.02,1,Acheteurs réguliers,-0.19476480814434716,0.3249769937146709,Entretenir la relation et développer les achats,Tester des recommandations adaptées à l'historique d'achat,Nombre de commandes par client sur 90 jours,2011-12-10
17849,219,4,605.8000000000001,1,Acheteurs réguliers,-0.4490853237998118,1.0344449080186984,Entretenir la relation et développer les achats,Tester des recommandations adaptées à l'historique d'achat,Nombre de commandes par client sur 90 jours,2011-12-10
17964,32,2,463.21,0,Occasionnels récents,-0.2945291981696951,-0.4923612125622262,Encourager un achat supplémentaire,Tester une relance après achat avec des produits complémentaires,Taux de nouvel achat à 60 jours,2011-12-10
14138,2,2,965.8800000000001,0,Occasionnels récents,0.9932417373228537,-1.7841193083515055,Encourager un achat supplémentaire,Tester une relance après achat avec des produits complémentaires,Taux de nouvel achat à 60 jours,2011-12-10
16325,47,3,594.24,1,Acheteurs réguliers,-0.06330679012739053,-0.047861422515352324,Entretenir la relation et développer les achats,Tester des recommandations adaptées à l'historique d'achat,Nombre de commandes par client sur 90 jours,2011-12-10
12450,157,2,197.88,2,Occasionnels en sommeil,-1.3102721161247521,0.21728004087063807,Réactiver les clients,Tester une campagne de retour avec une offre ciblée,Taux de réactivation à 60 jours,2011-12-10
12902,265,1,138.68,2,Occasionnels en sommeil,-2.048712670266796,0.27159255859036124,Réactiver les clients,Tester une campagne de retour avec une offre ciblée,Taux de réactivation à 60 jours,2011-12-10
15933,22,3,1107.46,1,Acheteurs réguliers,0.5198656529253205,-0.2999083289729408,Entretenir la relation et développer les achats,Tester des recommandations adaptées à l'historique d'achat,Nombre de commandes par client sur 90 jours,2011-12-10
13849,52,2,1537.95,1,Acheteurs réguliers,0.0880430777748042,0.25157647740784717,Entretenir la relation et développer les achats,Tester des recommandations adaptées à l'historique d'achat,Nombre de commandes par client sur 90 jours,2011-12-10
16233,72,3,536.6800000000001,1,Acheteurs réguliers,-0.2758592642206316,0.18766706765850436,Entretenir la relation et développer les achats,Tester des recommandations adaptées à l'historique d'achat,Nombre de commandes par client sur 90 jours,2011-12-10
14237,374,1,161.0,2,Occasionnels en sommeil,-2.1130334509639623,0.5487505940793489,Réactiver les clients,Tester une campagne de retour avec une offre ciblée,Taux de réactivation à 60 jours,2011-12-10
12434,85,2,806.14,1,Acheteurs réguliers,-0.4076810509952249,0.3314634922863253,Entretenir la relation et développer les achats,Tester des recommandations adaptées à l'historique d'achat,Nombre de commandes par client sur 90 jours,2011-12-10
14732,9,8,2702.4900000000002,3,Champions,2.002528563941666,-0.20549943711777446,Maintenir une relation durable,Tester des avantages de fidélité et un accès anticipé,Taux de réachat à 90 jours,2011-12-10
16133,4,33,14589.04,3,Champions,4.275691734196409,0.4677146175168936,Maintenir une relation durable,Tester des avantages de fidélité et un accès anticipé,Taux de réachat à 90 jours,2011-12-10
13047,32,10,3237.54,3,Champions,1.80168452676621,0.7133334724732541,Maintenir une relation durable,Tester des avantages de fidélité et un accès anticipé,Taux de réachat à 90 jours,2011-12-10
12680,1,4,862.81,0,Occasionnels récents,1.560745987093535,-1.8924628669682142,Encourager un achat supplémentaire,Tester une relance après achat avec des produits complémentaires,Taux de nouvel achat à 60 jours,2011-12-10
16744,12,7,1291.91,3,Champions,1.4434076654994399,-0.3485281273452687,Maintenir une relation durable,Tester des avantages de fidélité et un accès anticipé,Taux de réachat à 90 jours,2011-12-10
15484,2,4,3590.41,3,Champions,2.0774571587298074,-1.1105680409586463,Maintenir une relation durable,Tester des avantages de fidélité et un accès anticipé,Taux de réachat à 90 jours,2011-12-10
14205,17,2,466.7,0,Occasionnels récents,-0.05339889421962971,-0.8836324433675055,Encourager un achat supplémentaire,Tester une relance après achat avec des produits complémentaires,Taux de nouvel achat à 60 jours,2011-12-10
13784,10,11,2462.79,3,Champions,2.181349602039487,-0.06681517320233397,Maintenir une relation durable,Tester des avantages de fidélité et un accès anticipé,Taux de réachat à 90 jours,2011-12-10
14081,303,2,921.62,2,Occasionnels en sommeil,-0.8391937392905856,1.2008634026717517,Réactiver les clients,Tester une campagne de retour avec une offre ciblée,Taux de réactivation à 60 jours,2011-12-10
13068,11,2,344.0,0,Occasionnels récents,-0.03874917556035521,-1.2578753609624724,Encourager un achat supplémentaire,Tester une relance après achat avec des produits complémentaires,Taux de nouvel achat à 60 jours,2011-12-10
15963,20,2,470.76,0,Occasionnels récents,-0.10972105760905312,-0.78028850327327,Encourager un achat supplémentaire,Tester une relance après achat avec des produits complémentaires,Taux de nouvel achat à 60 jours,2011-12-10
14661,27,1,107.95,0,Occasionnels récents,-1.2841132080232518,-1.2821564577638922,Encourager un achat supplémentaire,Tester une relance après achat avec des produits complémentaires,Taux de nouvel achat à 60 jours,2011-12-10
16482,16,1,220.62,0,Occasionnels récents,-0.7518496400200394,-1.3482106570108534,Encourager un achat supplémentaire,Tester une relance après achat avec des produits complémentaires,Taux de nouvel achat à 60 jours,2011-12-10
13140,109,3,422.47,2,Occasionnels en sommeil,-0.5497871548694695,0.3673270419389656,Réactiver les clients,Tester une campagne de retour avec une offre ciblée,Taux de réactivation à 60 jours,2011-12-10
16148,297,1,76.32000000000001,2,Occasionnels en sommeil,-2.3736496282568185,0.1303045142860767,Réactiver les clients,Tester une campagne de retour avec une offre ciblée,Taux de réactivation à 60 jours,2011-12-10
16243,34,2,409.1,0,Occasionnels récents,-0.3763561253395546,-0.49919699899628245,Encourager un achat supplémentaire,Tester une relance après achat avec des produits complémentaires,Taux de nouvel achat à 60 jours,2011-12-10
17960,172,1,73.78,2,Occasionnels en sommeil,-2.1763404719794934,-0.23532381259987312,Réactiver les clients,Tester une campagne de retour avec une offre ciblée,Taux de réactivation à 60 jours,2011-12-10
14562,4,18,5006.77,3,Champions,3.242332030387444,-0.14479702815843126,Maintenir une relation durable,Tester des avantages de fidélité et un accès anticipé,Taux de réachat à 90 jours,2011-12-10
15597,36,1,324.57,0,Occasionnels récents,-0.874312456860776,-0.7027864724127123,Encourager un achat supplémentaire,Tester une relance après achat avec des produits complémentaires,Taux de nouvel achat à 60 jours,2011-12-10
16532,18,3,6748.8,1,Acheteurs réguliers,1.4513188732032718,0.23304909394943887,Entretenir la relation et développer les achats,Tester des recommandations adaptées à l'historique d'achat,Nombre de commandes par client sur 90 jours,2011-12-10
17670,228,1,205.7,2,Occasionnels en sommeil,-1.804182236348001,0.3167997981225059,Réactiver les clients,Tester une campagne de retour avec une offre ciblée,Taux de réactivation à 60 jours,2011-12-10
14733,17,12,9585.91,3,Champions,2.7049402109268135,0.7782851074832586,Maintenir une relation durable,Tester des avantages de fidélité et un accès anticipé,Taux de réachat à 90 jours,2011-12-10
17921,65,4,820.23,1,Acheteurs réguliers,0.16629880964028013,0.36192256952974344,Entretenir la relation et développer les achats,Tester des recommandations adaptées à l'historique d'achat,Nombre de commandes par client sur 90 jours,2011-12-10
13336,78,1,795.12,2,Occasionnels en sommeil,-0.7476532124827734,0.11553071226084374,Réactiver les clients,Tester une campagne de retour avec une offre ciblée,Taux de réactivation à 60 jours,2011-12-10
17695,132,2,765.34,2,Occasionnels en sommeil,-0.6031694662883911,0.5960014773910788,Réactiver les clients,Tester une campagne de retour avec une offre ciblée,Taux de réactivation à 60 jours,2011-12-10
14625,197,2,899.63,2,Occasionnels en sommeil,-0.6825760079557707,0.9133887103779891,Réactiver les clients,Tester une campagne de retour avec une offre ciblée,Taux de réactivation à 60 jours,2011-12-10
15512,156,2,121.0,2,Occasionnels en sommeil,-1.5394904046683604,0.03539098374690111,Réactiver les clients,Tester une campagne de retour avec une offre ciblée,Taux de réactivation à 60 jours,2011-12-10
17735,3,19,13110.02,3,Champions,3.832537435566329,0.07996396422809647,Maintenir une relation durable,Tester des avantages de fidélité et un accès anticipé,Taux de réachat à 90 jours,2011-12-10
12372,72,3,1298.04,1,Acheteurs réguliers,0.14239483239353135,0.5085451823277148,Entretenir la relation et développer les achats,Tester des recommandations adaptées à l'historique d'achat,Nombre de commandes par client sur 90 jours,2011-12-10
13583,156,1,781.03,2,Occasionnels en sommeil,-1.0253149729683781,0.5554623254148185,Réactiver les clients,Tester une campagne de retour avec une offre ciblée,Taux de réactivation à 60 jours,2011-12-10
13276,64,2,590.9300000000001,0,Occasionnels récents,-0.4449863109828327,0.036681138152782775,Encourager un achat supplémentaire,Tester une relance après achat avec des produits complémentaires,Taux de nouvel achat à 60 jours,2011-12-10
15670,297,1,173.05,2,Occasionnels en sommeil,-1.9889307196652322,0.4254549481151673,Réactiver les clients,Tester une campagne de retour avec une offre ciblée,Taux de réactivation à 60 jours,2011-12-10
16688,2,4,1260.86,3,Champions,1.5815182598075166,-1.491044742001244,Maintenir une relation durable,Tester des avantages de fidélité et un accès anticipé,Taux de réachat à 90 jours,2011-12-10
12516,78,2,1312.06,1,Acheteurs réguliers,-0.1436750078141021,0.4532896552284363,Entretenir la relation et développer les achats,Tester des recommandations adaptées à l'historique d'achat,Nombre de commandes par client sur 90 jours,2011-12-10
15717,235,1,150.3,2,Occasionnels en sommeil,-1.9639199639798328,0.22287732301901947,Réactiver les clients,Tester une campagne de retour avec une offre ciblée,Taux de réactivation à 60 jours,2011-12-10
13418,12,18,6127.43,3,Champions,2.9635662089891346,0.5497576442378983,Maintenir une relation durable,Tester des avantages de fidélité et un accès anticipé,Taux de réachat à 90 jours,2011-12-10
17973,52,1,337.04,2,Occasionnels en sommeil,-0.9973497879408133,-0.45551639453107073,Réactiver les clients,Tester une campagne de retour avec une offre ciblée,Taux de réactivation à 60 jours,2011-12-10
17472,192,3,697.54,2,Occasionnels en sommeil,-0.5328333044874084,0.914835359605655,Réactiver les clients,Tester une campagne de retour avec une offre ciblée,Taux de réactivation à 60 jours,2011-12-10
17188,12,7,2474.23,3,Champions,1.7513372988317368,-0.11228924530127894,Maintenir une relation durable,Tester des avantages de fidélité et un accès anticipé,Taux de réachat à 90 jours,2011-12-10
12603,22,1,739.1999999999999,0,Occasionnels récents,-0.2985289182804179,-0.7130468610158256,Encourager un achat supplémentaire,Tester une relance après achat avec des produits complémentaires,Taux de nouvel achat à 60 jours,2011-12-10
18122,9,6,1793.06,3,Champions,1.580792092670198,-0.45119769180631303,Maintenir une relation durable,Tester des avantages de fidélité et un accès anticipé,Taux de réachat à 90 jours,2011-12-10
13104,4,6,1098.48,3,Champions,1.620312047813282,-1.07986434702436,Maintenir une relation durable,Tester des avantages de fidélité et un accès anticipé,Taux de réachat à 90 jours,2011-12-10
13994,4,6,2274.14,3,Champions,1.965114471450744,-0.8153372269655034,Maintenir une relation durable,Tester des avantages de fidélité et un accès anticipé,Taux de réachat à 90 jours,2011-12-10
17649,139,1,868.49,2,Occasionnels en sommeil,-0.9301292263605342,0.5195321567629123,Réactiver les clients,Tester une campagne de retour avec une offre ciblée,Taux de réactivation à 60 jours,2011-12-10
17083,110,3,1405.78,1,Acheteurs réguliers,0.015916389883219296,0.809929925790686,Entretenir la relation et développer les achats,Tester des recommandations adaptées à l'historique d'achat,Nombre de commandes par client sur 90 jours,2011-12-10
13823,19,2,957.66,0,Occasionnels récents,0.2456048233799271,-0.5540735130262187,Encourager un achat supplémentaire,Tester une relance après achat avec des produits complémentaires,Taux de nouvel achat à 60 jours,2011-12-10
17680,24,1,184.4,0,Occasionnels récents,-0.9876236097558627,-1.1624375307261754,Encourager un achat supplémentaire,Tester une relance après achat avec des produits complémentaires,Taux de nouvel achat à 60 jours,2011-12-10
16805,174,2,460.59,2,Occasionnels en sommeil,-0.9511055844815653,0.5899815936846812,Réactiver les clients,Tester une campagne de retour avec une offre ciblée,Taux de réactivation à 60 jours,2011-12-10
16752,373,1,207.5,2,Occasionnels en sommeil,-1.9923390535563297,0.6388068531531953,Réactiver les clients,Tester une campagne de retour avec une offre ciblée,Taux de réactivation à 60 jours,2011-12-10
15034,16,8,4274.16,3,Champions,2.011836910465407,0.3061182779298208,Maintenir une relation durable,Tester des avantages de fidélité et un accès anticipé,Taux de réachat à 90 jours,2011-12-10
12580,247,1,415.7,2,Occasionnels en sommeil,-1.502999586436617,0.623640932579971,Réactiver les clients,Tester une campagne de retour avec une offre ciblée,Taux de réactivation à 60 jours,2011-12-10
16723,92,2,576.4,2,Occasionnels en sommeil,-0.5971740074879727,0.2604829836982801,Réactiver les clients,Tester une campagne de retour avec une offre ciblée,Taux de réactivation à 60 jours,2011-12-10
15739,67,1,449.12,2,Occasionnels en sommeil,-0.9592592945666876,-0.1893606414242782,Réactiver les clients,Tester une campagne de retour avec une offre ciblée,Taux de réactivation à 60 jours,2011-12-10
13307,121,1,15.0,2,Occasionnels en sommeil,-2.7705596228014246,-1.0232565322539078,Réactiver les clients,Tester une campagne de retour avec une offre ciblée,Taux de réactivation à 60 jours,2011-12-10
14288,214,1,426.6,2,Occasionnels en sommeil,-1.4347885449351516,0.540218048624118,Réactiver les clients,Tester une campagne de retour avec une offre ciblée,Taux de réactivation à 60 jours,2011-12-10
14794,3,7,1319.91,3,Champions,1.915548068049429,-1.106874822546386,Maintenir une relation durable,Tester des avantages de fidélité et un accès anticipé,Taux de réachat à 90 jours,2011-12-10
13500,24,3,1166.77,1,Acheteurs réguliers,0.5118983050799285,-0.2267485690690215,Entretenir la relation et développer les achats,Tester des recommandations adaptées à l'historique d'achat,Nombre de commandes par client sur 90 jours,2011-12-10
17799,23,10,3039.17,3,Champions,1.8965340619517508,0.4833416849145197,Maintenir une relation durable,Tester des avantages de fidélité et un accès anticipé,Taux de réachat à 90 jours,2011-12-10
15603,79,1,48.480000000000004,2,Occasionnels en sommeil,-2.069852632304553,-0.886881518391693,Réactiver les clients,Tester une campagne de retour avec une offre ciblée,Taux de réactivation à 60 jours,2011-12-10
14243,9,10,2588.77,3,Champions,2.1636528449841195,-0.14405057472461327,Maintenir une relation durable,Tester des avantages de fidélité et un accès anticipé,Taux de réachat à 90 jours,2011-12-10
16209,89,5,2262.62,1,Acheteurs réguliers,0.6903827077675698,1.0023817097012073,Entretenir la relation et développer les achats,Tester des recommandations adaptées à l'historique d'achat,Nombre de commandes par client sur 90 jours,2011-12-10
12520,80,5,2634.26,1,Acheteurs réguliers,0.80375779448211,0.9891934600753763,Entretenir la relation et développer les achats,Tester des recommandations adaptées à l'historique d'achat,Nombre de commandes par client sur 90 jours,2011-12-10
12572,9,2,1020.42,0,Occasionnels récents,0.5473553929298326,-0.9815608711601004,Encourager un achat supplémentaire,Tester une relance après achat avec des produits complémentaires,Taux de nouvel achat à 60 jours,2011-12-10
12987,74,2,558.7,2,Occasionnels en sommeil,-0.52762196987128,0.10933251855810837,Réactiver les clients,Tester une campagne de retour avec une offre ciblée,Taux de réactivation à 60 jours,2011-12-10
16681,73,6,1770.34,1,Acheteurs réguliers,0.7902558572469398,0.84515308591348,Entretenir la relation et développer les achats,Tester des recommandations adaptées à l'historique d'achat,Nombre de commandes par client sur 90 jours,2011-12-10
12566,87,1,351.65,2,Occasionnels en sommeil,-1.1760273081791526,-0.11053960340542406,Réactiver les clients,Tester une campagne de retour avec une offre ciblée,Taux de réactivation à 60 jours,2011-12-10
12688,114,1,4873.8099999999995,1,Acheteurs réguliers,-0.035629608586647946,1.0187629930798026,Entretenir la relation et développer les achats,Tester des recommandations adaptées à l'historique d'achat,Nombre de commandes par client sur 90 jours,2011-12-10
12576,36,5,1315.83,1,Acheteurs réguliers,0.7819257268292183,0.22752894913717928,Entretenir la relation et développer les achats,Tester des recommandations adaptées à l'historique d'achat,Nombre de commandes par client sur 90 jours,2011-12-10
13991,13,6,852.88,1,Acheteurs réguliers,1.0968803993178031,-0.5025579402141562,Entretenir la relation et développer les achats,Tester des recommandations adaptées à l'historique d'achat,Nombre de commandes par client sur 90 jours,2011-12-10
13133,274,2,109.8,2,Occasionnels en sommeil,-1.8048497198353577,0.3647114702371985,Réactiver les clients,Tester une campagne de retour avec une offre ciblée,Taux de réactivation à 60 jours,2011-12-10
17942,8,1,77.50000000000001,0,Occasionnels récents,-0.9946715176549147,-2.1391442378610863,Encourager un achat supplémentaire,Tester une relance après achat avec des produits complémentaires,Taux de nouvel achat à 60 jours,2011-12-10
16765,295,1,34.0,2,Occasionnels en sommeil,-2.7468220447605494,-0.16238977694030907,Réactiver les clients,Tester une campagne de retour avec une offre ciblée,Taux de réactivation à 60 jours,2011-12-10
16660,17,4,1267.6499999999999,1,Acheteurs réguliers,0.8817708546813202,-0.32442672520055094,Entretenir la relation et développer les achats,Tester des recommandations adaptées à l'historique d'achat,Nombre de commandes par client sur 90 jours,2011-12-10
15103,32,2,703.36,0,Occasionnels récents,-0.09683198836129137,-0.3406909516557229,Encourager un achat supplémentaire,Tester une relance après achat avec des produits complémentaires,Taux de nouvel achat à 60 jours,2011-12-10
15945,366,1,181.0,2,Occasionnels en sommeil,-2.0493854964387954,0.5770789287201488,Réactiver les clients,Tester une campagne de retour avec une offre ciblée,Taux de réactivation à 60 jours,2011-12-10
14493,8,5,2383.2400000000002,3,Champions,1.6175115526395019,-0.4754425914674325,Maintenir une relation durable,Tester des avantages de fidélité et un accès anticipé,Taux de réachat à 90 jours,2011-12-10
12586,18,1,196.94000000000003,0,Occasionnels récents,-0.8490241001172015,-1.3170174757554274,Encourager un achat supplémentaire,Tester une relance après achat avec des produits complémentaires,Taux de nouvel achat à 60 jours,2011-12-10
17711,11,2,385.1,0,Occasionnels récents,0.01461712109684128,-1.216933558367205,Encourager un achat supplémentaire,Tester une relance après achat avec des produits complémentaires,Taux de nouvel achat à 60 jours,2011-12-10
16884,38,2,429.84000000000003,0,Occasionnels récents,-0.39537870245469625,-0.4109104972742547,Encourager un achat supplémentaire,Tester une relance après achat avec des produits complémentaires,Taux de nouvel achat à 60 jours,2011-12-10
15691,253,1,136.8,2,Occasionnels en sommeil,-2.037044206729661,0.23665745659237467,Réactiver les clients,Tester une campagne de retour avec une offre ciblée,Taux de réactivation à 60 jours,2011-12-10
13895,29,4,2593.07,1,Acheteurs réguliers,1.0206954513655513,0.26780392046618906,Entretenir la relation et développer les achats,Tester des recommandations adaptées à l'historique d'achat,Nombre de commandes par client sur 90 jours,2011-12-10
16603,75,2,482.47,2,Occasionnels en sommeil,-0.6022343164997558,0.06468351512423785,Réactiver les clients,Tester une campagne de retour avec une offre ciblée,Taux de réactivation à 60 jours,2011-12-10
13285,24,4,2709.12,1,Acheteurs réguliers,1.1129085988806728,0.16521250283886635,Entretenir la relation et développer les achats,Tester des recommandations adaptées à l'historique d'achat,Nombre de commandes par client sur 90 jours,2011-12-10
16115,10,8,1660.8799999999999,3,Champions,1.7344535313149254,-0.3205496182907993,Maintenir une relation durable,Tester des avantages de fidélité et un accès anticipé,Taux de réachat à 90 jours,2011-12-10
13101,235,1,101.19,2,Occasionnels en sommeil,-2.149990231882814,0.08012707324494044,Réactiver les clients,Tester une campagne de retour avec une offre ciblée,Taux de réactivation à 60 jours,2011-12-10
17620,60,1,81.44,2,Occasionnels en sommeil,-1.7215189275476552,-0.8774343912390531,Réactiver les clients,Tester une campagne de retour avec une offre ciblée,Taux de réactivation à 60 jours,2011-12-10
16426,3,10,1863.76,3,Champions,2.3670714327908464,-0.8591227474041503,Maintenir une relation durable,Tester des avantages de fidélité et un accès anticipé,Taux de réachat à 90 jours,2011-12-10
13428,11,1,201.78,0,Occasionnels récents,-0.6574530544829711,-1.606931614895073,Encourager un achat supplémentaire,Tester une relance après achat avec des produits complémentaires,Taux de nouvel achat à 60 jours,2011-12-10
13598,48,1,160.04,2,Occasionnels en sommeil,-1.318178475820032,-0.7762554128477226,Réactiver les clients,Tester une campagne de retour avec une offre ciblée,Taux de réactivation à 60 jours,2011-12-10
17860,369,1,226.45000000000002,2,Occasionnels en sommeil,-1.9468776330107644,0.6634613106472239,Réactiver les clients,Tester une campagne de retour avec une offre ciblée,Taux de réactivation à 60 jours,2011-12-10
17456,366,1,249.86,2,Occasionnels en sommeil,-1.8972369448893638,0.693804959059237,Réactiver les clients,Tester une campagne de retour avec une offre ciblée,Taux de réactivation à 60 jours,2011-12-10
12574,316,1,218.45,2,Occasionnels en sommeil,-1.9032580125320127,0.549943828160672,Réactiver les clients,Tester une campagne de retour avec une offre ciblée,Taux de réactivation à 60 jours,2011-12-10
12789,66,1,91.85,2,Occasionnels en sommeil,-1.7019087220638764,-0.7731947996891123,Réactiver les clients,Tester une campagne de retour avec une offre ciblée,Taux de réactivation à 60 jours,2011-12-10
14336,17,4,1614.91,1,Acheteurs réguliers,0.9964885503959543,-0.23641707217361266,Entretenir la relation et développer les achats,Tester des recommandations adaptées à l'historique d'achat,Nombre de commandes par client sur 90 jours,2011-12-10
12363,110,2,552.0,2,Occasionnels en sommeil,-0.6869955775509698,0.35978401951977235,Réactiver les clients,Tester une campagne de retour avec une offre ciblée,Taux de réactivation à 60 jours,2011-12-10
15550,5,4,575.63,0,Occasionnels récents,0.9385097969136661,-1.3253651947618164,Encourager un achat supplémentaire,Tester une relance après achat avec des produits complémentaires,Taux de nouvel achat à 60 jours,2011-12-10
17426,9,6,5037.26,3,Champions,2.0703876106381984,-0.07558753513881747,Maintenir une relation durable,Tester des avantages de fidélité et un accès anticipé,Taux de réachat à 90 jours,2011-12-10
13045,100,1,305.28000000000003,2,Occasionnels en sommeil,-1.2968761881902247,-0.07225990748119417,Réactiver les clients,Tester une campagne de retour avec une offre ciblée,Taux de réactivation à 60 jours,2011-12-10
16043,38,4,773.99,1,Acheteurs réguliers,0.34502612438519364,-0.0011254339211145205,Entretenir la relation et développer les achats,Tester des recommandations adaptées à l'historique d'achat,Nombre de commandes par client sur 90 jours,2011-12-10
17951,40,3,1008.5400000000001,1,Acheteurs réguliers,0.24896235533662847,0.041846388523198115,Entretenir la relation et développer les achats,Tester des recommandations adaptées à l'historique d'achat,Nombre de commandes par client sur 90 jours,2011-12-10
13576,11,18,6717.34,3,Champions,3.03851486042187,0.5311592561270184,Maintenir une relation durable,Tester des avantages de fidélité et un accès anticipé,Taux de réachat à 90 jours,2011-12-10
13157,50,4,1741.22,1,Acheteurs réguliers,0.6239691181554919,0.46791806967187427,Entretenir la relation et développer les achats,Tester des recommandations adaptées à l'historique d'achat,Nombre de commandes par client sur 90 jours,2011-12-10
14643,171,2,693.8100000000001,2,Occasionnels en sommeil,-0.7504198590196933,0.7275053038211444,Réactiver les clients,Tester une campagne de retour avec une offre ciblée,Taux de réactivation à 60 jours,2011-12-10
15241,67,8,1756.44,1,Acheteurs réguliers,1.0469695391952902,0.8838583748057011,Entretenir la relation et développer les achats,Tester des recommandations adaptées à l'historique d'achat,Nombre de commandes par client sur 90 jours,2011-12-10
16345,45,1,565.46,0,Occasionnels récents,-0.6970537216537787,-0.35980320772358065,Encourager un achat supplémentaire,Tester une relance après achat avec des produits complémentaires,Taux de nouvel achat à 60 jours,2011-12-10
14167,40,4,562.59,1,Acheteurs réguliers,0.17439713191509507,-0.08448369329056471,Entretenir la relation et développer les achats,Tester des recommandations adaptées à l'historique d'achat,Nombre de commandes par client sur 90 jours,2011-12-10
12626,24,9,6620.48,3,Champions,2.1634078377189994,0.756418168614032,Maintenir une relation durable,Tester des avantages de fidélité et un accès anticipé,Taux de réachat à 90 jours,2011-12-10
12658,19,1,686.05,0,Occasionnels récents,-0.2790786583787528,-0.8309987632779515,Encourager un achat supplémentaire,Tester une relance après achat avec des produits complémentaires,Taux de nouvel achat à 60 jours,2011-12-10
16433,29,1,184.26,0,Occasionnels récents,-1.059443921040126,-1.0442010425652042,Encourager un achat supplémentaire,Tester une relance après achat avec des produits complémentaires,Taux de nouvel achat à 60 jours,2011-12-10
14080,33,1,45.599999999999994,0,Occasionnels récents,-1.7629023714979768,-1.4648890160635295,Encourager un achat supplémentaire,Tester une relance après achat avec des produits complémentaires,Taux de nouvel achat à 60 jours,2011-12-10
16347,12,2,847.45,0,Occasionnels récents,0.3565475519445407,-0.8785119454510073,Encourager un achat supplémentaire,Tester une relance après achat avec des produits complémentaires,Taux de nouvel achat à 60 jours,2011-12-10
17385,15,1,256.11,0,Occasionnels récents,-0.6576575717247248,-1.3335847165631767,Encourager un achat supplémentaire,Tester une relance après achat avec des produits complémentaires,Taux de nouvel achat à 60 jours,2011-12-10
15619,11,1,336.40000000000003,0,Occasionnels récents,-0.4160417863155562,-1.4217246002679742,Encourager un achat supplémentaire,Tester une relance après achat avec des produits complémentaires,Taux de nouvel achat à 60 jours,2011-12-10
16829,157,1,197.22,2,Occasionnels en sommeil,-1.6785790802136165,0.06032445158486981,Réactiver les clients,Tester une campagne de retour avec une offre ciblée,Taux de réactivation à 60 jours,2011-12-10
12948,17,7,2064.95,3,Champions,1.5380868448235117,0.03349239889372768,Maintenir une relation durable,Tester des avantages de fidélité et un accès anticipé,Taux de réachat à 90 jours,2011-12-10
12640,24,3,1174.58,1,Acheteurs réguliers,0.5150588311786494,-0.22432386202100918,Entretenir la relation et développer les achats,Tester des recommandations adaptées à l'historique d'achat,Nombre de commandes par client sur 90 jours,2011-12-10
12877,4,12,1535.77,3,Champions,2.3389804702149353,-0.7202772222233641,Maintenir une relation durable,Tester des avantages de fidélité et un accès anticipé,Taux de réachat à 90 jours,2011-12-10
14421,58,2,813.11,1,Acheteurs réguliers,-0.25591105312821777,0.08966014081930133,Entretenir la relation et développer les achats,Tester des recommandations adaptées à l'historique d'achat,Nombre de commandes par client sur 90 jours,2011-12-10
15984,3,10,2780.63,3,Champions,2.5566854509844092,-0.7136537868719335,Maintenir une relation durable,Tester des avantages de fidélité et un accès anticipé,Taux de réachat à 90 jours,2011-12-10
14946,15,1,100.9,0,Occasionnels récents,-1.0964872473825442,-1.6702480992433935,Encourager un achat supplémentaire,Tester une relance après achat avec des produits complémentaires,Taux de nouvel achat à 60 jours,2011-12-10
16071,45,1,326.24,0,Occasionnels récents,-0.9572247018487706,-0.5594023850954698,Encourager un achat supplémentaire,Tester une relance après achat avec des produits complémentaires,Taux de nouvel achat à 60 jours,2011-12-10
17219,32,1,114.23,0,Occasionnels récents,-1.3219411117246627,-1.1549719891274368,Encourager un achat supplémentaire,Tester une relance après achat avec des produits complémentaires,Taux de nouvel achat à 60 jours,2011-12-10
16625,275,1,333.08,2,Occasionnels en sommeil,-1.6497081037314871,0.6127884633513152,Réactiver les clients,Tester une campagne de retour avec une offre ciblée,Taux de réactivation à 60 jours,2011-12-10
17069,29,9,2709.7000000000003,3,Champions,1.66847845085371,0.5500518768598165,Maintenir une relation durable,Tester des avantages de fidélité et un accès anticipé,Taux de réachat à 90 jours,2011-12-10
17361,50,3,488.2,1,Acheteurs réguliers,-0.18009365787225268,-0.07982174583552554,Entretenir la relation et développer les achats,Tester des recommandations adaptées à l'historique d'achat,Nombre de commandes par client sur 90 jours,2011-12-10
14542,186,1,103.25,2,Occasionnels en sommeil,-2.0493097829227436,-0.06388597223076244,Réactiver les clients,Tester une campagne de retour avec une offre ciblée,Taux de réactivation à 60 jours,2011-12-10
16003,30,5,2735.37,1,Acheteurs réguliers,1.1980690337639628,0.37857693452224367,Entretenir la relation et développer les achats,Tester des recommandations adaptées à l'historique d'achat,Nombre de commandes par client sur 90 jours,2011-12-10
14227,27,10,3350.96,3,Champions,1.8824056146905082,0.6190559955363825,Maintenir une relation durable,Tester des avantages de fidélité et un accès anticipé,Taux de réachat à 90 jours,2011-12-10
13739,19,1,216.9,0,Occasionnels récents,-0.8235763640012387,-1.2487290345083368,Encourager un achat supplémentaire,Tester une relance après achat avec des produits complémentaires,Taux de nouvel achat à 60 jours,2011-12-10
15544,10,9,3546.71,3,Champions,2.1893203726809327,-0.004221055927415831,Maintenir une relation durable,Tester des avantages de fidélité et un accès anticipé,Taux de réachat à 90 jours,2011-12-10
14196,107,1,335.52,2,Occasionnels en sommeil,-1.278496715662009,0.005548661239225177,Réactiver les clients,Tester une campagne de retour avec une offre ciblée,Taux de réactivation à 60 jours,2011-12-10
12690,206,1,389.01,2,Occasionnels en sommeil,-1.4635549561492285,0.4820984963250441,Réactiver les clients,Tester une campagne de retour avec une offre ciblée,Taux de réactivation à 60 jours,2011-12-10
18282,8,2,178.05,0,Occasionnels récents,-0.23697414519337093,-1.6834543119116363,Encourager un achat supplémentaire,Tester une relance après achat avec des produits complémentaires,Taux de nouvel achat à 60 jours,2011-12-10
13484,242,1,313.8,2,Occasionnels en sommeil,-1.6279813415009368,0.5083933408036058,Réactiver les clients,Tester une campagne de retour avec une offre ciblée,Taux de réactivation à 60 jours,2011-12-10
17839,43,1,318.15,0,Occasionnels récents,-0.9516707138535561,-0.5974024298437839,Encourager un achat supplémentaire,Tester une relance après achat avec des produits complémentaires,Taux de nouvel achat à 60 jours,2011-12-10
15640,5,15,12416.11,3,Champions,3.4460030710582283,0.23802748553375572,Maintenir une relation durable,Tester des avantages de fidélité et un accès anticipé,Taux de réachat à 90 jours,2011-12-10
17165,285,1,158.68,2,Occasionnels en sommeil,-2.0136783584211955,0.3673929405120957,Réactiver les clients,Tester une campagne de retour avec une offre ciblée,Taux de réactivation à 60 jours,2011-12-10
14452,11,2,259.05,0,Occasionnels récents,-0.1727768199691461,-1.360699309848074,Encourager un achat supplémentaire,Tester une relance après achat avec des produits complémentaires,Taux de nouvel achat à 60 jours,2011-12-10
12453,135,1,707.09,2,Occasionnels en sommeil,-1.0161268433324098,0.4259972065860418,Réactiver les clients,Tester une campagne de retour avec une offre ciblée,Taux de réactivation à 60 jours,2011-12-10
14570,281,2,218.06,2,Occasionnels en sommeil,-1.4915137116711743,0.6289951989608193,Réactiver les clients,Tester une campagne de retour avec une offre ciblée,Taux de réactivation à 60 jours,2011-12-10
15830,38,1,576.0,0,Occasionnels récents,-0.6236083296831492,-0.4604009066047942,Encourager un achat supplémentaire,Tester une relance après achat avec des produits complémentaires,Taux de nouvel achat à 60 jours,2011-12-10
17019,12,4,1258.08,1,Acheteurs réguliers,1.005732037741669,-0.5387097257573417,Entretenir la relation et développer les achats,Tester des recommandations adaptées à l'historique d'achat,Nombre de commandes par client sur 90 jours,2011-12-10
15719,33,13,5030.07,3,Champions,2.216974161126627,0.9856124606659553,Maintenir une relation durable,Tester des avantages de fidélité et un accès anticipé,Taux de réachat à 90 jours,2011-12-10
14098,37,1,147.35,0,Occasionnels récents,-1.2574470539219944,-0.9713675313469955,Encourager un achat supplémentaire,Tester une relance après achat avec des produits complémentaires,Taux de nouvel achat à 60 jours,2011-12-10
12584,4,9,2338.15,3,Champions,2.3008718230369927,-0.6682391188334834,Maintenir une relation durable,Tester des avantages de fidélité et un accès anticipé,Taux de réachat à 90 jours,2011-12-10
15158,46,1,401.40000000000003,0,Occasionnels récents,-0.8676227919014321,-0.47021489458763793,Encourager un achat supplémentaire,Tester une relance après achat avec des produits complémentaires,Taux de nouvel achat à 60 jours,2011-12-10
17048,118,3,925.35,1,Acheteurs réguliers,-0.2094632905187862,0.7031855190159997,Entretenir la relation et développer les achats,Tester des recommandations adaptées à l'historique d'achat,Nombre de commandes par client sur 90 jours,2011-12-10
16928,81,17,2814.7,3,Champions,1.82401219293517,1.4432572632074385,Maintenir une relation durable,Tester des avantages de fidélité et un accès anticipé,Taux de réachat à 90 jours,2011-12-10
16667,69,2,567.1800000000001,2,Occasionnels en sommeil,-0.4934498330415986,0.06995626550918717,Réactiver les clients,Tester une campagne de retour avec une offre ciblée,Taux de réactivation à 60 jours,2011-12-10
12787,10,3,463.66,0,Occasionnels récents,0.39673821535258613,-1.0956165430911717,Encourager un achat supplémentaire,Tester une relance après achat avec des produits complémentaires,Taux de nouvel achat à 60 jours,2011-12-10
16415,45,1,200.27,0,Occasionnels récents,-1.1876826936175602,-0.7362062144132231,Encourager un achat supplémentaire,Tester une relance après achat avec des produits complémentaires,Taux de nouvel achat à 60 jours,2011-12-10
14176,298,4,576.9000000000001,2,Occasionnels en sommeil,-0.5924815518284131,1.2161282734846675,Réactiver les clients,Tester une campagne de retour avec une offre ciblée,Taux de réactivation à 60 jours,2011-12-10
16127,40,1,656.25,0,Occasionnels récents,-0.5814656521397946,-0.38052401088162524,Encourager un achat supplémentaire,Tester une relance après achat avec des produits complémentaires,Taux de nouvel achat à 60 jours,2011-12-10
13092,71,5,477.83,1,Acheteurs réguliers,0.04131570077213677,0.2922814481681545,Entretenir la relation et développer les achats,Tester des recommandations adaptées à l'historique d'achat,Nombre de commandes par client sur 90 jours,2011-12-10
13080,180,1,58.08,2,Occasionnels en sommeil,-2.3057958105321803,-0.2916624499986469,Réactiver les clients,Tester une campagne de retour avec une offre ciblée,Taux de réactivation à 60 jours,2011-12-10
15175,72,1,224.14,2,Occasionnels en sommeil,-1.3155551178074714,-0.3952504069916857,Réactiver les clients,Tester une campagne de retour avec une offre ciblée,Taux de réactivation à 60 jours,2011-12-10
13822,6,2,632.0,0,Occasionnels récents,0.460286792228521,-1.3874549554796813,Encourager un achat supplémentaire,Tester une relance après achat avec des produits complémentaires,Taux de nouvel achat à 60 jours,2011-12-10
13272,32,2,276.56,0,Occasionnels récents,-0.5383834604162955,-0.6794424546998813,Encourager un achat supplémentaire,Tester une relance après achat avec des produits complémentaires,Taux de nouvel achat à 60 jours,2011-12-10
15740,50,1,154.88,2,Occasionnels en sommeil,-1.3493000760075167,-0.7620977351265888,Réactiver les clients,Tester une campagne de retour avec une offre ciblée,Taux de réactivation à 60 jours,2011-12-10
12478,4,1,680.99,0,Occasionnels récents,0.260783613343868,-1.7347962405156205,Encourager un achat supplémentaire,Tester une relance après achat avec des produits complémentaires,Taux de nouvel achat à 60 jours,2011-12-10
17771,57,2,245.81,2,Occasionnels en sommeil,-0.8150953325736058,-0.3555893866152372,Réactiver les clients,Tester une campagne de retour avec une offre ciblée,Taux de réactivation à 60 jours,2011-12-10
17324,18,4,986.48,1,Acheteurs réguliers,0.7417799474736237,-0.3804230532034084,Entretenir la relation et développer les achats,Tester des recommandations adaptées à l'historique d'achat,Nombre de commandes par client sur 90 jours,2011-12-10
17291,309,1,550.8000000000001,2,Occasionnels en sommeil,-1.4573123522237001,0.8708375059308714,Réactiver les clients,Tester une campagne de retour avec une offre ciblée,Taux de réactivation à 60 jours,2011-12-10
18227,218,1,93.75,2,Occasionnels en sommeil,-2.156529313048061,0.004034829571944047,Réactiver les clients,Tester une campagne de retour avec une offre ciblée,Taux de réactivation à 60 jours,2011-12-10
13062,192,1,346.98,2,Occasionnels en sommeil,-1.4901726315447616,0.3951005463505658,Réactiver les clients,Tester une campagne de retour avec une offre ciblée,Taux de réactivation à 60 jours,2011-12-10
15038,59,6,685.74,1,Acheteurs réguliers,0.423184999962455,0.3641574096433544,Entretenir la relation et développer les achats,Tester des recommandations adaptées à l'historique d'achat,Nombre de commandes par client sur 90 jours,2011-12-10
16838,198,2,588.85,2,Occasionnels en sommeil,-0.8852224755968827,0.7627109637192923,Réactiver les clients,Tester une campagne de retour avec une offre ciblée,Taux de réactivation à 60 jours,2011-12-10
16316,65,8,2938.91,1,Acheteurs réguliers,1.302629584479568,1.051615157927116,Entretenir la relation et développer les achats,Tester des recommandations adaptées à l'historique d'achat,Nombre de commandes par client sur 90 jours,2011-12-10
15654,10,2,922.53,0,Occasionnels récents,0.46222951753027774,-0.956255270700376,Encourager un achat supplémentaire,Tester une relance après achat avec des produits complémentaires,Taux de nouvel achat à 60 jours,2011-12-10
15065,38,4,3158.13,1,Acheteurs réguliers,1.011299728475416,0.5100294350090826,Entretenir la relation et développer les achats,Tester des recommandations adaptées à l'historique d'achat,Nombre de commandes par client sur 90 jours,2011-12-10
18220,227,1,305.28000000000003,2,Occasionnels en sommeil,-1.6160170857561853,0.4569965226018375,Réactiver les clients,Tester une campagne de retour avec une offre ciblée,Taux de réactivation à 60 jours,2011-12-10
13645,121,1,252.1,2,Occasionnels en sommeil,-1.4613441493983221,-0.01884654272334723,Réactiver les clients,Tester une campagne de retour avec une offre ciblée,Taux de réactivation à 60 jours,2011-12-10
15239,11,2,780.59,0,Occasionnels récents,0.3490023500356896,-0.9603983499766205,Encourager un achat supplémentaire,Tester une relance après achat avec des produits complémentaires,Taux de nouvel achat à 60 jours,2011-12-10
16427,264,2,241.06,2,Occasionnels en sommeil,-1.4198040136133543,0.6248969076434754,Réactiver les clients,Tester une campagne de retour avec une offre ciblée,Taux de réactivation à 60 jours,2011-12-10
14971,36,3,1097.98,1,Acheteurs réguliers,0.3294476564718268,0.005998580769253734,Entretenir la relation et développer les achats,Tester des recommandations adaptées à l'historique d'achat,Nombre de commandes par client sur 90 jours,2011-12-10
13069,1,24,4431.44,3,Champions,3.7918327443437243,-0.6793745951053638,Maintenir une relation durable,Tester des avantages de fidélité et un accès anticipé,Taux de réachat à 90 jours,2011-12-10
15838,12,19,33643.08,3,Champions,3.8173853180865036,1.1889050481663128,Maintenir une relation durable,Tester des avantages de fidélité et un accès anticipé,Taux de réachat à 90 jours,2011-12-10
17935,139,2,145.79,2,Occasionnels en sommeil,-1.4068620365554898,0.028186218848515535,Réactiver les clients,Tester une campagne de retour avec une offre ciblée,Taux de réactivation à 60 jours,2011-12-10
12820,4,4,942.34,0,Occasionnels récents,1.2433598740392966,-1.264824828062799,Encourager un achat supplémentaire,Tester une relance après achat avec des produits complémentaires,Taux de nouvel achat à 60 jours,2011-12-10
13136,57,5,2607.61,1,Acheteurs réguliers,0.9298543038523767,0.7683879510050791,Entretenir la relation et développer les achats,Tester des recommandations adaptées à l'historique d'achat,Nombre de commandes par client sur 90 jours,2011-12-10
17596,24,7,2806.69,3,Champions,1.5547827930376337,0.3586151768635672,Maintenir une relation durable,Tester des avantages de fidélité et un accès anticipé,Taux de réachat à 90 jours,2011-12-10
17122,120,1,138.32,2,Occasionnels en sommeil,-1.741189814610786,-0.2413646990274835,Réactiver les clients,Tester une campagne de retour avec une offre ciblée,Taux de réactivation à 60 jours,2011-12-10
15235,218,12,2247.51,1,Acheteurs réguliers,1.0379816824841832,1.874972898130241,Entretenir la relation et développer les achats,Tester des recommandations adaptées à l'historique d'achat,Nombre de commandes par client sur 90 jours,2011-12-10
17086,8,6,2050.08,3,Champions,1.685570273754724,-0.47098135530347035,Maintenir une relation durable,Tester des avantages de fidélité et un accès anticipé,Taux de réachat à 90 jours,2011-12-10
15949,17,2,364.72,0,Occasionnels récents,-0.17001988104595686,-0.9731022720831715,Encourager un achat supplémentaire,Tester une relance après achat avec des produits complémentaires,Taux de nouvel achat à 60 jours,2011-12-10
13639,75,1,1033.34,2,Occasionnels en sommeil,-0.6083616131700675,0.18558660025091656,Réactiver les clients,Tester une campagne de retour avec une offre ciblée,Taux de réactivation à 60 jours,2011-12-10
16734,53,3,646.76,1,Acheteurs réguliers,-0.06938077364044656,0.05945686646465492,Entretenir la relation et développer les achats,Tester des recommandations adaptées à l'historique d'achat,Nombre de commandes par client sur 90 jours,2011-12-10
12538,30,1,363.95,0,Occasionnels récents,-0.750823725202466,-0.776258579297417,Encourager un achat supplémentaire,Tester une relance après achat avec des produits complémentaires,Taux de nouvel achat à 60 jours,2011-12-10
15019,267,1,252.81,2,Occasionnels en sommeil,-1.7684724081239973,0.49371007822295426,Réactiver les clients,Tester une campagne de retour avec une offre ciblée,Taux de réactivation à 60 jours,2011-12-10
14419,11,6,1051.79,1,Acheteurs réguliers,1.2565913401783881,-0.5265835992408309,Entretenir la relation et développer les achats,Tester des recommandations adaptées à l'historique d'achat,Nombre de commandes par client sur 90 jours,2011-12-10
13658,10,5,2639.17,3,Champions,1.587202851214793,-0.3079142239704458,Maintenir une relation durable,Tester des avantages de fidélité et un accès anticipé,Taux de réachat à 90 jours,2011-12-10
18205,37,2,517.36,0,Occasionnels récents,-0.29751174132668007,-0.3605237659730556,Encourager un achat supplémentaire,Tester une relance après achat avec des produits complémentaires,Taux de nouvel achat à 60 jours,2011-12-10
17579,5,3,448.90000000000003,0,Occasionnels récents,0.6190113468953752,-1.5013547067466535,Encourager un achat supplémentaire,Tester une relance après achat avec des produits complémentaires,Taux de nouvel achat à 60 jours,2011-12-10
14335,17,2,454.86,0,Occasionnels récents,-0.06555667419525037,-0.8929597053088012,Encourager un achat supplémentaire,Tester une relance après achat avec des produits complémentaires,Taux de nouvel achat à 60 jours,2011-12-10
18185,250,1,304.25,2,Occasionnels en sommeil,-1.6552841956451316,0.5182421073348965,Réactiver les clients,Tester une campagne de retour avec une offre ciblée,Taux de réactivation à 60 jours,2011-12-10
12703,72,1,283.55,2,Occasionnels en sommeil,-1.2045160367742227,-0.3100629306107457,Réactiver les clients,Tester une campagne de retour avec une offre ciblée,Taux de réactivation à 60 jours,2011-12-10
13517,60,3,2128.42,1,Acheteurs réguliers,0.4471199458021062,0.5715908171619627,Entretenir la relation et développer les achats,Tester des recommandations adaptées à l'historique d'achat,Nombre de commandes par client sur 90 jours,2011-12-10
15656,46,4,748.5,1,Acheteurs réguliers,0.25603521552700576,0.10799226563763996,Entretenir la relation et développer les achats,Tester des recommandations adaptées à l'historique d'achat,Nombre de commandes par client sur 90 jours,2011-12-10
12583,3,15,7281.38,3,Champions,3.3519140724300915,-0.2196381047312184,Maintenir une relation durable,Tester des avantages de fidélité et un accès anticipé,Taux de réachat à 90 jours,2011-12-10
13518,86,1,627.16,2,Occasionnels en sommeil,-0.8978131915701546,0.09203655282963434,Réactiver les clients,Tester une campagne de retour avec une offre ciblée,Taux de réactivation à 60 jours,2011-12-10
14174,34,1,134.46,0,Occasionnels récents,-1.2683123700219119,-1.0578882682549189,Encourager un achat supplémentaire,Tester une relance après achat avec des produits complémentaires,Taux de nouvel achat à 60 jours,2011-12-10
14709,16,13,4921.04,3,Champions,2.478269370064213,0.5270883716389879,Maintenir une relation durable,Tester des avantages de fidélité et un accès anticipé,Taux de réachat à 90 jours,2011-12-10
14460,111,3,434.34,2,Occasionnels en sommeil,-0.5437419664063579,0.38909528980198627,Réactiver les clients,Tester une campagne de retour avec une offre ciblée,Taux de réactivation à 60 jours,2011-12-10
17037,88,1,1267.32,2,Occasionnels en sommeil,-0.5735599158104869,0.36240678269070187,Réactiver les clients,Tester une campagne de retour avec une offre ciblée,Taux de réactivation à 60 jours,2011-12-10
12993,24,4,414.76,0,Occasionnels récents,0.22405182330000578,-0.5167047543216462,Encourager un achat supplémentaire,Tester une relance après achat avec des produits complémentaires,Taux de nouvel achat à 60 jours,2011-12-10
12602,59,1,153.12,2,Occasionnels en sommeil,-1.418384372908515,-0.6605888831802729,Réactiver les clients,Tester une campagne de retour avec une offre ciblée,Taux de réactivation à 60 jours,2011-12-10
14038,79,3,1560.38,1,Acheteurs réguliers,0.1937213875749195,0.6349764753445987,Entretenir la relation et développer les achats,Tester des recommandations adaptées à l'historique d'achat,Nombre de commandes par client sur 90 jours,2011-12-10
14859,13,4,1353.74,1,Acheteurs réguliers,1.011405960422076,-0.46390118284914833,Entretenir la relation et développer les achats,Tester des recommandations adaptées à l'historique d'achat,Nombre de commandes par client sur 90 jours,2011-12-10
16531,23,7,1244.59,1,Acheteurs réguliers,1.1854181614928578,0.03643420611328564,Entretenir la relation et développer les achats,Tester des recommandations adaptées à l'historique d'achat,Nombre de commandes par client sur 90 jours,2011-12-10
17443,220,1,534.24,2,Occasionnels en sommeil,-1.339117968092457,0.6397831779829471,Réactiver les clients,Tester une campagne de retour avec une offre ciblée,Taux de réactivation à 60 jours,2011-12-10
15394,10,4,2183.54,1,Acheteurs réguliers,1.3324768948426842,-0.44685699820777475,Entretenir la relation et développer les achats,Tester des recommandations adaptées à l'historique d'achat,Nombre de commandes par client sur 90 jours,2011-12-10
16985,18,10,5464.12,3,Champions,2.266175760439213,0.5448238585118629,Maintenir une relation durable,Tester des avantages de fidélité et un accès anticipé,Taux de réachat à 90 jours,2011-12-10
17990,237,3,630.84,2,Occasionnels en sommeil,-0.6625634670575422,1.0145597847984902,Réactiver les clients,Tester une campagne de retour avec une offre ciblée,Taux de réactivation à 60 jours,2011-12-10
17312,139,3,644.3,1,Acheteurs réguliers,-0.4445856021514472,0.6773125579404982,Entretenir la relation et développer les achats,Tester des recommandations adaptées à l'historique d'achat,Nombre de commandes par client sur 90 jours,2011-12-10
16149,5,2,280.52,0,Occasionnels récents,0.13652074105970355,-1.7823967321109346,Encourager un achat supplémentaire,Tester une relance après achat avec des produits complémentaires,Taux de nouvel achat à 60 jours,2011-12-10
16535,6,1,593.75,0,Occasionnels récents,0.06400264602839015,-1.5658742088928135,Encourager un achat supplémentaire,Tester une relance après achat avec des produits complémentaires,Taux de nouvel achat à 60 jours,2011-12-10
17759,18,3,819.96,0,Occasionnels récents,0.45238686941292816,-0.5333161865194675,Encourager un achat supplémentaire,Tester une relance après achat avec des produits complémentaires,Taux de nouvel achat à 60 jours,2011-12-10
14041,267,1,141.41,2,Occasionnels en sommeil,-2.0424710189194064,0.28350255517478323,Réactiver les clients,Tester une campagne de retour avec une offre ciblée,Taux de réactivation à 60 jours,2011-12-10
14179,41,2,701.57,0,Occasionnels récents,-0.19256353816084912,-0.18485822371391797,Encourager un achat supplémentaire,Tester une relance après achat avec des produits complémentaires,Taux de nouvel achat à 60 jours,2011-12-10
15079,213,4,895.61,1,Acheteurs réguliers,-0.25312944666215226,1.158490506264486,Entretenir la relation et développer les achats,Tester des recommandations adaptées à l'historique d'achat,Nombre de commandes par client sur 90 jours,2011-12-10
17164,33,7,2467.35,1,Acheteurs réguliers,1.3731861090788102,0.5116274571512908,Entretenir la relation et développer les achats,Tester des recommandations adaptées à l'historique d'achat,Nombre de commandes par client sur 90 jours,2011-12-10
13184,15,10,1668.95,3,Champions,1.7713873652675016,0.0018491060345255342,Maintenir une relation durable,Tester des avantages de fidélité et un accès anticipé,Taux de réachat à 90 jours,2011-12-10
18006,24,1,444.68,0,Occasionnels récents,-0.571755268761453,-0.8433897311011569,Encourager un achat supplémentaire,Tester une relance après achat avec des produits complémentaires,Taux de nouvel achat à 60 jours,2011-12-10
14885,132,1,765.3199999999999,2,Occasionnels en sommeil,-0.9699126882764546,0.44024556701149636,Réactiver les clients,Tester une campagne de retour avec une offre ciblée,Taux de réactivation à 60 jours,2011-12-10
16131,52,6,3506.54,1,Acheteurs réguliers,1.2450082127906983,0.8767087737652027,Entretenir la relation et développer les achats,Tester des recommandations adaptées à l'historique d'achat,Nombre de commandes par client sur 90 jours,2011-12-10
14124,85,1,419.58000000000004,2,Occasionnels en sommeil,-1.0834911486378567,-0.06140377496832816,Réactiver les clients,Tester une campagne de retour avec une offre ciblée,Taux de réactivation à 60 jours,2011-12-10
13672,302,2,186.39000000000001,2,Occasionnels en sommeil,-1.593706222882766,0.6188805130052687,Réactiver les clients,Tester une campagne de retour avec une offre ciblée,Taux de réactivation à 60 jours,2011-12-10
14462,67,11,1980.57,1,Acheteurs réguliers,1.3640817932191374,1.0380246704017382,Entretenir la relation et développer les achats,Tester des recommandations adaptées à l'historique d'achat,Nombre de commandes par client sur 90 jours,2011-12-10
14670,281,2,392.86,2,Occasionnels en sommeil,-1.213354871076447,0.8423943863714015,Réactiver les clients,Tester une campagne de retour avec une offre ciblée,Taux de réactivation à 60 jours,2011-12-10
14932,366,1,363.53,2,Occasionnels en sommeil,-1.7200412843803956,0.8297467464367186,Réactiver les clients,Tester une campagne de retour avec une offre ciblée,Taux de réactivation à 60 jours,2011-12-10
14752,44,1,389.64,0,Occasionnels récents,-0.8646418391444339,-0.5092699227022541,Encourager un achat supplémentaire,Tester une relance après achat avec des produits complémentaires,Taux de nouvel achat à 60 jours,2011-12-10
16027,92,6,934.62,1,Acheteurs réguliers,0.3980400837511856,0.7615223652628952,Entretenir la relation et développer les achats,Tester des recommandations adaptées à l'historique d'achat,Nombre de commandes par client sur 90 jours,2011-12-10
17126,153,5,989.45,1,Acheteurs réguliers,0.08793367712346753,1.050862175361447,Entretenir la relation et développer les achats,Tester des recommandations adaptées à l'historique d'achat,Nombre de commandes par client sur 90 jours,2011-12-10
14199,219,1,185.39999999999998,2,Occasionnels en sommeil,-1.8374813161894552,0.253134834556346,Réactiver les clients,Tester une campagne de retour avec une offre ciblée,Taux de réactivation à 60 jours,2011-12-10
14901,12,9,1421.29,3,Champions,1.6904550147368167,-0.2281219863602252,Maintenir une relation durable,Tester des avantages de fidélité et un accès anticipé,Taux de réachat à 90 jours,2011-12-10
14079,125,1,375.1,2,Occasionnels en sommeil,-1.2861930287205794,0.14619760636427784,Réactiver les clients,Tester une campagne de retour avec une offre ciblée,Taux de réactivation à 60 jours,2011-12-10
13151,296,1,1257.8700000000001,2,Occasionnels en sommeil,-1.0494511518150145,1.1430135481615031,Réactiver les clients,Tester une campagne de retour avec une offre ciblée,Taux de réactivation à 60 jours,2011-12-10
15301,51,12,5049.95,3,Champions,1.985279866904261,1.234760152004683,Maintenir une relation durable,Tester des avantages de fidélité et un accès anticipé,Taux de réachat à 90 jours,2011-12-10
15244,66,2,631.57,1,Acheteurs réguliers,-0.425380080473563,0.08053450188670885,Entretenir la relation et développer les achats,Tester des recommandations adaptées à l'historique d'achat,Nombre de commandes par client sur 90 jours,2011-12-10
16370,83,4,1301.91,1,Acheteurs réguliers,0.29061783593009655,0.6865747174342626,Entretenir la relation et développer les achats,Tester des recommandations adaptées à l'historique d'achat,Nombre de commandes par client sur 90 jours,2011-12-10
16652,59,7,6773.97,1,Acheteurs réguliers,1.6293011369925692,1.2481061896198018,Entretenir la relation et développer les achats,Tester des recommandations adaptées à l'historique d'achat,Nombre de commandes par client sur 90 jours,2011-12-10
14729,374,1,313.49,2,Occasionnels en sommeil,-1.798504571692354,0.7900523161824954,Réactiver les clients,Tester une campagne de retour avec une offre ciblée,Taux de réactivation à 60 jours,2011-12-10
15660,26,9,1600.86,1,Acheteurs réguliers,1.46035370946828,0.29021390032799826,Entretenir la relation et développer les achats,Tester des recommandations adaptées à l'historique d'achat,Nombre de commandes par client sur 90 jours,2011-12-10
14784,27,2,289.99,0,Occasionnels récents,-0.45157946271296384,-0.7690532167440598,Encourager un achat supplémentaire,Tester une relance après achat avec des produits complémentaires,Taux de nouvel achat à 60 jours,2011-12-10
13139,17,7,5064.94,3,Champions,1.963373654710386,0.35976590309821044,Maintenir une relation durable,Tester des avantages de fidélité et un accès anticipé,Taux de réachat à 90 jours,2011-12-10
17375,200,3,400.1,2,Occasionnels en sommeil,-0.8118011180720839,0.7394285829382076,Réactiver les clients,Tester une campagne de retour avec une offre ciblée,Taux de réactivation à 60 jours,2011-12-10
13108,373,1,350.06,2,Occasionnels en sommeil,-1.7452993714217426,0.8283319004713884,Réactiver les clients,Tester une campagne de retour avec une offre ciblée,Taux de réactivation à 60 jours,2011-12-10
13868,8,2,3192.54,1,Acheteurs réguliers,1.1291505867518654,-0.6353844138803634,Entretenir la relation et développer les achats,Tester des recommandations adaptées à l'historique d'achat,Nombre de commandes par client sur 90 jours,2011-12-10
18125,30,4,1131.75,1,Acheteurs réguliers,0.6149738437283092,-0.01228566899181261,Entretenir la relation et développer les achats,Tester des recommandations adaptées à l'historique d'achat,Nombre de commandes par client sur 90 jours,2011-12-10
17071,29,9,2429.03,3,Champions,1.616652511654335,0.5102918128320457,Maintenir une relation durable,Tester des avantages de fidélité et un accès anticipé,Taux de réachat à 90 jours,2011-12-10
16843,43,16,10196.57,3,Champions,2.6265180460312973,1.4847852513774746,Maintenir une relation durable,Tester des avantages de fidélité et un accès anticipé,Taux de réachat à 90 jours,2011-12-10
17415,80,1,507.84,2,Occasionnels en sommeil,-0.9696890024333463,-0.031042608132218347,Réactiver les clients,Tester une campagne de retour avec une offre ciblée,Taux de réactivation à 60 jours,2011-12-10
16255,17,8,2619.91,3,Champions,1.7574327151621996,0.16528467838763575,Maintenir une relation durable,Tester des avantages de fidélité et un accès anticipé,Taux de réachat à 90 jours,2011-12-10
13730,136,2,752.6,2,Occasionnels en sommeil,-0.6227325619278831,0.6091643798967049,Réactiver les clients,Tester une campagne de retour avec une offre ciblée,Taux de réactivation à 60 jours,2011-12-10
12750,129,1,275.88,2,Occasionnels en sommeil,-1.443660380869884,0.0551033509820155,Réactiver les clients,Tester une campagne de retour avec une offre ciblée,Taux de réactivation à 60 jours,2011-12-10
17306,11,19,8631.31,3,Champions,3.203763250437571,0.6420457871938083,Maintenir une relation durable,Tester des avantages de fidélité et un accès anticipé,Taux de réachat à 90 jours,2011-12-10
13821,145,2,385.64,2,Occasionnels en sommeil,-0.9641021159398384,0.40776083892238707,Réactiver les clients,Tester une campagne de retour avec une offre ciblée,Taux de réactivation à 60 jours,2011-12-10
13330,93,3,1140.93,1,Acheteurs réguliers,-0.01782603037951295,0.62600067264922,Entretenir la relation et développer les achats,Tester des recommandations adaptées à l'historique d'achat,Nombre de commandes par client sur 90 jours,2011-12-10
14223,93,3,991.13,1,Acheteurs réguliers,-0.08450116720093635,0.5748485324268938,Entretenir la relation et développer les achats,Tester des recommandations adaptées à l'historique d'achat,Nombre de commandes par client sur 90 jours,2011-12-10
17006,5,4,781.78,0,Occasionnels récents,1.083433540169559,-1.2141819263056217,Encourager un achat supplémentaire,Tester une relance après achat avec des produits complémentaires,Taux de nouvel achat à 60 jours,2011-12-10
16205,31,4,757.63,1,Acheteurs réguliers,0.412448829907187,-0.13747576784517887,Entretenir la relation et développer les achats,Tester des recommandations adaptées à l'historique d'achat,Nombre de commandes par client sur 90 jours,2011-12-10
15228,67,4,3386.71,1,Acheteurs réguliers,0.826515801630537,0.8968125730591283,Entretenir la relation et développer les achats,Tester des recommandations adaptées à l'historique d'achat,Nombre de commandes par client sur 90 jours,2011-12-10
16411,20,2,211.7,0,Occasionnels récents,-0.48742148538638397,-1.0700544664904734,Encourager un achat supplémentaire,Tester une relance après achat avec des produits complémentaires,Taux de nouvel achat à 60 jours,2011-12-10
16282,340,1,168.3,2,Occasionnels en sommeil,-2.0548819814122647,0.5030041343615466,Réactiver les clients,Tester une campagne de retour avec une offre ciblée,Taux de réactivation à 60 jours,2011-12-10
15360,40,1,427.93,0,Occasionnels récents,-0.7838181298224588,-0.5357657217532698,Encourager un achat supplémentaire,Tester une relance après achat avec des produits complémentaires,Taux de nouvel achat à 60 jours,2011-12-10
13914,12,2,626.45,0,Occasionnels récents,0.21347474206257144,-0.9882752062701916,Encourager un achat supplémentaire,Tester une relance après achat avec des produits complémentaires,Taux de nouvel achat à 60 jours,2011-12-10
17204,176,4,1564.56,1,Acheteurs réguliers,0.08555381082270339,1.2378523100601284,Entretenir la relation et développer les achats,Tester des recommandations adaptées à l'historique d'achat,Nombre de commandes par client sur 90 jours,2011-12-10
16505,32,1,777.6,0,Occasionnels récents,-0.4160494882709728,-0.459985858491634,Encourager un achat supplémentaire,Tester une relance après achat avec des produits complémentaires,Taux de nouvel achat à 60 jours,2011-12-10
13099,100,1,207.35999999999999,2,Occasionnels en sommeil,-1.479533334211813,-0.21239166260500356,Réactiver les clients,Tester une campagne de retour avec une offre ciblée,Taux de réactivation à 60 jours,2011-12-10
17088,29,4,1991.01,1,Acheteurs réguliers,0.8954806082056953,0.17174101725259522,Entretenir la relation et développer les achats,Tester des recommandations adaptées à l'historique d'achat,Nombre de commandes par client sur 90 jours,2011-12-10
13934,264,1,922.1,2,Occasionnels en sommeil,-1.1518631649413826,0.956060861653993,Réactiver les clients,Tester une campagne de retour avec une offre ciblée,Taux de réactivation à 60 jours,2011-12-10
16788,124,2,594.39,2,Occasionnels en sommeil,-0.698533636903398,0.4638615446536992,Réactiver les clients,Tester une campagne de retour avec une offre ciblée,Taux de réactivation à 60 jours,2011-12-10
15822,4,2,885.47,0,Occasionnels récents,0.7518513703347384,-1.4836604576571606,Encourager un achat supplémentaire,Tester une relance après achat avec des produits complémentaires,Taux de nouvel achat à 60 jours,2011-12-10
16200,5,2,1068.8700000000001,0,Occasionnels récents,0.7695504580430046,-1.2967460624354443,Encourager un achat supplémentaire,Tester une relance après achat avec des produits complémentaires,Taux de nouvel achat à 60 jours,2011-12-10
13984,27,5,920.51,1,Acheteurs réguliers,0.7219131598567822,-0.08348891728662378,Entretenir la relation et développer les achats,Tester des recommandations adaptées à l'historique d'achat,Nombre de commandes par client sur 90 jours,2011-12-10
16041,31,3,3166.4,1,Acheteurs réguliers,0.8882518897879932,0.29667781537417615,Entretenir la relation et développer les achats,Tester des recommandations adaptées à l'historique d'achat,Nombre de commandes par client sur 90 jours,2011-12-10
13439,256,1,283.71,2,Occasionnels en sommeil,-1.6975725888567683,0.5082579924675791,Réactiver les clients,Tester une campagne de retour avec une offre ciblée,Taux de réactivation à 60 jours,2011-12-10
17450,9,46,194390.79,3,Champions,5.524687204868587,1.9846086441140813,Maintenir une relation durable,Tester des avantages de fidélité et un accès anticipé,Taux de réachat à 90 jours,2011-12-10
16701,9,13,5398.3,3,Champions,2.7301332203717226,0.2158379519786671,Maintenir une relation durable,Tester des avantages de fidélité et un accès anticipé,Taux de réachat à 90 jours,2011-12-10
13494,312,1,316.26000000000005,2,Occasionnels en sommeil,-1.7235110970277194,0.6757701593532373,Réactiver les clients,Tester une campagne de retour avec une offre ciblée,Taux de réactivation à 60 jours,2011-12-10
16493,80,4,1351.63,1,Acheteurs réguliers,0.32262950991299405,0.6765582992800442,Entretenir la relation et développer les achats,Tester des recommandations adaptées à l'historique d'achat,Nombre de commandes par client sur 90 jours,2011-12-10
16832,185,3,199.15,2,Occasionnels en sommeil,-1.1110026306312164,0.4361499666842027,Réactiver les clients,Tester une campagne de retour avec une offre ciblée,Taux de réactivation à 60 jours,2011-12-10
16762,20,3,1207.24,1,Acheteurs réguliers,0.5963909204211177,-0.3276875980548925,Entretenir la relation et développer les achats,Tester des recommandations adaptées à l'historique d'achat,Nombre de commandes par client sur 90 jours,2011-12-10
12845,268,4,354.09,2,Occasionnels en sommeil,-0.7819632050481207,0.9702396275089326,Réactiver les clients,Tester une campagne de retour avec une offre ciblée,Taux de réactivation à 60 jours,2011-12-10
14651,68,2,653.75,1,Acheteurs réguliers,-0.4205686759264051,0.11218997362470375,Entretenir la relation et développer les achats,Tester des recommandations adaptées à l'historique d'achat,Nombre de commandes par client sur 90 jours,2011-12-10
14054,66,1,92.46,2,Occasionnels en sommeil,-1.698803882818747,-0.7708128147393098,Réactiver les clients,Tester une campagne de retour avec une offre ciblée,Taux de réactivation à 60 jours,2011-12-10
18105,38,1,113.48000000000002,0,Occasionnels récents,-1.390515245208415,-1.048760105409098,Encourager un achat supplémentaire,Tester une relance après achat avec des produits complémentaires,Taux de nouvel achat à 60 jours,2011-12-10
15133,128,3,982.42,1,Acheteurs réguliers,-0.2127433026709563,0.777381341435702,Entretenir la relation et développer les achats,Tester des recommandations adaptées à l'historique d'achat,Nombre de commandes par client sur 90 jours,2011-12-10
14344,128,8,889.9300000000001,1,Acheteurs réguliers,0.47388659197922217,1.052945537702177,Entretenir la relation et développer les achats,Tester des recommandations adaptées à l'historique d'achat,Nombre de commandes par client sur 90 jours,2011-12-10
15948,9,2,955.24,0,Occasionnels récents,0.5160899959010992,-1.0055472032347366,Encourager un achat supplémentaire,Tester une relance après achat avec des produits complémentaires,Taux de nouvel achat à 60 jours,2011-12-10
16315,331,1,226.37,2,Occasionnels en sommeil,-1.9045688663311862,0.592892775682185,Réactiver les clients,Tester une campagne de retour avec une offre ciblée,Taux de réactivation à 60 jours,2011-12-10
17231,13,10,3124.72,3,Champions,2.1209554774919614,0.14308202653276134,Maintenir une relation durable,Tester des avantages de fidélité et un accès anticipé,Taux de réachat à 90 jours,2011-12-10
12590,212,2,9864.26,1,Acheteurs réguliers,0.4237599615246324,1.8315787892024993,Entretenir la relation et développer les achats,Tester des recommandations adaptées à l'historique d'achat,Nombre de commandes par client sur 90 jours,2011-12-10
15187,2,16,4777.18,3,Champions,3.3197010664911826,-0.5366353552690519,Maintenir une relation durable,Tester des avantages de fidélité et un accès anticipé,Taux de réachat à 90 jours,2011-12-10
16153,50,5,1824.23,1,Acheteurs réguliers,0.8109430342037345,0.5548825198710058,Entretenir la relation et développer les achats,Tester des recommandations adaptées à l'historique d'achat,Nombre de commandes par client sur 90 jours,2011-12-10
15210,226,1,331.18,2,Occasionnels en sommeil,-1.5758041563756249,0.48366828808980933,Réactiver les clients,Tester une campagne de retour avec une offre ciblée,Taux de réactivation à 60 jours,2011-12-10
16666,20,1,118.98,0,Occasionnels récents,-1.1256293894388238,-1.4340739087403713,Encourager un achat supplémentaire,Tester une relance après achat avec des produits complémentaires,Taux de nouvel achat à 60 jours,2011-12-10
13953,8,7,3515.68,3,Champions,2.061982652484505,-0.22356854676777196,Maintenir une relation durable,Tester des avantages de fidélité et un accès anticipé,Taux de réachat à 90 jours,2011-12-10
14045,110,4,1659.75,1,Acheteurs réguliers,0.29643533644019837,0.9560149618058694,Entretenir la relation et développer les achats,Tester des recommandations adaptées à l'historique d'achat,Nombre de commandes par client sur 90 jours,2011-12-10
18213,237,1,232.48000000000002,2,Occasionnels en sommeil,-1.7615271637499166,0.38617293182023,Réactiver les clients,Tester une campagne de retour avec une offre ciblée,Taux de réactivation à 60 jours,2011-12-10
15565,51,2,173.16,0,Occasionnels récents,-0.9376029844094464,-0.5533928319910845,Encourager un achat supplémentaire,Tester une relance après achat avec des produits complémentaires,Taux de nouvel achat à 60 jours,2011-12-10
13572,206,1,1384.25,2,Occasionnels en sommeil,-0.862589687619964,0.9431498139532295,Réactiver les clients,Tester une campagne de retour avec une offre ciblée,Taux de réactivation à 60 jours,2011-12-10
13892,27,4,632.97,1,Acheteurs réguliers,0.379671831126841,-0.28957214015095206,Entretenir la relation et développer les achats,Tester des recommandations adaptées à l'historique d'achat,Nombre de commandes par client sur 90 jours,2011-12-10
14448,10,2,375.35,0,Occasionnels récents,0.036594595810306066,-1.282795840952992,Encourager un achat supplémentaire,Tester une relance après achat avec des produits complémentaires,Taux de nouvel achat à 60 jours,2011-12-10
14146,9,5,4191.0,3,Champions,1.8437753377902881,-0.2016886193423918,Maintenir une relation durable,Tester des avantages de fidélité et un accès anticipé,Taux de réachat à 90 jours,2011-12-10
12410,309,2,693.3299999999999,2,Occasionnels en sommeil,-0.9816404640749624,1.1101618148366559,Réactiver les clients,Tester une campagne de retour avec une offre ciblée,Taux de réactivation à 60 jours,2011-12-10
14735,4,32,6065.69,3,Champions,3.8326134820244238,0.13703956008940932,Maintenir une relation durable,Tester des avantages de fidélité et un accès anticipé,Taux de réachat à 90 jours,2011-12-10
17850,373,34,5391.21,3,Champions,2.13872957031661,2.921454585289623,Maintenir une relation durable,Tester des avantages de fidélité et un accès anticipé,Taux de réachat à 90 jours,2011-12-10
16685,62,2,324.24,2,Occasionnels en sommeil,-0.7166683396709596,-0.20146141573787354,Réactiver les clients,Tester une campagne de retour avec une offre ciblée,Taux de réactivation à 60 jours,2011-12-10
14607,16,14,16209.5,3,Champions,3.105825414237701,0.9871673039083905,Maintenir une relation durable,Tester des avantages de fidélité et un accès anticipé,Taux de réachat à 90 jours,2011-12-10
17854,186,2,311.26,2,Occasionnels en sommeil,-1.1624175928237552,0.4909202321822514,Réactiver les clients,Tester une campagne de retour avec une offre ciblée,Taux de réactivation à 60 jours,2011-12-10
17874,186,6,683.46,1,Acheteurs réguliers,-0.023953967590567997,1.1018584545887053,Entretenir la relation et développer les achats,Tester des recommandations adaptées à l'historique d'achat,Nombre de commandes par client sur 90 jours,2011-12-10
12559,311,2,561.71,2,Occasionnels en sommeil,-1.0838189165256813,1.0378860235374057,Réactiver les clients,Tester une campagne de retour avec une offre ciblée,Taux de réactivation à 60 jours,2011-12-10
16966,9,7,2154.97,3,Champions,1.7886963821709474,-0.3330616994836132,Maintenir une relation durable,Tester des avantages de fidélité et un accès anticipé,Taux de réachat à 90 jours,2011-12-10
12473,30,5,3928.0499999999997,1,Acheteurs réguliers,1.369599386403289,0.5101723847736878,Entretenir la relation et développer les achats,Tester des recommandations adaptées à l'historique d'achat,Nombre de commandes par client sur 90 jours,2011-12-10
13754,152,2,282.59999999999997,2,Occasionnels en sommeil,-1.1294102714076621,0.3254622044668798,Réactiver les clients,Tester une campagne de retour avec une offre ciblée,Taux de réactivation à 60 jours,2011-12-10
15154,76,1,254.28,2,Occasionnels en sommeil,-1.2768931615440873,-0.31487269847363725,Réactiver les clients,Tester une campagne de retour avec une offre ciblée,Taux de réactivation à 60 jours,2011-12-10
17070,115,1,304.24,2,Occasionnels en sommeil,-1.3527630391637888,0.01650982281175966,Réactiver les clients,Tester une campagne de retour avec une offre ciblée,Taux de réactivation à 60 jours,2011-12-10
16034,197,3,437.7,2,Occasionnels en sommeil,-0.7634208766339223,0.7622484177408935,Réactiver les clients,Tester une campagne de retour avec une offre ciblée,Taux de réactivation à 60 jours,2011-12-10
14102,6,5,1105.8799999999999,3,Champions,1.3521854803580864,-0.9179251946362318,Maintenir une relation durable,Tester des avantages de fidélité et un accès anticipé,Taux de réachat à 90 jours,2011-12-10
18143,117,2,1000.16,1,Acheteurs réguliers,-0.4295317926732233,0.6154467352731239,Entretenir la relation et développer les achats,Tester des recommandations adaptées à l'historique d'achat,Nombre de commandes par client sur 90 jours,2011-12-10
13279,79,1,137.75,2,Occasionnels en sommeil,-1.5809561845466014,-0.5118076776451593,Réactiver les clients,Tester une campagne de retour avec une offre ciblée,Taux de réactivation à 60 jours,2011-12-10
14950,20,1,371.2,0,Occasionnels récents,-0.5888434853358951,-1.022260013111159,Encourager un achat supplémentaire,Tester une relance après achat avec des produits complémentaires,Taux de nouvel achat à 60 jours,2011-12-10
12971,4,86,11189.91,3,Champions,4.999722220514355,0.7321292394751064,Maintenir une relation durable,Tester des avantages de fidélité et un accès anticipé,Taux de réachat à 90 jours,2011-12-10
13240,97,4,663.65,1,Acheteurs réguliers,-0.0889491324124415,0.5419302111997704,Entretenir la relation et développer les achats,Tester des recommandations adaptées à l'historique d'achat,Nombre de commandes par client sur 90 jours,2011-12-10
16714,219,3,1129.06,1,Acheteurs réguliers,-0.35607397243566247,1.1749265756868226,Entretenir la relation et développer les achats,Tester des recommandations adaptées à l'historique d'achat,Nombre de commandes par client sur 90 jours,2011-12-10
17984,146,1,152.68,2,Occasionnels en sommeil,-1.7709675680792027,-0.07916053139194272,Réactiver les clients,Tester une campagne de retour avec une offre ciblée,Taux de réactivation à 60 jours,2011-12-10
14362,23,1,151.5,0,Occasionnels récents,-1.0642484686813576,-1.260033047114675,Encourager un achat supplémentaire,Tester une relance après achat avec des produits complémentaires,Taux de nouvel achat à 60 jours,2011-12-10
14765,30,3,254.11,0,Occasionnels récents,-0.29366924899483965,-0.6402578961465438,Encourager un achat supplémentaire,Tester une relance après achat avec des produits complémentaires,Taux de nouvel achat à 60 jours,2011-12-10
17416,30,7,6893.42,3,Champions,1.8964194520114919,0.8252232903647571,Maintenir une relation durable,Tester des avantages de fidélité et un accès anticipé,Taux de réachat à 90 jours,2011-12-10
12980,158,9,7374.900000000001,1,Acheteurs réguliers,1.489437127044189,1.998208822432165,Entretenir la relation et développer les achats,Tester des recommandations adaptées à l'historique d'achat,Nombre de commandes par client sur 90 jours,2011-12-10
14047,9,5,1308.6100000000001,1,Acheteurs réguliers,1.2921285540282423,-0.6249035534454542,Entretenir la relation et développer les achats,Tester des recommandations adaptées à l'historique d'achat,Nombre de commandes par client sur 90 jours,2011-12-10
15953,16,8,1657.28,3,Champions,1.562799521431943,-0.038376305567257164,Maintenir une relation durable,Tester des avantages de fidélité et un accès anticipé,Taux de réachat à 90 jours,2011-12-10
18032,335,1,73.5,2,Occasionnels en sommeil,-2.4383076167736983,0.19480255977902752,Réactiver les clients,Tester une campagne de retour avec une offre ciblée,Taux de réactivation à 60 jours,2011-12-10
16413,57,1,262.2,2,Occasionnels en sommeil,-1.151340651096964,-0.48794777418670277,Réactiver les clients,Tester une campagne de retour avec une offre ciblée,Taux de réactivation à 60 jours,2011-12-10
12514,268,1,1017.68,2,Occasionnels en sommeil,-1.1110196741351503,1.0016385550668285,Réactiver les clients,Tester une campagne de retour avec une offre ciblée,Taux de réactivation à 60 jours,2011-12-10
15986,31,1,168.12,0,Occasionnels récents,-1.1279596241463805,-1.0354074655780587,Encourager un achat supplémentaire,Tester une relance après achat avec des produits complémentaires,Taux de nouvel achat à 60 jours,2011-12-10
16992,11,5,1614.31,1,Acheteurs réguliers,1.320141481610802,-0.43007653878819835,Entretenir la relation et développer les achats,Tester des recommandations adaptées à l'historique d'achat,Nombre de commandes par client sur 90 jours,2011-12-10
14214,31,5,1004.38,1,Acheteurs réguliers,0.7108763674230911,0.0349941877849975,Entretenir la relation et développer les achats,Tester des recommandations adaptées à l'historique d'achat,Nombre de commandes par client sur 90 jours,2011-12-10
15408,265,1,267.18,2,Occasionnels en sommeil,-1.7394239033432912,0.5088741470366571,Réactiver les clients,Tester une campagne de retour avec une offre ciblée,Taux de réactivation à 60 jours,2011-12-10
15346,333,1,252.42000000000002,2,Occasionnels en sommeil,-1.8554923516924993,0.6362535435163256,Réactiver les clients,Tester une campagne de retour avec une offre ciblée,Taux de réactivation à 60 jours,2011-12-10
17253,19,1,178.26,0,Occasionnels récents,-0.9161295637238291,-1.3197344268619333,Encourager un achat supplémentaire,Tester une relance après achat avec des produits complémentaires,Taux de nouvel achat à 60 jours,2011-12-10
14220,248,2,632.4,2,Occasionnels en sommeil,-0.9393033953193584,0.9343219558562256,Réactiver les clients,Tester une campagne de retour avec une offre ciblée,Taux de réactivation à 60 jours,2011-12-10
15823,373,1,15.0,2,Occasionnels en sommeil,-3.2096430152645,-0.2950900372163223,Réactiver les clients,Tester une campagne de retour avec une offre ciblée,Taux de réactivation à 60 jours,2011-12-10
13751,289,1,296.25,2,Occasionnels en sommeil,-1.7244859171659934,0.6024615307646022,Réactiver les clients,Tester une campagne de retour avec une offre ciblée,Taux de réactivation à 60 jours,2011-12-10
14761,59,2,255.9,2,Occasionnels en sommeil,-0.8093850632623869,-0.31897782564460975,Réactiver les clients,Tester une campagne de retour avec une offre ciblée,Taux de réactivation à 60 jours,2011-12-10
16721,263,1,292.47,2,Occasionnels en sommeil,-1.693736922375286,0.536749251400267,Réactiver les clients,Tester une campagne de retour avec une offre ciblée,Taux de réactivation à 60 jours,2011-12-10
15062,72,4,987.86,1,Acheteurs réguliers,0.21486051620406024,0.4950149527871267,Entretenir la relation et développer les achats,Tester des recommandations adaptées à l'historique d'achat,Nombre de commandes par client sur 90 jours,2011-12-10
16342,76,4,322.41,1,Acheteurs réguliers,-0.33597169585324993,0.12314179545475952,Entretenir la relation et développer les achats,Tester des recommandations adaptées à l'historique d'achat,Nombre de commandes par client sur 90 jours,2011-12-10
13650,17,6,1836.34,1,Acheteurs réguliers,1.3617078174078177,-0.06045789687705734,Entretenir la relation et développer les achats,Tester des recommandations adaptées à l'historique d'achat,Nombre de commandes par client sur 90 jours,2011-12-10
13933,110,2,608.7900000000001,2,Occasionnels en sommeil,-0.6406444671996223,0.39534387899936807,Réactiver les clients,Tester une campagne de retour avec une offre ciblée,Taux de réactivation à 60 jours,2011-12-10
17802,83,3,1285.04,1,Acheteurs réguliers,0.08261195542522097,0.5961205912225699,Entretenir la relation et développer les achats,Tester des recommandations adaptées à l'historique d'achat,Nombre de commandes par client sur 90 jours,2011-12-10
15653,93,2,877.4399999999999,1,Acheteurs réguliers,-0.40240775419447294,0.4200728367848157,Entretenir la relation et développer les achats,Tester des recommandations adaptées à l'historique d'achat,Nombre de commandes par client sur 90 jours,2011-12-10
16969,40,3,650.41,1,Acheteurs réguliers,0.04123299780994594,-0.11752038192614878,Entretenir la relation et développer les achats,Tester des recommandations adaptées à l'historique d'achat,Nombre de commandes par client sur 90 jours,2011-12-10
13655,115,2,932.97,1,Acheteurs réguliers,-0.45577071387524776,0.5790646957106615,Entretenir la relation et développer les achats,Tester des recommandations adaptées à l'historique d'achat,Nombre de commandes par client sur 90 jours,2011-12-10
16913,291,1,113.44,2,Occasionnels en sommeil,-2.179764874694189,0.2597126646067611,Réactiver les clients,Tester une campagne de retour avec une offre ciblée,Taux de réactivation à 60 jours,2011-12-10
18005,4,2,226.47,0,Occasionnels récents,0.10690157760445727,-1.9784560262430702,Encourager un achat supplémentaire,Tester une relance après achat avec des produits complémentaires,Taux de nouvel achat à 60 jours,2011-12-10
15276,67,1,128.63,2,Occasionnels en sommeil,-1.5494929098762829,-0.6421787996398308,Réactiver les clients,Tester une campagne de retour avec une offre ciblée,Taux de réactivation à 60 jours,2011-12-10
14488,68,1,1064.28,2,Occasionnels en sommeil,-0.5565129875794708,0.13349944004720593,Réactiver les clients,Tester une campagne de retour avec une offre ciblée,Taux de réactivation à 60 jours,2011-12-10
15951,9,2,708.22,0,Occasionnels récents,0.3743941192780273,-1.1142541020201309,Encourager un achat supplémentaire,Tester une relance après achat avec des produits complémentaires,Taux de nouvel achat à 60 jours,2011-12-10
17719,38,15,5396.04,3,Champions,2.3172660657907755,1.1516291159411882,Maintenir une relation durable,Tester des avantages de fidélité et un accès anticipé,Taux de réachat à 90 jours,2011-12-10
13052,213,1,348.15000000000003,2,Occasionnels en sommeil,-1.5290646558958896,0.46345861720107623,Réactiver les clients,Tester une campagne de retour avec une offre ciblée,Taux de réactivation à 60 jours,2011-12-10
16869,23,4,817.12,1,Acheteurs réguliers,0.5610034442228911,-0.2970107517321671,Entretenir la relation et développer les achats,Tester des recommandations adaptées à l'historique d'achat,Nombre de commandes par client sur 90 jours,2011-12-10
13314,2,3,775.94,0,Occasionnels récents,1.1497399103578045,-1.7531736671716474,Encourager un achat supplémentaire,Tester une relance après achat avec des produits complémentaires,Taux de nouvel achat à 60 jours,2011-12-10
14132,3,11,3586.0299999999997,3,Champions,2.755954484877703,-0.587731788935038,Maintenir une relation durable,Tester des avantages de fidélité et un accès anticipé,Taux de réachat à 90 jours,2011-12-10
14631,51,3,1006.98,1,Acheteurs réguliers,0.15507213763889846,0.19577337613114013,Entretenir la relation et développer les achats,Tester des recommandations adaptées à l'historique d'achat,Nombre de commandes par client sur 90 jours,2011-12-10
14757,76,1,420.5,2,Occasionnels en sommeil,-1.0391274877893022,-0.13246252784984383,Réactiver les clients,Tester une campagne de retour avec une offre ciblée,Taux de réactivation à 60 jours,2011-12-10
12362,4,10,5226.23,3,Champions,2.7683364690043826,-0.3391323493236995,Maintenir une relation durable,Tester des avantages de fidélité et un accès anticipé,Taux de réachat à 90 jours,2011-12-10
13094,22,12,1927.3200000000002,3,Champions,1.8484482810859366,0.354239378936306,Maintenir une relation durable,Tester des avantages de fidélité et un accès anticipé,Taux de réachat à 90 jours,2011-12-10
17651,12,10,3945.0,3,Champions,2.260496963802253,0.1796805135498211,Maintenir une relation durable,Tester des avantages de fidélité et un accès anticipé,Taux de réachat à 90 jours,2011-12-10
13900,184,3,740.95,2,Occasionnels en sommeil,-0.48765396848155285,0.9092483166115705,Réactiver les clients,Tester une campagne de retour avec une offre ciblée,Taux de réactivation à 60 jours,2011-12-10
16931,6,21,4554.87,3,Champions,3.1982057366586094,0.09582490654898847,Maintenir une relation durable,Tester des avantages de fidélité et un accès anticipé,Taux de réachat à 90 jours,2011-12-10
15883,3,2,396.48,0,Occasionnels récents,0.45899859876210924,-1.920478632520669,Encourager un achat supplémentaire,Tester une relance après achat avec des produits complémentaires,Taux de nouvel achat à 60 jours,2011-12-10
13515,73,4,891.12,1,Acheteurs réguliers,0.16071315563055721,0.4664090340421703,Entretenir la relation et développer les achats,Tester des recommandations adaptées à l'historique d'achat,Nombre de commandes par client sur 90 jours,2011-12-10
14442,205,2,1589.82,1,Acheteurs réguliers,-0.42835337057839196,1.1460814314659238,Entretenir la relation et développer les achats,Tester des recommandations adaptées à l'historique d'achat,Nombre de commandes par client sur 90 jours,2011-12-10
15637,53,1,223.36,2,Occasionnels en sommeil,-1.199035393519794,-0.592475591086077,Réactiver les clients,Tester une campagne de retour avec une offre ciblée,Taux de réactivation à 60 jours,2011-12-10
17775,255,1,56.4,2,Occasionnels en sommeil,-2.455357776783212,-0.07680965492767855,Réactiver les clients,Tester une campagne de retour avec une offre ciblée,Taux de réactivation à 60 jours,2011-12-10
17881,305,1,133.35000000000002,2,Occasionnels en sommeil,-2.1220684818006155,0.34849969224071603,Réactiver les clients,Tester une campagne de retour avec une offre ciblée,Taux de réactivation à 60 jours,2011-12-10
16450,150,1,311.92,2,Occasionnels en sommeil,-1.4443357284800395,0.19695049217955174,Réactiver les clients,Tester une campagne de retour avec une offre ciblée,Taux de réactivation à 60 jours,2011-12-10
13999,11,12,3901.81,3,Champions,2.4377472812376983,0.18781684178647445,Maintenir une relation durable,Tester des avantages de fidélité et un accès anticipé,Taux de réachat à 90 jours,2011-12-10
14550,11,2,757.37,0,Occasionnels récents,0.33470256234182344,-0.9713689273182947,Encourager un achat supplémentaire,Tester une relance après achat avec des produits complémentaires,Taux de nouvel achat à 60 jours,2011-12-10
15938,113,5,404.58,1,Acheteurs réguliers,-0.2175226207361954,0.5305891671049949,Entretenir la relation et développer les achats,Tester des recommandations adaptées à l'historique d'achat,Nombre de commandes par client sur 90 jours,2011-12-10
14731,48,3,380.02,0,Occasionnels récents,-0.28291214624780525,-0.19673620094306685,Encourager un achat supplémentaire,Tester une relance après achat avec des produits complémentaires,Taux de nouvel achat à 60 jours,2011-12-10
16771,34,5,2242.61,1,Acheteurs réguliers,1.056360638725093,0.3852400777345372,Entretenir la relation et développer les achats,Tester des recommandations adaptées à l'historique d'achat,Nombre de commandes par client sur 90 jours,2011-12-10
14937,57,3,1621.88,1,Acheteurs réguliers,0.338085636303461,0.43999597726429374,Entretenir la relation et développer les achats,Tester des recommandations adaptées à l'historique d'achat,Nombre de commandes par client sur 90 jours,2011-12-10
17739,12,7,2791.35,3,Champions,1.8084959391081186,-0.06843801496686246,Maintenir une relation durable,Tester des avantages de fidélité et un accès anticipé,Taux de réachat à 90 jours,2011-12-10
13524,41,5,680.1800000000001,1,Acheteurs réguliers,0.4197070650140488,0.070145168027192,Entretenir la relation et développer les achats,Tester des recommandations adaptées à l'historique d'achat,Nombre de commandes par client sur 90 jours,2011-12-10
15881,313,5,501.39000000000004,2,Occasionnels en sommeil,-0.5131554579429949,1.267043933411749,Réactiver les clients,Tester une campagne de retour avec une offre ciblée,Taux de réactivation à 60 jours,2011-12-10
15806,47,3,784.58,1,Acheteurs réguliers,0.06824917591937872,0.053066292718757235,Entretenir la relation et développer les achats,Tester des recommandations adaptées à l'historique d'achat,Nombre de commandes par client sur 90 jours,2011-12-10
14934,82,2,1890.94,1,Acheteurs réguliers,0.010144153136619791,0.6182558087249953,Entretenir la relation et développer les achats,Tester des recommandations adaptées à l'historique d'achat,Nombre de commandes par client sur 90 jours,2011-12-10
12489,337,1,334.93,2,Occasionnels en sommeil,-1.726517761658231,0.7465190418985214,Réactiver les clients,Tester une campagne de retour avec une offre ciblée,Taux de réactivation à 60 jours,2011-12-10
15339,67,2,574.07,2,Occasionnels en sommeil,-0.4763728330898485,0.05549857725622033,Réactiver les clients,Tester une campagne de retour avec une offre ciblée,Taux de réactivation à 60 jours,2011-12-10
17346,4,15,2622.88,3,Champions,2.780439527751173,-0.4459185628303977,Maintenir une relation durable,Tester des avantages de fidélité et un accès anticipé,Taux de réachat à 90 jours,2011-12-10
16469,24,4,625.42,1,Acheteurs réguliers,0.41841119677647104,-0.3675952301489539,Entretenir la relation et développer les achats,Tester des recommandations adaptées à l'historique d'achat,Nombre de commandes par client sur 90 jours,2011-12-10
14484,51,1,321.92,2,Occasionnels en sommeil,-1.0115805523448982,-0.4845434321710124,Réactiver les clients,Tester une campagne de retour avec une offre ciblée,Taux de réactivation à 60 jours,2011-12-10
13483,66,1,140.34,2,Occasionnels en sommeil,-1.502679779860171,-0.6203494172305167,Réactiver les clients,Tester une campagne de retour avec une offre ciblée,Taux de réactivation à 60 jours,2011-12-10
16680,44,1,183.7,0,Occasionnels récents,-1.2198040567641655,-0.7817449174820094,Encourager un achat supplémentaire,Tester une relance après achat avec des produits complémentaires,Taux de nouvel achat à 60 jours,2011-12-10
15912,179,2,264.62,2,Occasionnels en sommeil,-1.2241664182001264,0.40727600773362893,Réactiver les clients,Tester une campagne de retour avec une offre ciblée,Taux de réactivation à 60 jours,2011-12-10
14687,107,1,628.38,2,Occasionnels en sommeil,-0.9816432758375015,0.2332900578568629,Réactiver les clients,Tester une campagne de retour avec une offre ciblée,Taux de réactivation à 60 jours,2011-12-10
17262,53,5,1253.3600000000001,1,Acheteurs réguliers,0.6106957453040046,0.45559726657035426,Entretenir la relation et développer les achats,Tester des recommandations adaptées à l'historique d'achat,Nombre de commandes par client sur 90 jours,2011-12-10
18059,24,3,306.46,0,Occasionnels récents,-0.1208551244402512,-0.7121872752491374,Encourager un achat supplémentaire,Tester une relance après achat avec des produits complémentaires,Taux de nouvel achat à 60 jours,2011-12-10
12445,23,1,133.4,0,Occasionnels récents,-1.1241543004084689,-1.30599188050781,Encourager un achat supplémentaire,Tester une relance après achat avec des produits complémentaires,Taux de nouvel achat à 60 jours,2011-12-10
14309,9,9,2352.53,3,Champions,2.032094135503314,-0.21545547238532928,Maintenir une relation durable,Tester des avantages de fidélité et un accès anticipé,Taux de réachat à 90 jours,2011-12-10
15074,106,1,735.67,2,Occasionnels en sommeil,-0.9033639632929478,0.2845008146019695,Réactiver les clients,Tester une campagne de retour avec une offre ciblée,Taux de réactivation à 60 jours,2011-12-10
16848,53,1,281.42,2,Occasionnels en sommeil,-1.0899133563536814,-0.5087588412964705,Réactiver les clients,Tester une campagne de retour avec une offre ciblée,Taux de réactivation à 60 jours,2011-12-10
17002,86,3,1493.73,1,Acheteurs réguliers,0.1401590391386604,0.6736316904986006,Entretenir la relation et développer les achats,Tester des recommandations adaptées à l'historique d'achat,Nombre de commandes par client sur 90 jours,2011-12-10
14480,12,1,279.05,0,Occasionnels récents,-0.5357493008027017,-1.437464523982132,Encourager un achat supplémentaire,Tester une relance après achat avec des produits complémentaires,Taux de nouvel achat à 60 jours,2011-12-10
16526,172,1,290.36,2,Occasionnels en sommeil,-1.53149488559515,0.25939181047900667,Réactiver les clients,Tester une campagne de retour avec une offre ciblée,Taux de réactivation à 60 jours,2011-12-10
14307,89,6,2995.72,1,Acheteurs réguliers,0.9628309690366831,1.16364745975661,Entretenir la relation et développer les achats,Tester des recommandations adaptées à l'historique d'achat,Nombre de commandes par client sur 90 jours,2011-12-10
16553,164,12,5719.82,1,Acheteurs réguliers,1.5917353068599438,2.030631652479058,Entretenir la relation et développer les achats,Tester des recommandations adaptées à l'historique d'achat,Nombre de commandes par client sur 90 jours,2011-12-10
17289,32,3,931.02,1,Acheteurs réguliers,0.2961597926236111,-0.1283110491868381,Entretenir la relation et développer les achats,Tester des recommandations adaptées à l'historique d'achat,Nombre de commandes par client sur 90 jours,2011-12-10
17615,131,3,329.6,2,Occasionnels en sommeil,-0.7386357589905951,0.39578122247297637,Réactiver les clients,Tester une campagne de retour avec une offre ciblée,Taux de réactivation à 60 jours,2011-12-10
16112,144,4,195.73999999999998,2,Occasionnels en sommeil,-0.8197215929251467,0.3537510640692153,Réactiver les clients,Tester une campagne de retour avec une offre ciblée,Taux de réactivation à 60 jours,2011-12-10
16171,60,1,73.2,2,Occasionnels en sommeil,-1.7714498417455713,-0.915740621210824,Réactiver les clients,Tester une campagne de retour avec une offre ciblée,Taux de réactivation à 60 jours,2011-12-10
15829,100,2,636.14,2,Occasionnels en sommeil,-0.5828368329808393,0.3499362586235276,Réactiver les clients,Tester une campagne de retour avec une offre ciblée,Taux de réactivation à 60 jours,2011-12-10
14820,22,4,507.29,0,Occasionnels récents,0.352010976125484,-0.49780864562929394,Encourager un achat supplémentaire,Tester une relance après achat avec des produits complémentaires,Taux de nouvel achat à 60 jours,2011-12-10
15987,13,7,1432.77,3,Champions,1.4633930756424132,-0.2627400312126711,Maintenir une relation durable,Tester des avantages de fidélité et un accès anticipé,Taux de réachat à 90 jours,2011-12-10
17458,16,1,316.5,0,Occasionnels récents,-0.5813869866083339,-1.2174343291971002,Encourager un achat supplémentaire,Tester une relance après achat avec des produits complémentaires,Taux de nouvel achat à 60 jours,2011-12-10
13750,54,5,1647.26,1,Acheteurs réguliers,0.7329909809638988,0.56686510203638,Entretenir la relation et développer les achats,Tester des recommandations adaptées à l'historique d'achat,Nombre de commandes par client sur 90 jours,2011-12-10
14036,285,1,626.65,2,Occasionnels en sommeil,-1.3646594508514853,0.8653102714635583,Réactiver les clients,Tester une campagne de retour avec une offre ciblée,Taux de réactivation à 60 jours,2011-12-10
17162,29,10,1715.46,3,Champions,1.538025067661876,0.4204451239523168,Maintenir une relation durable,Tester des avantages de fidélité et un accès anticipé,Taux de réachat à 90 jours,2011-12-10
17621,22,3,1379.9,1,Acheteurs réguliers,0.6240662123080719,-0.21996726129929026,Entretenir la relation et développer les achats,Tester des recommandations adaptées à l'historique d'achat,Nombre de commandes par client sur 90 jours,2011-12-10
13737,201,1,339.59999999999997,2,Occasionnels en sommeil,-1.5182009855020862,0.41692886702964627,Réactiver les clients,Tester une campagne de retour avec une offre ciblée,Taux de réactivation à 60 jours,2011-12-10
15585,177,1,455.3,2,Occasionnels en sommeil,-1.3299640406647621,0.4410909208807494,Réactiver les clients,Tester une campagne de retour avec une offre ciblée,Taux de réactivation à 60 jours,2011-12-10
12931,22,15,42055.96,3,Champions,3.4977539856940143,1.5552394222616623,Maintenir une relation durable,Tester des avantages de fidélité et un accès anticipé,Taux de réachat à 90 jours,2011-12-10
18133,213,1,931.4999999999999,2,Occasionnels en sommeil,-1.0632770819097739,0.8208036851559924,Réactiver les clients,Tester une campagne de retour avec une offre ciblée,Taux de réactivation à 60 jours,2011-12-10
14552,152,1,164.22,2,Occasionnels en sommeil,-1.7523170482718886,-0.02681844817112089,Réactiver les clients,Tester une campagne de retour avec une offre ciblée,Taux de réactivation à 60 jours,2011-12-10
15316,327,1,165.0,2,Occasionnels en sommeil,-2.0489804383802226,0.47057847195611663,Réactiver les clients,Tester une campagne de retour avec une offre ciblée,Taux de réactivation à 60 jours,2011-12-10
13761,51,2,1070.65,1,Acheteurs réguliers,-0.07608541231949065,0.10755020843449917,Entretenir la relation et développer les achats,Tester des recommandations adaptées à l'historique d'achat,Nombre de commandes par client sur 90 jours,2011-12-10
16338,158,1,214.79999999999998,2,Occasionnels en sommeil,-1.6407615001187228,0.09533574265039256,Réactiver les clients,Tester une campagne de retour avec une offre ciblée,Taux de réactivation à 60 jours,2011-12-10
14051,1,23,15610.390000000001,3,Champions,4.351886766709795,-0.23706403288529584,Maintenir une relation durable,Tester des avantages de fidélité et un accès anticipé,Taux de réachat à 90 jours,2011-12-10
15955,25,14,4416.26,3,Champions,2.3228310914233217,0.7904091249769781,Maintenir une relation durable,Tester des avantages de fidélité et un accès anticipé,Taux de réachat à 90 jours,2011-12-10
12719,6,2,644.95,0,Occasionnels récents,0.4698890849949599,-1.3800882240493397,Encourager un achat supplémentaire,Tester une relance après achat avec des produits complémentaires,Taux de nouvel achat à 60 jours,2011-12-10
15457,263,1,237.07,2,Occasionnels en sommeil,-1.7929337390867506,0.46064697820023875,Réactiver les clients,Tester une campagne de retour avec une offre ciblée,Taux de réactivation à 60 jours,2011-12-10
12723,4,5,725.07,0,Occasionnels récents,1.2841415532041598,-1.2900168151350693,Encourager un achat supplémentaire,Tester une relance après achat avec des produits complémentaires,Taux de nouvel achat à 60 jours,2011-12-10
16658,369,1,123.24,2,Occasionnels en sommeil,-2.233602148314773,0.4434906692477054,Réactiver les clients,Tester une campagne de retour avec une offre ciblée,Taux de réactivation à 60 jours,2011-12-10
18136,64,3,784.33,1,Acheteurs réguliers,-0.05073759103311917,0.25002534487725714,Entretenir la relation et développer les achats,Tester des recommandations adaptées à l'historique d'achat,Nombre de commandes par client sur 90 jours,2011-12-10
13319,6,26,10845.550000000001,3,Champions,3.7947264877336027,0.49002581539771856,Maintenir une relation durable,Tester des avantages de fidélité et un accès anticipé,Taux de réachat à 90 jours,2011-12-10
12757,16,13,7834.650000000001,3,Champions,2.6987295716103605,0.6962220499565014,Maintenir une relation durable,Tester des avantages de fidélité et un accès anticipé,Taux de réachat à 90 jours,2011-12-10
14125,11,3,2720.63,1,Acheteurs réguliers,1.2007755670917353,-0.3960483808820777,Entretenir la relation et développer les achats,Tester des recommandations adaptées à l'historique d'achat,Nombre de commandes par client sur 90 jours,2011-12-10
15759,219,3,253.04,2,Occasionnels en sommeil,-1.0637560794338032,0.6320037397434423,Réactiver les clients,Tester une campagne de retour avec une offre ciblée,Taux de réactivation à 60 jours,2011-12-10
15814,17,4,1945.33,1,Acheteurs réguliers,1.0847024931579483,-0.16874069106904613,Entretenir la relation et développer les achats,Tester des recommandations adaptées à l'historique d'achat,Nombre de commandes par client sur 90 jours,2011-12-10
17975,16,13,4483.26,3,Champions,2.4341026797567156,0.493204365644129,Maintenir une relation durable,Tester des avantages de fidélité et un accès anticipé,Taux de réachat à 90 jours,2011-12-10
15673,89,4,2726.23,1,Acheteurs réguliers,0.6138222016078756,1.0001247305969,Entretenir la relation et développer les achats,Tester des recommandations adaptées à l'historique d'achat,Nombre de commandes par client sur 90 jours,2011-12-10
12457,67,7,2363.23,1,Acheteurs réguliers,1.0810679008603536,0.9465046148564593,Entretenir la relation et développer les achats,Tester des recommandations adaptées à l'historique d'achat,Nombre de commandes par client sur 90 jours,2011-12-10
14145,47,4,3742.2,1,Acheteurs réguliers,1.0103505596756153,0.7067072065251218,Entretenir la relation et développer les achats,Tester des recommandations adaptées à l'historique d'achat,Nombre de commandes par client sur 90 jours,2011-12-10
15227,37,5,1219.4,1,Acheteurs réguliers,0.7354146136476859,0.21720025338378385,Entretenir la relation et développer les achats,Tester des recommandations adaptées à l'historique d'achat,Nombre de commandes par client sur 90 jours,2011-12-10
13344,68,3,2511.69,1,Acheteurs réguliers,0.47729160596510023,0.7118972305372357,Entretenir la relation et développer les achats,Tester des recommandations adaptées à l'historique d'achat,Nombre de commandes par client sur 90 jours,2011-12-10
14675,17,1,596.36,0,Occasionnels récents,-0.3041091065490225,-0.9503696120776782,Encourager un achat supplémentaire,Tester une relance après achat avec des produits complémentaires,Taux de nouvel achat à 60 jours,2011-12-10
14053,125,2,260.25,2,Occasionnels en sommeil,-1.0922309232217624,0.16939849969006363,Réactiver les clients,Tester une campagne de retour avec une offre ciblée,Taux de réactivation à 60 jours,2011-12-10
16379,5,4,2157.4,3,Champions,1.5643479885883302,-0.8452317527747376,Maintenir une relation durable,Tester des avantages de fidélité et un accès anticipé,Taux de réachat à 90 jours,2011-12-10
13334,83,3,3502.32,1,Acheteurs réguliers,0.5577762032700637,0.9606592992494254,Entretenir la relation et développer les achats,Tester des recommandations adaptées à l'historique d'achat,Nombre de commandes par client sur 90 jours,2011-12-10
13015,54,5,3339.64,1,Acheteurs réguliers,1.0679491306123312,0.8238398463899939,Entretenir la relation et développer les achats,Tester des recommandations adaptées à l'historique d'achat,Nombre de commandes par client sur 90 jours,2011-12-10
13421,41,2,1833.71,1,Acheteurs réguliers,0.26256952643955395,0.1643128683921337,Entretenir la relation et développer les achats,Tester des recommandations adaptées à l'historique d'achat,Nombre de commandes par client sur 90 jours,2011-12-10
17969,167,2,228.2,2,Occasionnels en sommeil,-1.26704763071014,0.3087856093237402,Réactiver les clients,Tester une campagne de retour avec une offre ciblée,Taux de réactivation à 60 jours,2011-12-10
12365,292,2,641.38,2,Occasionnels en sommeil,-0.9964074534573472,1.0452127504131645,Réactiver les clients,Tester une campagne de retour avec une offre ciblée,Taux de réactivation à 60 jours,2011-12-10
14799,52,1,157.7,2,Occasionnels en sommeil,-1.3558761194090303,-0.7305722857514659,Réactiver les clients,Tester une campagne de retour avec une offre ciblée,Taux de réactivation à 60 jours,2011-12-10
12955,2,11,4757.16,3,Champions,3.00267746780243,-0.6719535091997122,Maintenir une relation durable,Tester des avantages de fidélité et un accès anticipé,Taux de réachat à 90 jours,2011-12-10
12830,38,6,6814.64,1,Acheteurs réguliers,1.6802120506339182,0.9189772546786343,Entretenir la relation et développer les achats,Tester des recommandations adaptées à l'historique d'achat,Nombre de commandes par client sur 90 jours,2011-12-10
13079,5,5,220.10000000000002,0,Occasionnels récents,0.6489026119785439,-1.6040264405414395,Encourager un achat supplémentaire,Tester une relance après achat avec des produits complémentaires,Taux de nouvel achat à 60 jours,2011-12-10
15107,312,6,319.5,2,Occasionnels en sommeil,-0.5856074761620208,1.1606749020556357,Réactiver les clients,Tester une campagne de retour avec une offre ciblée,Taux de réactivation à 60 jours,2011-12-10
14688,8,21,5579.1,3,Champions,3.19585394718401,0.33294916818744735,Maintenir une relation durable,Tester des avantages de fidélité et un accès anticipé,Taux de réachat à 90 jours,2011-12-10
17772,11,2,173.45,0,Occasionnels récents,-0.362073644669063,-1.5059249244069934,Encourager un achat supplémentaire,Tester une relance après achat avec des produits complémentaires,Taux de nouvel achat à 60 jours,2011-12-10
15860,41,8,965.16,1,Acheteurs réguliers,0.9521539884363669,0.35302641140496627,Entretenir la relation et développer les achats,Tester des recommandations adaptées à l'historique d'achat,Nombre de commandes par client sur 90 jours,2011-12-10
14077,41,5,499.41999999999996,1,Acheteurs réguliers,0.2734898604481036,-0.04203042406654016,Entretenir la relation et développer les achats,Tester des recommandations adaptées à l'historique d'achat,Nombre de commandes par client sur 90 jours,2011-12-10
13011,373,1,50.550000000000004,2,Occasionnels en sommeil,-2.6549071933828783,0.13049475945586952,Réactiver les clients,Tester une campagne de retour avec une offre ciblée,Taux de réactivation à 60 jours,2011-12-10
17856,2,4,1418.03,3,Champions,1.637176934117394,-1.448344262502973,Maintenir une relation durable,Tester des avantages de fidélité et un accès anticipé,Taux de réachat à 90 jours,2011-12-10
15921,173,1,323.03000000000003,2,Occasionnels en sommeil,-1.4833632257205964,0.301797323507857,Réactiver les clients,Tester une campagne de retour avec une offre ciblée,Taux de réactivation à 60 jours,2011-12-10
12668,12,4,3807.15,3,Champions,1.5305011020185777,-0.1361149649527962,Maintenir une relation durable,Tester des avantages de fidélité et un accès anticipé,Taux de réachat à 90 jours,2011-12-10
13033,358,1,190.55,2,Occasionnels en sommeil,-2.0164980218952655,0.5813564382601893,Réactiver les clients,Tester une campagne de retour avec une offre ciblée,Taux de réactivation à 60 jours,2011-12-10
14998,171,2,414.87,2,Occasionnels en sommeil,-0.9937837600146642,0.5408002592992532,Réactiver les clients,Tester une campagne de retour avec une offre ciblée,Taux de réactivation à 60 jours,2011-12-10
14437,366,1,63.0,2,Occasionnels en sommeil,-2.544928739550073,0.19690576873482546,Réactiver les clients,Tester une campagne de retour avec une offre ciblée,Taux de réactivation à 60 jours,2011-12-10
15557,29,1,468.91,0,Occasionnels récents,-0.618116019183191,-0.7056210591408977,Encourager un achat supplémentaire,Tester une relance après achat avec des produits complémentaires,Taux de nouvel achat à 60 jours,2011-12-10
17725,17,11,3439.08,3,Champions,2.146587907220056,0.37472120879719845,Maintenir une relation durable,Tester des avantages de fidélité et un accès anticipé,Taux de réachat à 90 jours,2011-12-10
17272,43,4,2148.63,1,Acheteurs réguliers,0.781471377259812,0.4483915520692779,Entretenir la relation et développer les achats,Tester des recommandations adaptées à l'historique d'achat,Nombre de commandes par client sur 90 jours,2011-12-10
16706,38,3,531.35,0,Occasionnels récents,-0.03486620412537175,-0.22344820127640566,Encourager un achat supplémentaire,Tester une relance après achat avec des produits complémentaires,Taux de nouvel achat à 60 jours,2011-12-10
17618,6,3,930.28,0,Occasionnels récents,0.9035500543225097,-1.1365075453390352,Encourager un achat supplémentaire,Tester une relance après achat avec des produits complémentaires,Taux de nouvel achat à 60 jours,2011-12-10
13516,22,3,1389.41,1,Acheteurs réguliers,0.627320388107481,-0.21747070764023585,Entretenir la relation et développer les achats,Tester des recommandations adaptées à l'historique d'achat,Nombre de commandes par client sur 90 jours,2011-12-10
14300,19,1,43.2,0,Occasionnels récents,-1.579990063122142,-1.8290379989601149,Encourager un achat supplémentaire,Tester une relance après achat avec des produits complémentaires,Taux de nouvel achat à 60 jours,2011-12-10
17526,5,4,1195.8999999999999,0,Occasionnels récents,1.284775013852079,-1.0597158421645112,Encourager un achat supplémentaire,Tester une relance après achat avec des produits complémentaires,Taux de nouvel achat à 60 jours,2011-12-10
17525,360,1,422.70000000000005,2,Occasionnels en sommeil,-1.6422604912745435,0.8737474862759942,Réactiver les clients,Tester une campagne de retour avec une offre ciblée,Taux de réactivation à 60 jours,2011-12-10
13858,58,1,216.17,2,Occasionnels en sommeil,-1.2491881671208933,-0.5467629421481013,Réactiver les clients,Tester une campagne de retour avec une offre ciblée,Taux de réactivation à 60 jours,2011-12-10
13072,267,1,177.15,2,Occasionnels en sommeil,-1.9363018564326075,0.36495390489389906,Réactiver les clients,Tester une campagne de retour avec une offre ciblée,Taux de réactivation à 60 jours,2011-12-10
13890,2,10,1883.8100000000002,3,Champions,2.4849011687636864,-1.0422293857373446,Maintenir une relation durable,Tester des avantages de fidélité et un accès anticipé,Taux de réachat à 90 jours,2011-12-10
13468,2,37,5704.97,3,Champions,4.131370903400556,-0.16311110377702226,Maintenir une relation durable,Tester des avantages de fidélité et un accès anticipé,Taux de réachat à 90 jours,2011-12-10
15690,5,2,239.76,0,Occasionnels récents,0.062362619320795815,-1.839289703354064,Encourager un achat supplémentaire,Tester une relance après achat avec des produits complémentaires,Taux de nouvel achat à 60 jours,2011-12-10
13232,13,7,1328.35,3,Champions,1.4275393152479687,-0.29024648514176193,Maintenir une relation durable,Tester des avantages de fidélité et un accès anticipé,Taux de réachat à 90 jours,2011-12-10
15916,17,8,1502.8600000000001,3,Champions,1.4940499384531813,-0.036778539906899665,Maintenir une relation durable,Tester des avantages de fidélité et un accès anticipé,Taux de réachat à 90 jours,2011-12-10
15048,66,4,381.0,1,Acheteurs réguliers,-0.20250000109214333,0.09328253295866903,Entretenir la relation et développer les achats,Tester des recommandations adaptées à l'historique d'achat,Nombre de commandes par client sur 90 jours,2011-12-10
12390,80,1,549.84,2,Occasionnels en sommeil,-0.9320839657016614,-0.002192601913006423,Réactiver les clients,Tester une campagne de retour avec une offre ciblée,Taux de réactivation à 60 jours,2011-12-10
15193,61,1,499.32,2,Occasionnels en sommeil,-0.8729195526386079,-0.2109428641731023,Réactiver les clients,Tester une campagne de retour avec une offre ciblée,Taux de réactivation à 60 jours,2011-12-10
13233,75,2,605.12,2,Occasionnels en sommeil,-0.49503480672689104,0.14692533144555509,Réactiver les clients,Tester une campagne de retour avec une offre ciblée,Taux de réactivation à 60 jours,2011-12-10
15526,34,2,148.44,0,Occasionnels récents,-0.8550113811405803,-0.8664139546729358,Encourager un achat supplémentaire,Tester une relance après achat avec des produits complémentaires,Taux de nouvel achat à 60 jours,2011-12-10
18118,11,26,5625.08,3,Champions,3.2722163438788834,0.6015963828177718,Maintenir une relation durable,Tester des avantages de fidélité et un accès anticipé,Taux de réachat à 90 jours,2011-12-10
12664,9,9,4881.88,3,Champions,2.3781362819765572,0.05002274397952402,Maintenir une relation durable,Tester des avantages de fidélité et un accès anticipé,Taux de réachat à 90 jours,2011-12-10
18036,33,3,403.12,0,Occasionnels récents,-0.11175943179216322,-0.4128787344280389,Encourager un achat supplémentaire,Tester une relance après achat avec des produits complémentaires,Taux de nouvel achat à 60 jours,2011-12-10
12863,53,1,521.2,0,Occasionnels récents,-0.7984757739038667,-0.285172407219013,Encourager un achat supplémentaire,Tester une relance après achat avec des produits complémentaires,Taux de nouvel achat à 60 jours,2011-12-10
14099,17,11,3104.17,3,Champions,2.098022701929829,0.3374627297094801,Maintenir une relation durable,Tester des avantages de fidélité et un accès anticipé,Taux de réachat à 90 jours,2011-12-10
13593,109,5,2011.88,1,Acheteurs réguliers,0.5560641173995414,1.0901152889552135,Entretenir la relation et développer les achats,Tester des recommandations adaptées à l'historique d'achat,Nombre de commandes par client sur 90 jours,2011-12-10
16211,89,1,547.02,2,Occasionnels en sommeil,-0.975814327466935,0.06442601030647964,Réactiver les clients,Tester une campagne de retour avec une offre ciblée,Taux de réactivation à 60 jours,2011-12-10
17376,71,2,203.2,2,Occasionnels en sommeil,-0.989705409734263,-0.28398089691504624,Réactiver les clients,Tester une campagne de retour avec une offre ciblée,Taux de réactivation à 60 jours,2011-12-10
14015,53,1,917.34,0,Occasionnels récents,-0.5308111628538454,-0.07982423142665664,Encourager un achat supplémentaire,Tester une relance après achat avec des produits complémentaires,Taux de nouvel achat à 60 jours,2011-12-10
16250,262,2,389.44,2,Occasionnels en sommeil,-1.190149851023643,0.7938816270902282,Réactiver les clients,Tester une campagne de retour avec une offre ciblée,Taux de réactivation à 60 jours,2011-12-10
14009,199,2,695.61,2,Occasionnels en sommeil,-0.8083091278103486,0.8264832031674078,Réactiver les clients,Tester une campagne de retour avec une offre ciblée,Taux de réactivation à 60 jours,2011-12-10
14383,39,3,1247.69,1,Acheteurs réguliers,0.3594447520058749,0.10313113608003616,Entretenir la relation et développer les achats,Tester des recommandations adaptées à l'historique d'achat,Nombre de commandes par client sur 90 jours,2011-12-10
16717,24,6,3843.08,1,Acheteurs réguliers,1.5829718366376366,0.4216063611175142,Entretenir la relation et développer les achats,Tester des recommandations adaptées à l'historique d'achat,Nombre de commandes par client sur 90 jours,2011-12-10
15714,12,2,330.03000000000003,0,Occasionnels récents,-0.08972154391229482,-1.2208827369695752,Encourager un achat supplémentaire,Tester une relance après achat avec des produits complémentaires,Taux de nouvel achat à 60 jours,2011-12-10
16616,16,2,500.42,0,Occasionnels récents,0.0020134864936087625,-0.895462305623132,Encourager un achat supplémentaire,Tester une relance après achat avec des produits complémentaires,Taux de nouvel achat à 60 jours,2011-12-10
17955,199,4,557.3,2,Occasionnels en sommeil,-0.4512257226912396,0.9421899631404099,Réactiver les clients,Tester une campagne de retour avec une offre ciblée,Taux de réactivation à 60 jours,2011-12-10
16926,372,1,230.25,2,Occasionnels en sommeil,-1.9421867142187277,0.67473753258523,Réactiver les clients,Tester une campagne de retour avec une offre ciblée,Taux de réactivation à 60 jours,2011-12-10
12509,285,1,176.5,2,Occasionnels en sommeil,-1.9635140730914702,0.40587820922945067,Réactiver les clients,Tester une campagne de retour avec une offre ciblée,Taux de réactivation à 60 jours,2011-12-10
13304,352,1,300.42,2,Occasionnels en sommeil,-1.7949341341560547,0.7353131736764493,Réactiver les clients,Tester une campagne de retour avec une offre ciblée,Taux de réactivation à 60 jours,2011-12-10
15314,200,1,327.97,2,Occasionnels en sommeil,-1.5327287347233816,0.4010652004351719,Réactiver les clients,Tester une campagne de retour avec une offre ciblée,Taux de réactivation à 60 jours,2011-12-10
16978,78,1,344.33,2,Occasionnels en sommeil,-1.1436850484595755,-0.18829882558693725,Réactiver les clients,Tester une campagne de retour avec une offre ciblée,Taux de réactivation à 60 jours,2011-12-10
16600,5,6,813.52,3,Champions,1.40660853599936,-1.0704784696708887,Maintenir une relation durable,Tester des avantages de fidélité et un accès anticipé,Taux de réachat à 90 jours,2011-12-10
16260,51,1,1035.45,0,Occasionnels récents,-0.4586519034253414,-0.0603450708204179,Encourager un achat supplémentaire,Tester une relance après achat avec des produits complémentaires,Taux de nouvel achat à 60 jours,2011-12-10
14603,275,1,660.0,2,Occasionnels en sommeil,-1.326162157637369,0.8610079405351067,Réactiver les clients,Tester une campagne de retour avec une offre ciblée,Taux de réactivation à 60 jours,2011-12-10
14834,18,6,1720.3,1,Acheteurs réguliers,1.3095828481776162,-0.049044827697442374,Entretenir la relation et développer les achats,Tester des recommandations adaptées à l'historique d'achat,Nombre de commandes par client sur 90 jours,2011-12-10
12356,23,3,2811.43,1,Acheteurs réguliers,0.9446525095601056,0.06644370321143381,Entretenir la relation et développer les achats,Tester des recommandations adaptées à l'historique d'achat,Nombre de commandes par client sur 90 jours,2011-12-10
16352,18,2,494.44,0,Occasionnels récents,-0.047270874528664235,-0.8275285763925163,Encourager un achat supplémentaire,Tester une relance après achat avec des produits complémentaires,Taux de nouvel achat à 60 jours,2011-12-10
14537,58,1,355.56,2,Occasionnels en sommeil,-1.014095134559743,-0.366403180771565,Réactiver les clients,Tester une campagne de retour avec une offre ciblée,Taux de réactivation à 60 jours,2011-12-10
13642,216,1,312.28,2,Occasionnels en sommeil,-1.585920881621875,0.4330746267527452,Réactiver les clients,Tester une campagne de retour avec une offre ciblée,Taux de réactivation à 60 jours,2011-12-10
16930,27,3,378.89,0,Occasionnels récents,-0.06497533205638799,-0.561573821433651,Encourager un achat supplémentaire,Tester une relance après achat avec des produits complémentaires,Taux de nouvel achat à 60 jours,2011-12-10
12752,82,1,4366.78,1,Acheteurs réguliers,0.04011021315200889,0.7668491623730005,Entretenir la relation et développer les achats,Tester des recommandations adaptées à l'historique d'achat,Nombre de commandes par client sur 90 jours,2011-12-10
15801,47,3,1063.95,1,Acheteurs réguliers,0.21251383324905662,0.16374392058201823,Entretenir la relation et développer les achats,Tester des recommandations adaptées à l'historique d'achat,Nombre de commandes par client sur 90 jours,2011-12-10
13245,51,1,430.5,0,Occasionnels récents,-0.874142646408278,-0.3791031830544335,Encourager un achat supplémentaire,Tester une relance après achat avec des produits complémentaires,Taux de nouvel achat à 60 jours,2011-12-10
16570,16,10,3738.4,3,Champions,2.129850758586095,0.3344934787605692,Maintenir une relation durable,Tester des avantages de fidélité et un accès anticipé,Taux de réachat à 90 jours,2011-12-10
12361,288,1,189.9,2,Occasionnels en sommeil,-1.9330960185756645,0.43913507256933004,Réactiver les clients,Tester une campagne de retour avec une offre ciblée,Taux de réactivation à 60 jours,2011-12-10
12548,167,1,95.19999999999999,2,Occasionnels en sommeil,-2.0454174545859534,-0.1627639036305944,Réactiver les clients,Tester une campagne de retour avec une offre ciblée,Taux de réactivation à 60 jours,2011-12-10
15729,213,1,85.0,2,Occasionnels en sommeil,-2.1934191493011173,-0.046223939506891534,Réactiver les clients,Tester une campagne de retour avec une offre ciblée,Taux de réactivation à 60 jours,2011-12-10
15456,284,3,434.59000000000003,2,Occasionnels en sommeil,-0.9095534141419768,0.9964094182138818,Réactiver les clients,Tester une campagne de retour avec une offre ciblée,Taux de réactivation à 60 jours,2011-12-10
15981,25,8,3408.48,3,Champions,1.7380195958668483,0.4999928740311469,Maintenir une relation durable,Tester des avantages de fidélité et un accès anticipé,Taux de réachat à 90 jours,2011-12-10
15393,17,2,231.86,0,Occasionnels récents,-0.38406478646916875,-1.1373142338134798,Encourager un achat supplémentaire,Tester une relance après achat avec des produits complémentaires,Taux de nouvel achat à 60 jours,2011-12-10
15110,24,4,996.1,1,Acheteurs réguliers,0.6388093980039194,-0.1985091175230479,Entretenir la relation et développer les achats,Tester des recommandations adaptées à l'historique d'achat,Nombre de commandes par client sur 90 jours,2011-12-10
18173,87,4,2106.84,1,Acheteurs réguliers,0.5004792959271752,0.8918045033209847,Entretenir la relation et développer les achats,Tester des recommandations adaptées à l'historique d'achat,Nombre de commandes par client sur 90 jours,2011-12-10
15372,138,1,2007.3999999999999,1,Acheteurs réguliers,-0.5303690466913796,0.8194068286437205,Entretenir la relation et développer les achats,Tester des recommandations adaptées à l'historique d'achat,Nombre de commandes par client sur 90 jours,2011-12-10
12841,5,25,3991.58,3,Champions,3.3471439298917103,0.011785011602072043,Maintenir une relation durable,Tester des avantages de fidélité et un accès anticipé,Taux de réachat à 90 jours,2011-12-10
18228,57,2,779.9,1,Acheteurs réguliers,-0.2689582778653919,0.06339856803814707,Entretenir la relation et développer les achats,Tester des recommandations adaptées à l'historique d'achat,Nombre de commandes par client sur 90 jours,2011-12-10
14142,374,1,311.81,2,Occasionnels en sommeil,-1.8010442512936136,0.7881039130253886,Réactiver les clients,Tester une campagne de retour avec une offre ciblée,Taux de réactivation à 60 jours,2011-12-10
13496,11,2,653.33,0,Occasionnels récents,0.26473748502531474,-1.025045059324521,Encourager un achat supplémentaire,Tester une relance après achat avec des produits complémentaires,Taux de nouvel achat à 60 jours,2011-12-10
15537,164,1,110.92,2,Occasionnels en sommeil,-1.9665903284232513,-0.11941941613679775,Réactiver les clients,Tester une campagne de retour avec une offre ciblée,Taux de réactivation à 60 jours,2011-12-10
14930,109,3,2362.96,1,Acheteurs réguliers,0.26556282100757483,0.9928510121114862,Entretenir la relation et développer les achats,Tester des recommandations adaptées à l'historique d'achat,Nombre de commandes par client sur 90 jours,2011-12-10
16967,190,1,319.02,2,Occasionnels en sommeil,-1.525805065494526,0.35786051482470327,Réactiver les clients,Tester une campagne de retour avec une offre ciblée,Taux de réactivation à 60 jours,2011-12-10
17705,4,9,1823.52,3,Champions,2.1830599541357163,-0.7586225739740822,Maintenir une relation durable,Tester des avantages de fidélité et un accès anticipé,Taux de réachat à 90 jours,2011-12-10
13398,193,1,457.34,2,Occasionnels en sommeil,-1.361586481442752,0.49866313368740095,Réactiver les clients,Tester une campagne de retour avec une offre ciblée,Taux de réactivation à 60 jours,2011-12-10
14087,3,1,191.47,0,Occasionnels récents,-0.25158641087923606,-2.3400246777963027,Encourager un achat supplémentaire,Tester une relance après achat avec des produits complémentaires,Taux de nouvel achat à 60 jours,2011-12-10
16950,57,3,1178.56,1,Acheteurs réguliers,0.18680357427947478,0.3239347043718299,Entretenir la relation et développer les achats,Tester des recommandations adaptées à l'historique d'achat,Nombre de commandes par client sur 90 jours,2011-12-10
13565,20,2,240.22,0,Occasionnels récents,-0.42776102998370374,-1.0242838820421913,Encourager un achat supplémentaire,Tester une relance après achat avec des produits complémentaires,Taux de nouvel achat à 60 jours,2011-12-10
13389,12,3,797.96,0,Occasionnels récents,0.5882508059864415,-0.7898701219685605,Encourager un achat supplémentaire,Tester une relance après achat avec des produits complémentaires,Taux de nouvel achat à 60 jours,2011-12-10
14639,53,6,2984.49,1,Acheteurs réguliers,1.1612722638353918,0.8302387409737243,Entretenir la relation et développer les achats,Tester des recommandations adaptées à l'historique d'achat,Nombre de commandes par client sur 90 jours,2011-12-10
16988,6,1,126.12,0,Occasionnels récents,-0.6676122481080595,-2.1271579112996353,Encourager un achat supplémentaire,Tester une relance après achat avec des produits complémentaires,Taux de nouvel achat à 60 jours,2011-12-10
17572,72,4,226.75000000000003,2,Occasionnels en sommeil,-0.48133296425588973,-0.03909398544776542,Réactiver les clients,Tester une campagne de retour avec une offre ciblée,Taux de réactivation à 60 jours,2011-12-10
14414,92,7,1496.98,1,Acheteurs réguliers,0.741979263619969,0.9840222347212564,Entretenir la relation et développer les achats,Tester des recommandations adaptées à l'historique d'achat,Nombre de commandes par client sur 90 jours,2011-12-10
12923,65,1,172.82,2,Occasionnels en sommeil,-1.3987071529920057,-0.5548799587393878,Réactiver les clients,Tester une campagne de retour avec une offre ciblée,Taux de réactivation à 60 jours,2011-12-10
16462,74,3,136.0,2,Occasionnels en sommeil,-0.9347476394564417,-0.29212538984255304,Réactiver les clients,Tester une campagne de retour avec une offre ciblée,Taux de réactivation à 60 jours,2011-12-10
15104,197,2,993.54,2,Occasionnels en sommeil,-0.63554726134796,0.94946844197878,Réactiver les clients,Tester une campagne de retour avec une offre ciblée,Taux de réactivation à 60 jours,2011-12-10
13938,36,1,71.66,0,Occasionnels récents,-1.5854331764044607,-1.2483473590521263,Encourager un achat supplémentaire,Tester une relance après achat avec des produits complémentaires,Taux de nouvel achat à 60 jours,2011-12-10
14854,79,7,2740.03,1,Acheteurs réguliers,1.087485190335459,1.1059371234675122,Entretenir la relation et développer les achats,Tester des recommandations adaptées à l'historique d'achat,Nombre de commandes par client sur 90 jours,2011-12-10
13764,71,3,1519.42,1,Acheteurs réguliers,0.22241365484461073,0.5568208681523861,Entretenir la relation et développer les achats,Tester des recommandations adaptées à l'historique d'achat,Nombre de commandes par client sur 90 jours,2011-12-10
13558,6,4,594.52,0,Occasionnels récents,0.8933731842641537,-1.2134398720534838,Encourager un achat supplémentaire,Tester une relance après achat avec des produits complémentaires,Taux de nouvel achat à 60 jours,2011-12-10
13932,295,1,307.4,2,Occasionnels en sommeil,-1.715052537012462,0.6291679318770605,Réactiver les clients,Tester une campagne de retour avec une offre ciblée,Taux de réactivation à 60 jours,2011-12-10
14540,10,3,952.66,0,Occasionnels récents,0.737651207983352,-0.834073334723002,Encourager un achat supplémentaire,Tester une relance après achat avec des produits complémentaires,Taux de nouvel achat à 60 jours,2011-12-10
13209,31,8,5891.61,3,Champions,1.9160589411854576,0.8339878826590097,Maintenir une relation durable,Tester des avantages de fidélité et un accès anticipé,Taux de réachat à 90 jours,2011-12-10
13120,239,1,30.599999999999998,2,Occasionnels en sommeil,-2.7130743287696584,-0.3358836040757649,Réactiver les clients,Tester une campagne de retour avec une offre ciblée,Taux de réactivation à 60 jours,2011-12-10
15462,95,3,234.6,2,Occasionnels en sommeil,-0.774444601485567,0.06555033567946157,Réactiver les clients,Tester une campagne de retour avec une offre ciblée,Taux de réactivation à 60 jours,2011-12-10
12997,23,4,1226.89,1,Acheteurs réguliers,0.7535281500317675,-0.14930875639657662,Entretenir la relation et développer les achats,Tester des recommandations adaptées à l'historique d'achat,Nombre de commandes par client sur 90 jours,2011-12-10
15099,85,1,410.48,2,Occasionnels en sommeil,-1.0938628012600577,-0.06936074745552404,Réactiver les clients,Tester une campagne de retour avec une offre ciblée,Taux de réactivation à 60 jours,2011-12-10
16216,268,1,914.9300000000001,2,Occasionnels en sommeil,-1.1614325133564571,0.9629625996239397,Réactiver les clients,Tester une campagne de retour avec une offre ciblée,Taux de réactivation à 60 jours,2011-12-10
14012,278,1,328.8,2,Occasionnels en sommeil,-1.6600592131770453,0.615125356612541,Réactiver les clients,Tester une campagne de retour avec une offre ciblée,Taux de réactivation à 60 jours,2011-12-10
13993,43,9,3466.36,3,Champions,1.6350909894427255,0.8885541941672721,Maintenir une relation durable,Tester des avantages de fidélité et un accès anticipé,Taux de réachat à 90 jours,2011-12-10
13122,95,2,922.39,1,Acheteurs réguliers,-0.3869978611634591,0.4519108719999575,Entretenir la relation et développer les achats,Tester des recommandations adaptées à l'historique d'achat,Nombre de commandes par client sur 90 jours,2011-12-10
14495,51,2,123.8,2,Occasionnels en sommeil,-1.0956184692456166,-0.6746198833773746,Réactiver les clients,Tester une campagne de retour avec une offre ciblée,Taux de réactivation à 60 jours,2011-12-10
15587,51,4,913.6800000000001,1,Acheteurs réguliers,0.3108450117529587,0.2461551426221077,Entretenir la relation et développer les achats,Tester des recommandations adaptées à l'historique d'achat,Nombre de commandes par client sur 90 jours,2011-12-10
12909,40,5,2178.67,1,Acheteurs réguliers,0.9806348054885606,0.47757039406033847,Entretenir la relation et développer les achats,Tester des recommandations adaptées à l'historique d'achat,Nombre de commandes par client sur 90 jours,2011-12-10
15648,205,2,639.5,2,Occasionnels en sommeil,-0.8597122263458716,0.8151495469846523,Réactiver les clients,Tester une campagne de retour avec une offre ciblée,Taux de réactivation à 60 jours,2011-12-10
15012,54,2,405.04,0,Occasionnels récents,-0.5582321394702511,-0.2090202259527782,Encourager un achat supplémentaire,Tester une relance après achat avec des produits complémentaires,Taux de nouvel achat à 60 jours,2011-12-10
16729,39,21,7205.33,3,Champions,2.732454809265763,1.3955758601613515,Maintenir une relation durable,Tester des avantages de fidélité et un accès anticipé,Taux de réachat à 90 jours,2011-12-10
14141,3,4,915.13,0,Occasionnels récents,1.3169448624510596,-1.4205175853410514,Encourager un achat supplémentaire,Tester une relance après achat avec des produits complémentaires,Taux de nouvel achat à 60 jours,2011-12-10
16803,66,1,332.3,2,Occasionnels en sommeil,-1.0959202494493732,-0.30828975708962786,Réactiver les clients,Tester une campagne de retour avec une offre ciblée,Taux de réactivation à 60 jours,2011-12-10
13464,59,1,674.68,2,Occasionnels en sommeil,-0.7175993178297196,-0.12295735946687597,Réactiver les clients,Tester une campagne de retour avec une offre ciblée,Taux de réactivation à 60 jours,2011-12-10
14850,312,1,325.75,2,Occasionnels en sommeil,-1.7095361896762837,0.686491493489367,Réactiver les clients,Tester une campagne de retour avec une offre ciblée,Taux de réactivation à 60 jours,2011-12-10
13898,326,1,155.93,2,Occasionnels en sommeil,-2.0744250226517913,0.4481548276683028,Réactiver les clients,Tester une campagne de retour avec une offre ciblée,Taux de réactivation à 60 jours,2011-12-10
16037,270,3,855.02,2,Occasionnels en sommeil,-0.5694796940875048,1.2094208689429955,Réactiver les clients,Tester une campagne de retour avec une offre ciblée,Taux de réactivation à 60 jours,2011-12-10
17931,135,2,408.36,2,Occasionnels en sommeil,-0.909217821747097,0.3824123118742887,Réactiver les clients,Tester une campagne de retour avec une offre ciblée,Taux de réactivation à 60 jours,2011-12-10
16266,74,7,861.89,1,Acheteurs réguliers,0.5647603931483923,0.6435529215803699,Entretenir la relation et développer les achats,Tester des recommandations adaptées à l'historique d'achat,Nombre de commandes par client sur 90 jours,2011-12-10
12716,4,2,1053.49,0,Occasionnels récents,0.8341469744180807,-1.420524535026409,Encourager un achat supplémentaire,Tester une relance après achat avec des produits complémentaires,Taux de nouvel achat à 60 jours,2011-12-10
12747,3,11,4196.01,3,Champions,2.8304183839925954,-0.5306042299886237,Maintenir une relation durable,Tester des avantages de fidélité et un accès anticipé,Taux de réachat à 90 jours,2011-12-10
15502,16,12,10384.93,3,Champions,2.7653009757061087,0.7702515694301428,Maintenir une relation durable,Tester des avantages de fidélité et un accès anticipé,Taux de réachat à 90 jours,2011-12-10
16955,185,4,518.67,2,Occasionnels en sommeil,-0.4567787367259586,0.8689356947389714,Réactiver les clients,Tester une campagne de retour avec une offre ciblée,Taux de réactivation à 60 jours,2011-12-10
15478,41,2,1399.92,1,Acheteurs réguliers,0.1346646637291779,0.0661862235229728,Entretenir la relation et développer les achats,Tester des recommandations adaptées à l'historique d'achat,Nombre de commandes par client sur 90 jours,2011-12-10
12653,149,2,2209.85,1,Acheteurs réguliers,-0.1479536044605263,1.05959401069356,Entretenir la relation et développer les achats,Tester des recommandations adaptées à l'historique d'achat,Nombre de commandes par client sur 90 jours,2011-12-10
17890,323,2,586.89,2,Occasionnels en sommeil,-1.077855441946686,1.0783414237736288,Réactiver les clients,Tester une campagne de retour avec une offre ciblée,Taux de réactivation à 60 jours,2011-12-10
13503,72,1,216.85,2,Occasionnels en sommeil,-1.3311620201368208,-0.4072237825923268,Réactiver les clients,Tester une campagne de retour avec une offre ciblée,Taux de réactivation à 60 jours,2011-12-10
18082,26,1,680.84,0,Occasionnels récents,-0.4003158658197957,-0.6386960025690326,Encourager un achat supplémentaire,Tester une relance après achat avec des produits complémentaires,Taux de nouvel achat à 60 jours,2011-12-10
13969,8,18,9024.17,3,Champions,3.2912309616751476,0.45153536413425505,Maintenir une relation durable,Tester des avantages de fidélité et un accès anticipé,Taux de réachat à 90 jours,2011-12-10
15895,150,1,179.17,2,Occasionnels en sommeil,-1.7060875630113255,-0.0038614923425912134,Réactiver les clients,Tester une campagne de retour avec une offre ciblée,Taux de réactivation à 60 jours,2011-12-10
13097,33,10,6003.22,3,Champions,2.082693947317883,0.9573012553321946,Maintenir une relation durable,Tester des avantages de fidélité et un accès anticipé,Taux de réachat à 90 jours,2011-12-10
17381,9,29,20275.61,3,Champions,4.046857679709633,0.9899150954855885,Maintenir une relation durable,Tester des avantages de fidélité et un accès anticipé,Taux de réachat à 90 jours,2011-12-10
12592,93,2,437.6,2,Occasionnels en sommeil,-0.7317318650165275,0.16742044042782878,Réactiver les clients,Tester une campagne de retour avec une offre ciblée,Taux de réactivation à 60 jours,2011-12-10
13735,25,4,2883.54,1,Acheteurs réguliers,1.1271095897069148,0.21339502403966595,Entretenir la relation et développer les achats,Tester des recommandations adaptées à l'historique d'achat,Nombre de commandes par client sur 90 jours,2011-12-10
13570,244,1,239.49,2,Occasionnels en sommeil,-1.7588627324797748,0.4157759426955748,Réactiver les clients,Tester une campagne de retour avec une offre ciblée,Taux de réactivation à 60 jours,2011-12-10
16751,31,1,1764.72,0,Occasionnels récents,-0.01574820181685276,-0.18213595622597292,Encourager un achat supplémentaire,Tester une relance après achat avec des produits complémentaires,Taux de nouvel achat à 60 jours,2011-12-10
13267,3,19,4521.49,3,Champions,3.32785889379033,-0.30721765649008104,Maintenir une relation durable,Tester des avantages de fidélité et un accès anticipé,Taux de réachat à 90 jours,2011-12-10
15428,16,1,93.78,0,Occasionnels récents,-1.1545936761272764,-1.6571896916372,Encourager un achat supplémentaire,Tester une relance après achat avec des produits complémentaires,Taux de nouvel achat à 60 jours,2011-12-10
15432,24,1,171.19,0,Occasionnels récents,-1.022671269751952,-1.1893255568188092,Encourager un achat supplémentaire,Tester une relance après achat avec des produits complémentaires,Taux de nouvel achat à 60 jours,2011-12-10
16817,3,9,1604.75,3,Champions,2.2099615140037705,-0.9501301401416281,Maintenir une relation durable,Tester des avantages de fidélité et un accès anticipé,Taux de réachat à 90 jours,2011-12-10
14772,113,1,139.26,2,Occasionnels en sommeil,-1.7146439399358941,-0.2776542415153441,Réactiver les clients,Tester une campagne de retour avec une offre ciblée,Taux de réactivation à 60 jours,2011-12-10
15135,240,1,139.05,2,Occasionnels en sommeil,-2.0087724841791212,0.20839903113254837,Réactiver les clients,Tester une campagne de retour avec une offre ciblée,Taux de réactivation à 60 jours,2011-12-10
16863,32,2,502.8,0,Occasionnels récents,-0.25572382392206827,-0.462590325849075,Encourager un achat supplémentaire,Tester une relance après achat avec des produits complémentaires,Taux de nouvel achat à 60 jours,2011-12-10
15334,157,3,350.82,2,Occasionnels en sommeil,-0.7796098725068376,0.5352786063793508,Réactiver les clients,Tester une campagne de retour avec une offre ciblée,Taux de réactivation à 60 jours,2011-12-10
17101,11,4,1621.73,1,Acheteurs réguliers,1.1574102167244686,-0.4984423996073605,Entretenir la relation et développer les achats,Tester des recommandations adaptées à l'historique d'achat,Nombre de commandes par client sur 90 jours,2011-12-10
16587,233,1,225.15,2,Occasionnels en sommeil,-1.7700080090408619,0.36355235011744214,Réactiver les clients,Tester une campagne de retour avec une offre ciblée,Taux de réactivation à 60 jours,2011-12-10
17351,37,3,587.15,1,Acheteurs réguliers,0.02257853219246906,-0.20407277959015904,Entretenir la relation et développer les achats,Tester des recommandations adaptées à l'historique d'achat,Nombre de commandes par client sur 90 jours,2011-12-10
16503,107,4,1431.93,1,Acheteurs réguliers,0.237214955074178,0.8845333663821302,Entretenir la relation et développer les achats,Tester des recommandations adaptées à l'historique d'achat,Nombre de commandes par client sur 90 jours,2011-12-10
15755,11,6,2364.25,3,Champions,1.6403856514994188,-0.23214250222734092,Maintenir une relation durable,Tester des avantages de fidélité et un accès anticipé,Taux de réachat à 90 jours,2011-12-10
14764,47,1,278.3,0,Occasionnels récents,-1.0490147590268197,-0.5893602217868387,Encourager un achat supplémentaire,Tester une relance après achat avec des produits complémentaires,Taux de nouvel achat à 60 jours,2011-12-10
15589,256,3,478.53000000000003,2,Occasionnels en sommeil,-0.8234519674527716,0.9641486937547837,Réactiver les clients,Tester une campagne de retour avec une offre ciblée,Taux de réactivation à 60 jours,2011-12-10
15820,320,1,206.98,2,Occasionnels en sommeil,-1.9336263394863409,0.5385670679566178,Réactiver les clients,Tester une campagne de retour avec une offre ciblée,Taux de réactivation à 60 jours,2011-12-10
15344,1,3,563.94,0,Occasionnels récents,1.157580414190396,-2.132640509729098,Encourager un achat supplémentaire,Tester une relance après achat avec des produits complémentaires,Taux de nouvel achat à 60 jours,2011-12-10
13012,10,8,1646.8400000000001,3,Champions,1.7304307876762195,-0.3236358053838486,Maintenir une relation durable,Tester des avantages de fidélité et un accès anticipé,Taux de réachat à 90 jours,2011-12-10
15937,65,1,145.35,2,Occasionnels en sommeil,-1.4802697409724632,-0.6174535226819162,Réactiver les clients,Tester une campagne de retour avec une offre ciblée,Taux de réactivation à 60 jours,2011-12-10
13728,37,6,1016.14,1,Acheteurs réguliers,0.7884570802112814,0.21014124984435867,Entretenir la relation et développer les achats,Tester des recommandations adaptées à l'historique d'achat,Nombre de commandes par client sur 90 jours,2011-12-10
12667,59,1,620.13,2,Occasionnels en sommeil,-0.7575127111868265,-0.15357830141139373,Réactiver les clients,Tester une campagne de retour avec une offre ciblée,Taux de réactivation à 60 jours,2011-12-10
17648,61,4,1797.5,1,Acheteurs réguliers,0.5624910681002037,0.606436109578998,Entretenir la relation et développer les achats,Tester des recommandations adaptées à l'historique d'achat,Nombre de commandes par client sur 90 jours,2011-12-10
17691,359,2,290.40000000000003,2,Occasionnels en sommeil,-1.4519296112503408,0.8915253439873401,Réactiver les clients,Tester une campagne de retour avec une offre ciblée,Taux de réactivation à 60 jours,2011-12-10
12501,337,1,2169.39,2,Occasionnels en sommeil,-0.8418717395399125,1.4252058737188567,Réactiver les clients,Tester une campagne de retour avec une offre ciblée,Taux de réactivation à 60 jours,2011-12-10
14536,260,1,170.95,2,Occasionnels en sommeil,-1.9427234519251233,0.3348651745825647,Réactiver les clients,Tester une campagne de retour avec une offre ciblée,Taux de réactivation à 60 jours,2011-12-10
14341,46,8,2166.98,1,Acheteurs réguliers,1.2912841793864218,0.7201364422032169,Entretenir la relation et développer les achats,Tester des recommandations adaptées à l'historique d'achat,Nombre de commandes par client sur 90 jours,2011-12-10
18239,219,5,1561.6100000000001,1,Acheteurs réguliers,0.16432196233062807,1.4485624857823902,Entretenir la relation et développer les achats,Tester des recommandations adaptées à l'historique d'achat,Nombre de commandes par client sur 90 jours,2011-12-10
16968,5,2,439.43,0,Occasionnels récents,0.34872473411009114,-1.6195970900596084,Encourager un achat supplémentaire,Tester une relance après achat avec des produits complémentaires,Taux de nouvel achat à 60 jours,2011-12-10
17625,19,4,2020.4,1,Acheteurs réguliers,1.0613497767321356,-0.08648866253431929,Entretenir la relation et développer les achats,Tester des recommandations adaptées à l'historique d'achat,Nombre de commandes par client sur 90 jours,2011-12-10
17506,76,1,302.2,2,Occasionnels en sommeil,-1.1953246922668181,-0.2522946224905861,Réactiver les clients,Tester une campagne de retour avec une offre ciblée,Taux de réactivation à 60 jours,2011-12-10
15805,24,17,5488.18,3,Champions,2.606121258224561,0.9139781831474167,Maintenir une relation durable,Tester des avantages de fidélité et un accès anticipé,Taux de réachat à 90 jours,2011-12-10
17461,23,3,735.82,0,Occasionnels récents,0.30955000889034884,-0.420797174251168,Encourager un achat supplémentaire,Tester une relance après achat avec des produits complémentaires,Taux de nouvel achat à 60 jours,2011-12-10
15061,4,48,54534.14,3,Champions,5.231406003813106,1.0877128048314448,Maintenir une relation durable,Tester des avantages de fidélité et un accès anticipé,Taux de réachat à 90 jours,2011-12-10
16140,66,2,725.18,1,Acheteurs réguliers,-0.35994432555418016,0.13073580736216386,Entretenir la relation et développer les achats,Tester des recommandations adaptées à l'historique d'achat,Nombre de commandes par client sur 90 jours,2011-12-10
16902,117,1,1706.88,1,Acheteurs réguliers,-0.5430232836532213,0.6539816606329141,Entretenir la relation et développer les achats,Tester des recommandations adaptées à l'historique d'achat,Nombre de commandes par client sur 90 jours,2011-12-10
15026,81,3,469.0,1,Acheteurs réguliers,-0.38521561208476834,0.21430055617097057,Entretenir la relation et développer les achats,Tester des recommandations adaptées à l'historique d'achat,Nombre de commandes par client sur 90 jours,2011-12-10
15023,4,11,6720.41,3,Champions,2.966244213460639,-0.21425471172089733,Maintenir une relation durable,Tester des avantages de fidélité et un accès anticipé,Taux de réachat à 90 jours,2011-12-10
12740,64,1,427.6,2,Occasionnels en sommeil,-0.9648026141274415,-0.23651008747113608,Réactiver les clients,Tester une campagne de retour avec une offre ciblée,Taux de réactivation à 60 jours,2011-12-10
17611,8,15,3961.12,3,Champions,2.745460952949445,0.08606429592511793,Maintenir une relation durable,Tester des avantages de fidélité et un accès anticipé,Taux de réachat à 90 jours,2011-12-10
14608,5,4,1785.15,3,Champions,1.4745895284897304,-0.9140930638418698,Maintenir une relation durable,Tester des avantages de fidélité et un accès anticipé,Taux de réachat à 90 jours,2011-12-10
17287,27,7,1049.06,1,Acheteurs réguliers,1.0440313261615117,0.07451783727417216,Entretenir la relation et développer les achats,Tester des recommandations adaptées à l'historique d'achat,Nombre de commandes par client sur 90 jours,2011-12-10
14088,11,13,50491.81,3,Champions,3.7186581127613367,1.1475549836841634,Maintenir une relation durable,Tester des avantages de fidélité et un accès anticipé,Taux de réachat à 90 jours,2011-12-10
13343,178,1,353.43,2,Occasionnels en sommeil,-1.4519484478077245,0.35283250962668417,Réactiver les clients,Tester une campagne de retour avec une offre ciblée,Taux de réactivation à 60 jours,2011-12-10
15277,47,1,255.89999999999998,0,Occasionnels récents,-1.0886533255236477,-0.6197703207880342,Encourager un achat supplémentaire,Tester une relance après achat avec des produits complémentaires,Taux de nouvel achat à 60 jours,2011-12-10
12491,39,1,460.40000000000003,0,Occasionnels récents,-0.7395403561745655,-0.5252721434627896,Encourager un achat supplémentaire,Tester une relance après achat avec des produits complémentaires,Taux de nouvel achat à 60 jours,2011-12-10
15265,152,2,1506.1200000000001,1,Acheteurs réguliers,-0.33739774300497233,0.9330820436162186,Entretenir la relation et développer les achats,Tester des recommandations adaptées à l'historique d'achat,Nombre de commandes par client sur 90 jours,2011-12-10
13928,11,4,464.57,0,Occasionnels récents,0.5653877556214271,-0.9526329328224207,Encourager un achat supplémentaire,Tester une relance après achat avec des produits complémentaires,Taux de nouvel achat à 60 jours,2011-12-10
16258,46,5,5203.51,1,Acheteurs réguliers,1.3397787976441469,0.8829446209646366,Entretenir la relation et développer les achats,Tester des recommandations adaptées à l'historique d'achat,Nombre de commandes par client sur 90 jours,2011-12-10
15582,25,3,682.9100000000001,0,Occasionnels récents,0.24284451561751866,-0.3958747618911947,Encourager un achat supplémentaire,Tester une relance après achat avec des produits complémentaires,Taux de nouvel achat à 60 jours,2011-12-10
15453,2,7,1371.77,3,Champions,2.0465662498286292,-1.2798634879535058,Maintenir une relation durable,Tester des avantages de fidélité et un accès anticipé,Taux de réachat à 90 jours,2011-12-10
12377,316,2,1628.12,2,Occasionnels en sommeil,-0.5860165334749198,1.4349073929150926,Réactiver les clients,Tester une campagne de retour avec une offre ciblée,Taux de réactivation à 60 jours,2011-12-10
17911,10,1,366.23,0,Occasionnels récents,-0.3417676737243723,-1.447465706034252,Encourager un achat supplémentaire,Tester une relance après achat avec des produits complémentaires,Taux de nouvel achat à 60 jours,2011-12-10
12528,10,6,1933.48,3,Champions,1.5791651741553,-0.36183297494130245,Maintenir une relation durable,Tester des avantages de fidélité et un accès anticipé,Taux de réachat à 90 jours,2011-12-10
14738,43,7,1314.45,1,Acheteurs réguliers,0.9737132571690773,0.4502801512654286,Entretenir la relation et développer les achats,Tester des recommandations adaptées à l'historique d'achat,Nombre de commandes par client sur 90 jours,2011-12-10
17158,33,3,1266.97,1,Acheteurs réguliers,0.43041010485567066,0.003065401347212105,Entretenir la relation et développer les achats,Tester des recommandations adaptées à l'historique d'achat,Nombre de commandes par client sur 90 jours,2011-12-10
16754,373,1,2002.4,2,Occasionnels en sommeil,-0.9195024540020964,1.461870603633702,Réactiver les clients,Tester une campagne de retour avec une offre ciblée,Taux de réactivation à 60 jours,2011-12-10
13323,4,5,787.85,0,Occasionnels récents,1.3234625310985773,-1.2598503652285435,Encourager un achat supplémentaire,Tester une relance après achat avec des produits complémentaires,Taux de nouvel achat à 60 jours,2011-12-10
14973,108,3,1314.45,1,Acheteurs réguliers,-0.008783920107333028,0.7736940152995806,Entretenir la relation et développer les achats,Tester des recommandations adaptées à l'historique d'achat,Nombre de commandes par client sur 90 jours,2011-12-10
14601,11,1,213.96,0,Occasionnels récents,-0.6297958527439109,-1.5857134347914068,Encourager un achat supplémentaire,Tester une relance après achat avec des produits complémentaires,Taux de nouvel achat à 60 jours,2011-12-10
16031,93,2,547.9,2,Occasionnels en sommeil,-0.6253669890609397,0.24902193851222976,Réactiver les clients,Tester une campagne de retour avec une offre ciblée,Taux de réactivation à 60 jours,2011-12-10
15157,4,3,1936.07,0,Occasionnels récents,1.382685180468882,-1.088811805879381,Encourager un achat supplémentaire,Tester une relance après achat avec des produits complémentaires,Taux de nouvel achat à 60 jours,2011-12-10
18013,156,2,187.29,2,Occasionnels en sommeil,-1.3337280659081483,0.19324868763022168,Réactiver les clients,Tester une campagne de retour avec une offre ciblée,Taux de réactivation à 60 jours,2011-12-10
15386,187,1,394.14,2,Occasionnels en sommeil,-1.4196225696001026,0.4242708746096105,Réactiver les clients,Tester une campagne de retour avec une offre ciblée,Taux de réactivation à 60 jours,2011-12-10
12798,11,3,6977.04,3,Champions,1.6472034834677065,-0.053555744702181864,Maintenir une relation durable,Tester des avantages de fidélité et un accès anticipé,Taux de réachat à 90 jours,2011-12-10
17744,4,6,2322.4,3,Champions,1.9750668570018135,-0.8077019097314582,Maintenir une relation durable,Tester des avantages de fidélité et un accès anticipé,Taux de réachat à 90 jours,2011-12-10
13000,107,3,534.85,1,Acheteurs réguliers,-0.43099412195726,0.4410184207747786,Entretenir la relation et développer les achats,Tester des recommandations adaptées à l'historique d'achat,Nombre de commandes par client sur 90 jours,2011-12-10
13141,85,5,2388.75,1,Acheteurs réguliers,0.7339119269493946,0.9925548746610842,Entretenir la relation et développer les achats,Tester des recommandations adaptées à l'historique d'achat,Nombre de commandes par client sur 90 jours,2011-12-10
13810,29,3,1499.01,1,Acheteurs réguliers,0.5591513618770485,-0.017160822984774747,Entretenir la relation et développer les achats,Tester des recommandations adaptées à l'historique d'achat,Nombre de commandes par client sur 90 jours,2011-12-10
15088,22,2,1160.07,0,Occasionnels récents,0.28165237353233763,-0.3935445438505088,Encourager un achat supplémentaire,Tester une relance après achat avec des produits complémentaires,Taux de nouvel achat à 60 jours,2011-12-10
13947,66,1,90.6,2,Occasionnels en sommeil,-1.7083353313957488,-0.7781251955963376,Réactiver les clients,Tester une campagne de retour avec une offre ciblée,Taux de réactivation à 60 jours,2011-12-10
15573,32,2,591.1899999999999,0,Occasionnels récents,-0.1790786731954244,-0.40378934419033335,Encourager un achat supplémentaire,Tester une relance après achat avec des produits complémentaires,Taux de nouvel achat à 60 jours,2011-12-10
13302,156,1,63.75,2,Occasionnels en sommeil,-2.206587995250827,-0.3507921819959217,Réactiver les clients,Tester une campagne de retour avec une offre ciblée,Taux de réactivation à 60 jours,2011-12-10
17770,199,5,1143.27,1,Acheteurs réguliers,0.0539393524654703,1.2732657802470195,Entretenir la relation et développer les achats,Tester des recommandations adaptées à l'historique d'achat,Nombre de commandes par client sur 90 jours,2011-12-10
13911,58,9,2580.91,1,Acheteurs réguliers,1.380302183613411,0.9719744434699982,Entretenir la relation et développer les achats,Tester des recommandations adaptées à l'historique d'achat,Nombre de commandes par client sur 90 jours,2011-12-10
12420,64,1,600.39,2,Occasionnels en sommeil,-0.804199419991328,-0.11329778528108918,Réactiver les clients,Tester une campagne de retour avec une offre ciblée,Taux de réactivation à 60 jours,2011-12-10
18242,73,4,2232.4900000000002,1,Acheteurs réguliers,0.5958482428247204,0.8002379852361359,Entretenir la relation et développer les achats,Tester des recommandations adaptées à l'historique d'achat,Nombre de commandes par client sur 90 jours,2011-12-10
13731,220,2,610.59,2,Occasionnels en sommeil,-0.909160967644343,0.8440357276485043,Réactiver les clients,Tester une campagne de retour avec une offre ciblée,Taux de réactivation à 60 jours,2011-12-10
14722,148,1,180.42000000000002,2,Occasionnels en sommeil,-1.6975831691702337,-0.010013446351004018,Réactiver les clients,Tester une campagne de retour avec une offre ciblée,Taux de réactivation à 60 jours,2011-12-10
13636,37,5,949.12,1,Acheteurs réguliers,0.6167137250352032,0.12613475598431703,Entretenir la relation et développer les achats,Tester des recommandations adaptées à l'historique d'achat,Nombre de commandes par client sur 90 jours,2011-12-10
12354,233,1,1079.4,2,Occasionnels en sommeil,-1.0284936168079377,0.9324307953159852,Réactiver les clients,Tester une campagne de retour avec une offre ciblée,Taux de réactivation à 60 jours,2011-12-10
14301,118,1,640.14,2,Occasionnels en sommeil,-1.0108823056043292,0.30307037272690623,Réactiver les clients,Tester une campagne de retour avec une offre ciblée,Taux de réactivation à 60 jours,2011-12-10
14962,271,1,126.7,2,Occasionnels en sommeil,-2.0999725640724662,0.2534731849453628,Réactiver les clients,Tester une campagne de retour avec une offre ciblée,Taux de réactivation à 60 jours,2011-12-10
13263,2,35,7436.93,3,Champions,4.20815569875394,-0.08745419554687288,Maintenir une relation durable,Tester des avantages de fidélité et un accès anticipé,Taux de réachat à 90 jours,2011-12-10
12942,132,3,675.6,1,Acheteurs réguliers,-0.4020228710104805,0.6612007019028224,Entretenir la relation et développer les achats,Tester des recommandations adaptées à l'historique d'achat,Nombre de commandes par client sur 90 jours,2011-12-10
15460,355,1,214.26,2,Occasionnels en sommeil,-1.9578768643365903,0.6183516105226098,Réactiver les clients,Tester une campagne de retour avec une offre ciblée,Taux de réactivation à 60 jours,2011-12-10
17781,160,2,188.02,2,Occasionnels en sommeil,-1.3417544125499177,0.2110096300527337,Réactiver les clients,Tester une campagne de retour avec une offre ciblée,Taux de réactivation à 60 jours,2011-12-10
14052,20,1,225.36,0,Occasionnels récents,-0.8246394992990865,-1.203159091015042,Encourager un achat supplémentaire,Tester une relance après achat avec des produits complémentaires,Taux de nouvel achat à 60 jours,2011-12-10
17790,27,14,1964.3,3,Champions,1.9097835375231713,0.5439809864890237,Maintenir une relation durable,Tester des avantages de fidélité et un accès anticipé,Taux de réachat à 90 jours,2011-12-10
16826,52,1,341.7,2,Occasionnels en sommeil,-0.9908581344746058,-0.4505360977636631,Réactiver les clients,Tester une campagne de retour avec une offre ciblée,Taux de réactivation à 60 jours,2011-12-10
14569,2,1,227.39,0,Occasionnels récents,-0.05769398198667207,-2.464777187148283,Encourager un achat supplémentaire,Tester une relance après achat avec des produits complémentaires,Taux de nouvel achat à 60 jours,2011-12-10
14699,215,1,109.13000000000001,2,Occasionnels en sommeil,-2.079801760398197,0.049785503789482544,Réactiver les clients,Tester une campagne de retour avec une offre ciblée,Taux de réactivation à 60 jours,2011-12-10
13771,65,4,2634.45,1,Acheteurs réguliers,0.7191582002779748,0.7860677969909414,Entretenir la relation et développer les achats,Tester des recommandations adaptées à l'historique d'achat,Nombre de commandes par client sur 90 jours,2011-12-10
16430,58,1,300.85,2,Occasionnels en sommeil,-1.0930750648326693,-0.426995369414396,Réactiver les clients,Tester une campagne de retour avec une offre ciblée,Taux de réactivation à 60 jours,2011-12-10
14067,64,2,374.7,2,Occasionnels en sommeil,-0.6605327640498132,-0.1286827878521589,Réactiver les clients,Tester une campagne de retour avec une offre ciblée,Taux de réactivation à 60 jours,2011-12-10
15224,359,2,322.08,2,Occasionnels en sommeil,-1.4029960810907691,0.9290663962539412,Réactiver les clients,Tester une campagne de retour avec une offre ciblée,Taux de réactivation à 60 jours,2011-12-10
17948,148,1,358.56000000000006,2,Occasionnels en sommeil,-1.3732345275709625,0.2388218464875103,Réactiver les clients,Tester une campagne de retour avec une offre ciblée,Taux de réactivation à 60 jours,2011-12-10
15264,65,1,393.74,2,Occasionnels en sommeil,-1.0098076440343253,-0.2565222325621361,Réactiver les clients,Tester une campagne de retour avec une offre ciblée,Taux de réactivation à 60 jours,2011-12-10
12764,317,1,1693.88,2,Occasionnels en sommeil,-0.9352189307849712,1.295602915592368,Réactiver les clients,Tester une campagne de retour avec une offre ciblée,Taux de réactivation à 60 jours,2011-12-10
12643,129,6,3344.64,1,Acheteurs réguliers,0.870921310108846,1.4427374244117617,Entretenir la relation et développer les achats,Tester des recommandations adaptées à l'historique d'achat,Nombre de commandes par client sur 90 jours,2011-12-10
14096,5,17,65164.79,3,Champions,4.338604865166044,0.8863313623024774,Maintenir une relation durable,Tester des avantages de fidélité et un accès anticipé,Taux de réachat à 90 jours,2011-12-10
16676,34,4,1592.1200000000001,1,Acheteurs réguliers,0.729111952551232,0.19065897981351163,Entretenir la relation et développer les achats,Tester des recommandations adaptées à l'historique d'achat,Nombre de commandes par client sur 90 jours,2011-12-10
17334,303,2,307.02,2,Occasionnels en sommeil,-1.35935907395037,0.8018005524735771,Réactiver les clients,Tester une campagne de retour avec une offre ciblée,Taux de réactivation à 60 jours,2011-12-10
12881,276,1,298.0,2,Occasionnels en sommeil,-1.7037261822019443,0.5747850198622305,Réactiver les clients,Tester une campagne de retour avec une offre ciblée,Taux de réactivation à 60 jours,2011-12-10
13704,6,9,2308.06,3,Champions,2.162850471521567,-0.454237613060299,Maintenir une relation durable,Tester des avantages de fidélité et un accès anticipé,Taux de réachat à 90 jours,2011-12-10
15744,78,1,34.8,2,Occasionnels en sommeil,-2.2183663744179873,-1.0127778218126624,Réactiver les clients,Tester une campagne de retour avec une offre ciblée,Taux de réactivation à 60 jours,2011-12-10
15852,187,2,160.71,2,Occasionnels en sommeil,-1.4765123694259814,0.25502204157677577,Réactiver les clients,Tester une campagne de retour avec une offre ciblée,Taux de réactivation à 60 jours,2011-12-10
13876,64,1,122.7,2,Occasionnels en sommeil,-1.5540096176879408,-0.6885406449310381,Réactiver les clients,Tester une campagne de retour avec une offre ciblée,Taux de réactivation à 60 jours,2011-12-10
15940,312,1,35.8,2,Occasionnels en sommeil,-2.744931946606232,-0.10784821796758388,Réactiver les clients,Tester une campagne de retour avec une offre ciblée,Taux de réactivation à 60 jours,2011-12-10
15543,289,1,127.86,2,Occasionnels en sommeil,-2.120801077993051,0.29841463044619676,Réactiver les clients,Tester une campagne de retour avec une offre ciblée,Taux de réactivation à 60 jours,2011-12-10
13192,96,2,911.94,1,Acheteurs réguliers,-0.39645614825211173,0.4545066816068692,Entretenir la relation et développer les achats,Tester des recommandations adaptées à l'historique d'achat,Nombre de commandes par client sur 90 jours,2011-12-10
13178,27,11,5725.47,3,Champions,2.21503661939534,0.8472912478059731,Maintenir une relation durable,Tester des avantages de fidélité et un accès anticipé,Taux de réachat à 90 jours,2011-12-10
15541,115,1,85.13000000000001,2,Occasionnels en sommeil,-1.9526742965075938,-0.4437328736343063,Réactiver les clients,Tester une campagne de retour avec une offre ciblée,Taux de réactivation à 60 jours,2011-12-10
16351,333,1,153.9,2,Occasionnels en sommeil,-2.088900438858168,0.45718644635085,Réactiver les clients,Tester une campagne de retour avec une offre ciblée,Taux de réactivation à 60 jours,2011-12-10
18150,33,3,566.58,0,Occasionnels récents,0.04929433829928193,-0.28932075729007767,Encourager un achat supplémentaire,Tester une relance après achat avec des produits complémentaires,Taux de nouvel achat à 60 jours,2011-12-10
17131,6,5,2463.17,3,Champions,1.7316507488059771,-0.6268052727808581,Maintenir une relation durable,Tester des avantages de fidélité et un accès anticipé,Taux de réachat à 90 jours,2011-12-10
16485,78,1,363.65,2,Occasionnels en sommeil,-1.1178736142104713,-0.16849668993349665,Réactiver les clients,Tester une campagne de retour avec une offre ciblée,Taux de réactivation à 60 jours,2011-12-10
17646,220,3,1008.39,1,Acheteurs réguliers,-0.41139449896721486,1.1367971602061446,Entretenir la relation et développer les achats,Tester des recommandations adaptées à l'historique d'achat,Nombre de commandes par client sur 90 jours,2011-12-10
13600,313,1,219.52,2,Occasionnels en sommeil,-1.8972247352984106,0.5455323137688709,Réactiver les clients,Tester une campagne de retour avec une offre ciblée,Taux de réactivation à 60 jours,2011-12-10
13481,46,5,1804.56,1,Acheteurs réguliers,0.8378197820545449,0.4978493789395756,Entretenir la relation et développer les achats,Tester des recommandations adaptées à l'historique d'achat,Nombre de commandes par client sur 90 jours,2011-12-10
17528,2,8,3628.5,3,Champions,2.614094572386251,-0.8809509824215515,Maintenir une relation durable,Tester des avantages de fidélité et un accès anticipé,Taux de réachat à 90 jours,2011-12-10
14410,93,9,1100.27,1,Acheteurs réguliers,0.7937404512099039,0.9647760108645296,Entretenir la relation et développer les achats,Tester des recommandations adaptées à l'historique d'achat,Nombre de commandes par client sur 90 jours,2011-12-10
15423,39,1,43.5,2,Occasionnels en sommeil,-1.8484663410195665,-1.3760231156714675,Réactiver les clients,Tester une campagne de retour avec une offre ciblée,Taux de réactivation à 60 jours,2011-12-10
14587,19,9,1580.29,3,Champions,1.5718535636836577,0.0904407918801978,Maintenir une relation durable,Tester des avantages de fidélité et un accès anticipé,Taux de réachat à 90 jours,2011-12-10
12991,24,2,503.76,0,Occasionnels récents,-0.14600159765359935,-0.6423619111034141,Encourager un achat supplémentaire,Tester une relance après achat avec des produits complémentaires,Taux de nouvel achat à 60 jours,2011-12-10
13109,60,2,786.54,1,Acheteurs réguliers,-0.2847103427199542,0.09925921940543728,Entretenir la relation et développer les achats,Tester des recommandations adaptées à l'historique d'achat,Nombre de commandes par client sur 90 jours,2011-12-10
13859,327,1,201.16,2,Occasionnels en sommeil,-1.9555393023552878,0.5422650753939537,Réactiver les clients,Tester une campagne de retour avec une offre ciblée,Taux de réactivation à 60 jours,2011-12-10
18170,34,3,980.31,1,Acheteurs réguliers,0.29753167922482593,-0.07131798439937342,Entretenir la relation et développer les achats,Tester des recommandations adaptées à l'historique d'achat,Nombre de commandes par client sur 90 jours,2011-12-10
15644,167,4,803.54,1,Acheteurs réguliers,-0.20964531003354409,0.9617662779336071,Entretenir la relation et développer les achats,Tester des recommandations adaptées à l'historique d'achat,Nombre de commandes par client sur 90 jours,2011-12-10
16261,18,4,728.54,1,Acheteurs réguliers,0.598235419145041,-0.4905482091648743,Entretenir la relation et développer les achats,Tester des recommandations adaptées à l'historique d'achat,Nombre de commandes par client sur 90 jours,2011-12-10
16518,62,2,484.32,0,Occasionnels récents,-0.5268929369066175,-0.05586864344331498,Encourager un achat supplémentaire,Tester une relance après achat avec des produits complémentaires,Taux de nouvel achat à 60 jours,2011-12-10
14959,65,4,695.42,1,Acheteurs réguliers,0.08813537812689234,0.301956786186254,Entretenir la relation et développer les achats,Tester des recommandations adaptées à l'historique d'achat,Nombre de commandes par client sur 90 jours,2011-12-10
15790,11,1,218.75,0,Occasionnels récents,-0.6193463082771569,-1.5776967048782093,Encourager un achat supplémentaire,Tester une relance après achat avec des produits complémentaires,Taux de nouvel achat à 60 jours,2011-12-10
15815,64,5,2100.6,1,Acheteurs réguliers,0.7827209257740863,0.7638380563764771,Entretenir la relation et développer les achats,Tester des recommandations adaptées à l'historique d'achat,Nombre de commandes par client sur 90 jours,2011-12-10
15025,34,1,361.96,0,Occasionnels récents,-0.8009844223293033,-0.699361449266775,Encourager un achat supplémentaire,Tester une relance après achat avec des produits complémentaires,Taux de nouvel achat à 60 jours,2011-12-10
15440,55,3,383.68,0,Occasionnels récents,-0.33071782319726334,-0.10646161896164007,Encourager un achat supplémentaire,Tester une relance après achat avec des produits complémentaires,Taux de nouvel achat à 60 jours,2011-12-10
15903,10,7,5126.76,3,Champions,2.1621540977638345,0.04406218389812102,Maintenir une relation durable,Tester des avantages de fidélité et un accès anticipé,Taux de réachat à 90 jours,2011-12-10
16949,4,6,1286.27,3,Champions,1.6950787146443467,-1.0225045093394118,Maintenir une relation durable,Tester des avantages de fidélité et un accès anticipé,Taux de réachat à 90 jours,2011-12-10
16042,23,5,1177.47,1,Acheteurs réguliers,0.8989543248452408,-0.09421909471499884,Entretenir la relation et développer les achats,Tester des recommandations adaptées à l'historique d'achat,Nombre de commandes par client sur 90 jours,2011-12-10
13357,258,1,609.4,2,Occasionnels en sommeil,-1.339005219656069,0.7907152915869039,Réactiver les clients,Tester une campagne de retour avec une offre ciblée,Taux de réactivation à 60 jours,2011-12-10
18146,141,2,160.35000000000002,2,Occasionnels en sommeil,-1.3675802367950658,0.07180816401784375,Réactiver les clients,Tester une campagne de retour avec une offre ciblée,Taux de réactivation à 60 jours,2011-12-10
16814,15,21,6416.7,3,Champions,3.0366472444126025,0.7578158343423584,Maintenir une relation durable,Tester des avantages de fidélité et un accès anticipé,Taux de réachat à 90 jours,2011-12-10
13589,15,2,379.65,0,Occasionnels récents,-0.10488229091664321,-1.0351078698307197,Encourager un achat supplémentaire,Tester une relance après achat avec des produits complémentaires,Taux de nouvel achat à 60 jours,2011-12-10
16883,188,2,272.48,2,Occasionnels en sommeil,-1.2294630468968872,0.44959808015690983,Réactiver les clients,Tester une campagne de retour avec une offre ciblée,Taux de réactivation à 60 jours,2011-12-10
16897,300,2,289.78,2,Occasionnels en sommeil,-1.382781725241891,0.7744023937973328,Réactiver les clients,Tester une campagne de retour avec une offre ciblée,Taux de réactivation à 60 jours,2011-12-10
13329,32,2,789.0,0,Occasionnels récents,-0.042426657988803976,-0.2989520183632566,Encourager un achat supplémentaire,Tester une relance après achat avec des produits complémentaires,Taux de nouvel achat à 60 jours,2011-12-10
17340,30,11,12353.29,3,Champions,2.539716539180639,1.193147075684848,Maintenir une relation durable,Tester des avantages de fidélité et un accès anticipé,Taux de réachat à 90 jours,2011-12-10
12974,198,1,144.8,2,Occasionnels en sommeil,-1.9146379216739422,0.09856310779593186,Réactiver les clients,Tester une campagne de retour avec une offre ciblée,Taux de réactivation à 60 jours,2011-12-10
16394,57,5,1555.34,1,Acheteurs réguliers,0.684966071131176,0.5805134626106649,Entretenir la relation et développer les achats,Tester des recommandations adaptées à l'historique d'achat,Nombre de commandes par client sur 90 jours,2011-12-10
13322,18,1,199.48000000000002,0,Occasionnels récents,-0.8429784589366236,-1.312379352758679,Encourager un achat supplémentaire,Tester une relance après achat avec des produits complémentaires,Taux de nouvel achat à 60 jours,2011-12-10
18116,68,8,1403.1100000000001,1,Acheteurs réguliers,0.9348227704285562,0.8117004020808835,Entretenir la relation et développer les achats,Tester des recommandations adaptées à l'historique d'achat,Nombre de commandes par client sur 90 jours,2011-12-10
14474,47,1,547.66,0,Occasionnels récents,-0.7288736153755287,-0.3437528567079126,Encourager un achat supplémentaire,Tester une relance après achat avec des produits complémentaires,Taux de nouvel achat à 60 jours,2011-12-10
12553,9,10,3692.28,3,Champions,2.3319497177945396,-0.014935800501735097,Maintenir une relation durable,Tester des avantages de fidélité et un accès anticipé,Taux de réachat à 90 jours,2011-12-10
17545,44,3,642.32,1,Acheteurs réguliers,-0.0011798230814232741,-0.06155633961784799,Entretenir la relation et développer les achats,Tester des recommandations adaptées à l'historique d'achat,Nombre de commandes par client sur 90 jours,2011-12-10
15465,20,18,7354.62,3,Champions,2.8621387364613144,0.927881599405942,Maintenir une relation durable,Tester des avantages de fidélité et un accès anticipé,Taux de réachat à 90 jours,2011-12-10
16354,64,2,395.8,2,Occasionnels en sommeil,-0.634624643917914,-0.10880647627542796,Réactiver les clients,Tester une campagne de retour avec une offre ciblée,Taux de réactivation à 60 jours,2011-12-10
14489,208,1,463.38,2,Occasionnels en sommeil,-1.3845703713763882,0.5518358213022472,Réactiver les clients,Tester une campagne de retour avec une offre ciblée,Taux de réactivation à 60 jours,2011-12-10
17382,66,1,65.4,2,Occasionnels en sommeil,-1.8608849588770173,-0.8951589252260937,Réactiver les clients,Tester une campagne de retour avec une offre ciblée,Taux de réactivation à 60 jours,2011-12-10
15129,51,11,3447.4,3,Champions,1.7319175175495654,1.065179858829647,Maintenir une relation durable,Tester des avantages de fidélité et un accès anticipé,Taux de réachat à 90 jours,2011-12-10
14239,44,11,2380.85,3,Champions,1.6131367511981531,0.8365974674962063,Maintenir une relation durable,Tester des avantages de fidélité et un accès anticipé,Taux de réachat à 90 jours,2011-12-10
13132,262,1,77.3,2,Occasionnels en sommeil,-2.318706916481318,0.05367384451072539,Réactiver les clients,Tester une campagne de retour avec une offre ciblée,Taux de réactivation à 60 jours,2011-12-10
12721,32,6,2656.13,1,Acheteurs réguliers,1.2990552274968876,0.4677386930698424,Entretenir la relation et développer les achats,Tester des recommandations adaptées à l'historique d'achat,Nombre de commandes par client sur 90 jours,2011-12-10
12669,151,3,2744.0299999999997,1,Acheteurs réguliers,0.20966722822068184,1.2574303074123538,Entretenir la relation et développer les achats,Tester des recommandations adaptées à l'historique d'achat,Nombre de commandes par client sur 90 jours,2011-12-10
14853,25,2,475.8,0,Occasionnels récents,-0.18839418898272314,-0.637597116331109,Encourager un achat supplémentaire,Tester une relance après achat avec des produits complémentaires,Taux de nouvel achat à 60 jours,2011-12-10
13865,59,4,501.56,1,Acheteurs réguliers,-0.02919220507539862,0.12133200384569034,Entretenir la relation et développer les achats,Tester des recommandations adaptées à l'historique d'achat,Nombre de commandes par client sur 90 jours,2011-12-10
12944,36,2,604.51,0,Occasionnels récents,-0.21337583050397305,-0.32132990373439835,Encourager un achat supplémentaire,Tester une relance après achat avec des produits complémentaires,Taux de nouvel achat à 60 jours,2011-12-10
13885,190,2,506.8,2,Occasionnels en sommeil,-0.9401581169591262,0.6815559998245697,Réactiver les clients,Tester une campagne de retour avec une offre ciblée,Taux de réactivation à 60 jours,2011-12-10
18086,275,1,101.34,2,Occasionnels en sommeil,-2.2106630371384375,0.18243245989999196,Réactiver les clients,Tester une campagne de retour avec une offre ciblée,Taux de réactivation à 60 jours,2011-12-10
12704,8,8,2340.84,3,Champions,1.9757345400497588,-0.32622327410629937,Maintenir une relation durable,Tester des avantages de fidélité et un accès anticipé,Taux de réachat à 90 jours,2011-12-10
15052,320,1,207.73000000000002,2,Occasionnels en sommeil,-1.9319195824263773,0.5398764657414402,Réactiver les clients,Tester une campagne de retour avec une offre ciblée,Taux de réactivation à 60 jours,2011-12-10
15182,155,2,622.85,2,Occasionnels en sommeil,-0.7632290546942803,0.6248518808960308,Réactiver les clients,Tester une campagne de retour avec une offre ciblée,Taux de réactivation à 60 jours,2011-12-10
15980,89,3,2398.86,1,Acheteurs réguliers,0.3513634865396634,0.8678952266076255,Entretenir la relation et développer les achats,Tester des recommandations adaptées à l'historique d'achat,Nombre de commandes par client sur 90 jours,2011-12-10
15965,18,4,808.87,1,Acheteurs réguliers,0.6477646999323321,-0.4525501061729292,Entretenir la relation et développer les achats,Tester des recommandations adaptées à l'historique d'achat,Nombre de commandes par client sur 90 jours,2011-12-10
12970,8,4,405.47,0,Occasionnels récents,0.6137799439416038,-1.1890109905114763,Encourager un achat supplémentaire,Tester une relance après achat avec des produits complémentaires,Taux de nouvel achat à 60 jours,2011-12-10
13479,201,2,300.95,2,Occasionnels en sommeil,-1.208579994762866,0.5288614795211602,Réactiver les clients,Tester une campagne de retour avec une offre ciblée,Taux de réactivation à 60 jours,2011-12-10
14037,177,2,147.20000000000002,2,Occasionnels en sommeil,-1.496454212444033,0.18775836696115622,Réactiver les clients,Tester une campagne de retour avec une offre ciblée,Taux de réactivation à 60 jours,2011-12-10
14967,50,1,463.8,0,Occasionnels récents,-0.8312835836610135,-0.3646834437250618,Encourager un achat supplémentaire,Tester une relance après achat avec des produits complémentaires,Taux de nouvel achat à 60 jours,2011-12-10
14112,23,7,2915.15,3,Champions,1.5887544809394083,0.34586763141460064,Maintenir une relation durable,Tester des avantages de fidélité et un accès anticipé,Taux de réachat à 90 jours,2011-12-10
15211,61,2,894.4100000000001,1,Acheteurs réguliers,-0.2302185463691706,0.1565236170420498,Entretenir la relation et développer les achats,Tester des recommandations adaptées à l'historique d'achat,Nombre de commandes par client sur 90 jours,2011-12-10
15353,255,2,770.12,2,Occasionnels en sommeil,-0.8568854551047621,1.0239098899777772,Réactiver les clients,Tester une campagne de retour avec une offre ciblée,Taux de réactivation à 60 jours,2011-12-10
15358,5,22,8347.2,3,Champions,3.585989349391459,0.23300295275638808,Maintenir une relation durable,Tester des avantages de fidélité et un accès anticipé,Taux de réachat à 90 jours,2011-12-10
12545,76,2,1000.39,1,Acheteurs réguliers,-0.262104761363282,0.3380535126448911,Entretenir la relation et développer les achats,Tester des recommandations adaptées à l'historique d'achat,Nombre de commandes par client sur 90 jours,2011-12-10
13356,81,1,768.24,2,Occasionnels en sommeil,-0.7785475009734382,0.12726358110568683,Réactiver les clients,Tester une campagne de retour avec une offre ciblée,Taux de réactivation à 60 jours,2011-12-10
13917,50,2,272.04,0,Occasionnels récents,-0.7167941977046379,-0.40245279939587586,Encourager un achat supplémentaire,Tester une relance après achat avec des produits complémentaires,Taux de nouvel achat à 60 jours,2011-12-10
15676,19,3,3435.76,1,Acheteurs réguliers,1.1111719685262347,0.020858945696797603,Entretenir la relation et développer les achats,Tester des recommandations adaptées à l'historique d'achat,Nombre de commandes par client sur 90 jours,2011-12-10
15850,20,2,234.88,0,Occasionnels récents,-0.4383753914949829,-1.0324270570588332,Encourager un achat supplémentaire,Tester une relance après achat avec des produits complémentaires,Taux de nouvel achat à 60 jours,2011-12-10
16654,142,4,601.27,1,Acheteurs réguliers,-0.2837901008181328,0.7517048739534242,Entretenir la relation et développer les achats,Tester des recommandations adaptées à l'historique d'achat,Nombre de commandes par client sur 90 jours,2011-12-10
16244,212,2,1522.75,1,Acheteurs réguliers,-0.46187501196635405,1.152133249088497,Entretenir la relation et développer les achats,Tester des recommandations adaptées à l'historique d'achat,Nombre de commandes par client sur 90 jours,2011-12-10
13607,41,1,675.51,0,Occasionnels récents,-0.577216141237594,-0.35435393601092163,Encourager un achat supplémentaire,Tester une relance après achat avec des produits complémentaires,Taux de nouvel achat à 60 jours,2011-12-10
15027,31,4,1066.1499999999999,1,Acheteurs réguliers,0.5742435996244496,-0.013349307182901438,Entretenir la relation et développer les achats,Tester des recommandations adaptées à l'historique d'achat,Nombre de commandes par client sur 90 jours,2011-12-10
13962,22,2,169.55,0,Occasionnels récents,-0.6277960518753413,-1.0912593982800216,Encourager un achat supplémentaire,Tester une relance après achat avec des produits complémentaires,Taux de nouvel achat à 60 jours,2011-12-10
14912,17,2,867.85,0,Occasionnels récents,0.2402615422236641,-0.658340669869857,Encourager un achat supplémentaire,Tester une relance après achat avec des produits complémentaires,Taux de nouvel achat à 60 jours,2011-12-10
13618,174,1,177.34,2,Occasionnels en sommeil,-1.768744146292604,0.08830570851762409,Réactiver les clients,Tester une campagne de retour avec une offre ciblée,Taux de réactivation à 60 jours,2011-12-10
14224,111,4,1009.73,1,Acheteurs réguliers,0.05745979731136626,0.7812032544874312,Entretenir la relation et développer les achats,Tester des recommandations adaptées à l'historique d'achat,Nombre de commandes par client sur 90 jours,2011-12-10
16214,171,3,1062.75,1,Acheteurs réguliers,-0.2882723776894237,0.9929403967235156,Entretenir la relation et développer les achats,Tester des recommandations adaptées à l'historique d'achat,Nombre de commandes par client sur 90 jours,2011-12-10
15574,178,4,675.64,1,Acheteurs réguliers,-0.3165937741458676,0.9400131724172145,Entretenir la relation et développer les achats,Tester des recommandations adaptées à l'historique d'achat,Nombre de commandes par client sur 90 jours,2011-12-10
17843,304,1,205.48,2,Occasionnels en sommeil,-1.9170179117450266,0.5026993370228053,Réactiver les clients,Tester une campagne de retour avec une offre ciblée,Taux de réactivation à 60 jours,2011-12-10
18259,25,3,2338.6000000000004,1,Acheteurs réguliers,0.8260033444299854,0.05151572885794667,Entretenir la relation et développer les achats,Tester des recommandations adaptées à l'historique d'achat,Nombre de commandes par client sur 90 jours,2011-12-10
16728,47,4,1048.28,1,Acheteurs réguliers,0.40731178610532454,0.24406512769768535,Entretenir la relation et développer les achats,Tester des recommandations adaptées à l'historique d'achat,Nombre de commandes par client sur 90 jours,2011-12-10
15057,276,2,1489.5,2,Occasionnels en sommeil,-0.5753129569217361,1.3148824504682968,Réactiver les clients,Tester une campagne de retour avec une offre ciblée,Taux de réactivation à 60 jours,2011-12-10
14561,76,3,1080.76,1,Acheteurs réguliers,0.034699286440100875,0.47663966455055434,Entretenir la relation et développer les achats,Tester des recommandations adaptées à l'historique d'achat,Nombre de commandes par client sur 90 jours,2011-12-10
15347,367,1,201.60000000000002,2,Occasionnels en sommeil,-1.9996106256056132,0.6178524271264854,Réactiver les clients,Tester une campagne de retour avec une offre ciblée,Taux de réactivation à 60 jours,2011-12-10
17531,191,1,296.7,2,Occasionnels en sommeil,-1.5621314242577558,0.3349560736912488,Réactiver les clients,Tester une campagne de retour avec une offre ciblée,Taux de réactivation à 60 jours,2011-12-10
15434,9,5,1041.48,1,Acheteurs réguliers,1.1839626490091573,-0.7078867733468982,Entretenir la relation et développer les achats,Tester des recommandations adaptées à l'historique d'achat,Nombre de commandes par client sur 90 jours,2011-12-10
16971,39,1,357.21,0,Occasionnels récents,-0.8595689912707346,-0.6173562675580686,Encourager un achat supplémentaire,Tester une relance après achat avec des produits complémentaires,Taux de nouvel achat à 60 jours,2011-12-10
15920,155,4,167.5,2,Occasionnels en sommeil,-0.9218503002419312,0.344917958872924,Réactiver les clients,Tester une campagne de retour avec une offre ciblée,Taux de réactivation à 60 jours,2011-12-10
12480,29,4,3281.63,1,Acheteurs réguliers,1.132317879200735,0.353438931547969,Entretenir la relation et développer les achats,Tester des recommandations adaptées à l'historique d'achat,Nombre de commandes par client sur 90 jours,2011-12-10
12753,23,6,21429.39,3,Champions,2.4136892372237364,1.0201098810532483,Maintenir une relation durable,Tester des avantages de fidélité et un accès anticipé,Taux de réachat à 90 jours,2011-12-10
17628,82,1,75.75,2,Occasionnels en sommeil,-1.8761383380247925,-0.7032672747803779,Réactiver les clients,Tester une campagne de retour avec une offre ciblée,Taux de réactivation à 60 jours,2011-12-10
12793,335,2,545.48,2,Occasionnels en sommeil,-1.1267427651078246,1.0754111032444291,Réactiver les clients,Tester une campagne de retour avec une offre ciblée,Taux de réactivation à 60 jours,2011-12-10
17731,80,4,1240.11,1,Acheteurs réguliers,0.28183158708196815,0.6452587599176933,Entretenir la relation et développer les achats,Tester des recommandations adaptées à l'historique d'achat,Nombre de commandes par client sur 90 jours,2011-12-10
15661,318,2,309.8,2,Occasionnels en sommeil,-1.3739768630862212,0.8363757007771001,Réactiver les clients,Tester une campagne de retour avec une offre ciblée,Taux de réactivation à 60 jours,2011-12-10
15611,10,13,1591.45,3,Champions,2.1138431706807883,-0.16635743848118978,Maintenir une relation durable,Tester des avantages de fidélité et un accès anticipé,Taux de réachat à 90 jours,2011-12-10
17433,89,1,303.15999999999997,2,Occasionnels en sommeil,-1.2549726969310975,-0.14974000029072085,Réactiver les clients,Tester une campagne de retour avec une offre ciblée,Taux de réactivation à 60 jours,2011-12-10
15593,71,1,199.8,2,Occasionnels en sommeil,-1.3643974473229967,-0.44583501645610224,Réactiver les clients,Tester une campagne de retour avec une offre ciblée,Taux de réactivation à 60 jours,2011-12-10
14407,108,6,2157.73,1,Acheteurs réguliers,0.7322365877917411,1.1688373384037511,Entretenir la relation et développer les achats,Tester des recommandations adaptées à l'historique d'achat,Nombre de commandes par client sur 90 jours,2011-12-10
17738,20,4,1879.05,1,Acheteurs réguliers,1.0078542301850462,-0.08114405910443058,Entretenir la relation et développer les achats,Tester des recommandations adaptées à l'historique d'achat,Nombre de commandes par client sur 90 jours,2011-12-10
16422,18,51,34684.4,3,Champions,4.547325729675629,1.8136950960834068,Maintenir une relation durable,Tester des avantages de fidélité et un accès anticipé,Taux de réachat à 90 jours,2011-12-10
17110,166,1,163.29999999999998,2,Occasionnels en sommeil,-1.7892827487494105,0.028062775890483418,Réactiver les clients,Tester une campagne de retour avec une offre ciblée,Taux de réactivation à 60 jours,2011-12-10
16792,283,2,110.38000000000001,2,Occasionnels en sommeil,-1.8149964245204393,0.3875430986592969,Réactiver les clients,Tester une campagne de retour avec une offre ciblée,Taux de réactivation à 60 jours,2011-12-10
12738,373,1,155.35,2,Occasionnels en sommeil,-2.12881873551354,0.5341017387464323,Réactiver les clients,Tester une campagne de retour avec une offre ciblée,Taux de réactivation à 60 jours,2011-12-10
15692,29,1,191.04,0,Occasionnels récents,-1.0424014117311953,-1.031126291354036,Encourager un achat supplémentaire,Tester une relance après achat avec des produits complémentaires,Taux de nouvel achat à 60 jours,2011-12-10
15786,47,3,4919.0,1,Acheteurs réguliers,0.9381407381071005,0.7204337296453716,Entretenir la relation et développer les achats,Tester des recommandations adaptées à l'historique d'achat,Nombre de commandes par client sur 90 jours,2011-12-10
